area,time,云支付,数字货币,跨境支付平台,NFC支付,电子交易
北京,2011-01-01,0,0,0,0,0
北京,2011-01-02,0,0,0,0,57
北京,2011-01-03,0,0,0,0,0
北京,2011-01-04,0,0,0,0,59
北京,2011-01-05,0,0,0,0,0
北京,2011-01-06,0,0,0,0,57
北京,2011-01-07,0,0,0,0,57
北京,2011-01-08,0,0,0,0,57
北京,2011-01-09,0,0,0,0,57
北京,2011-01-10,0,0,0,0,57
北京,2011-01-11,0,0,0,0,59
北京,2011-01-12,0,0,0,0,57
北京,2011-01-13,0,0,0,0,59
北京,2011-01-14,0,0,0,0,0
北京,2011-01-15,0,0,0,0,0
北京,2011-01-16,0,0,0,0,0
北京,2011-01-17,0,0,0,0,57
北京,2011-01-18,0,0,0,0,57
北京,2011-01-19,0,0,0,0,0
北京,2011-01-20,0,0,0,0,0
北京,2011-01-21,0,0,0,0,61
北京,2011-01-22,0,0,0,0,57
北京,2011-01-23,0,0,0,0,57
北京,2011-01-24,0,0,0,0,57
北京,2011-01-25,0,0,0,0,0
北京,2011-01-26,0,0,0,0,0
北京,2011-01-27,0,0,0,0,57
北京,2011-01-28,0,0,0,0,59
北京,2011-01-29,0,0,0,0,0
北京,2011-01-30,0,0,0,0,0
北京,2011-01-31,0,0,0,0,57
北京,2011-02-01,0,0,0,0,0
北京,2011-02-02,0,0,0,0,0
北京,2011-02-03,0,0,0,0,0
北京,2011-02-04,0,0,0,0,0
北京,2011-02-05,0,0,0,0,0
北京,2011-02-06,0,0,0,0,57
北京,2011-02-07,0,0,0,0,0
北京,2011-02-08,0,0,0,0,59
北京,2011-02-09,0,0,0,0,57
北京,2011-02-10,0,0,0,0,57
北京,2011-02-11,0,0,0,0,0
北京,2011-02-12,0,0,0,0,0
北京,2011-02-13,0,0,0,0,0
北京,2011-02-14,0,0,0,0,59
北京,2011-02-15,0,0,0,0,0
北京,2011-02-16,0,0,0,0,59
北京,2011-02-17,0,0,0,0,0
北京,2011-02-18,0,0,0,0,0
北京,2011-02-19,0,0,0,0,59
北京,2011-02-20,0,0,0,0,57
北京,2011-02-21,0,0,0,0,57
北京,2011-02-22,0,0,0,0,57
北京,2011-02-23,0,0,0,0,0
北京,2011-02-24,0,0,0,0,0
北京,2011-02-25,0,0,0,0,61
北京,2011-02-26,0,0,0,0,0
北京,2011-02-27,0,0,0,0,59
北京,2011-02-28,0,0,0,0,0
北京,2011-03-01,0,0,0,0,59
北京,2011-03-02,0,0,0,0,57
北京,2011-03-03,0,0,0,0,59
北京,2011-03-04,0,0,0,0,57
北京,2011-03-05,0,0,0,0,57
北京,2011-03-06,0,0,0,0,57
北京,2011-03-07,0,0,0,0,57
北京,2011-03-08,0,0,0,0,0
北京,2011-03-09,0,0,0,0,59
北京,2011-03-10,0,0,0,0,59
北京,2011-03-11,0,0,0,0,0
北京,2011-03-12,0,0,0,0,0
北京,2011-03-13,0,0,0,0,0
北京,2011-03-14,0,0,0,0,59
北京,2011-03-15,0,0,0,0,61
北京,2011-03-16,0,0,0,0,0
北京,2011-03-17,0,0,0,0,59
北京,2011-03-18,0,0,0,0,0
北京,2011-03-19,0,0,0,0,0
北京,2011-03-20,0,0,0,0,0
北京,2011-03-21,0,0,0,0,57
北京,2011-03-22,0,0,0,0,63
北京,2011-03-23,0,0,0,0,0
北京,2011-03-24,0,0,0,0,0
北京,2011-03-25,0,0,0,0,0
北京,2011-03-26,0,0,0,0,57
北京,2011-03-27,0,0,0,0,57
北京,2011-03-28,0,0,0,0,0
北京,2011-03-29,0,0,0,0,0
北京,2011-03-30,0,0,0,0,61
北京,2011-03-31,0,0,0,0,0
北京,2011-04-01,0,0,0,0,0
北京,2011-04-02,0,0,0,0,0
北京,2011-04-03,0,0,0,0,0
北京,2011-04-04,0,0,0,0,0
北京,2011-04-05,0,0,0,0,0
北京,2011-04-06,0,0,0,0,57
北京,2011-04-07,0,0,0,0,57
北京,2011-04-08,0,0,0,0,57
北京,2011-04-09,0,0,0,0,0
北京,2011-04-10,0,0,0,0,59
北京,2011-04-11,0,0,0,0,57
北京,2011-04-12,0,0,0,0,57
北京,2011-04-13,0,0,0,0,57
北京,2011-04-14,0,0,0,0,57
北京,2011-04-15,0,0,0,0,61
北京,2011-04-16,0,0,0,0,57
北京,2011-04-17,0,0,0,0,0
北京,2011-04-18,0,0,0,0,57
北京,2011-04-19,0,0,0,0,0
北京,2011-04-20,0,0,0,0,0
北京,2011-04-21,0,0,0,0,68
北京,2011-04-22,0,0,0,0,59
北京,2011-04-23,0,0,0,0,0
北京,2011-04-24,0,0,0,0,57
北京,2011-04-25,0,0,0,0,0
北京,2011-04-26,0,0,0,0,59
北京,2011-04-27,0,0,0,0,63
北京,2011-04-28,0,0,0,0,0
北京,2011-04-29,0,0,0,0,0
北京,2011-04-30,0,0,0,0,57
北京,2011-05-01,0,0,0,0,0
北京,2011-05-02,0,0,0,0,0
北京,2011-05-03,0,0,0,0,57
北京,2011-05-04,0,0,0,0,0
北京,2011-05-05,0,0,0,0,57
北京,2011-05-06,0,0,0,0,57
北京,2011-05-07,0,0,0,0,57
北京,2011-05-08,0,0,0,0,57
北京,2011-05-09,0,0,0,0,59
北京,2011-05-10,0,0,0,0,59
北京,2011-05-11,0,0,0,0,61
北京,2011-05-12,0,0,0,0,59
北京,2011-05-13,0,0,0,0,57
北京,2011-05-14,0,0,0,0,0
北京,2011-05-15,0,0,0,0,0
北京,2011-05-16,0,0,0,0,61
北京,2011-05-17,0,0,0,0,57
北京,2011-05-18,0,0,0,0,63
北京,2011-05-19,0,0,0,0,0
北京,2011-05-20,0,0,0,0,0
北京,2011-05-21,0,0,0,0,0
北京,2011-05-22,0,0,0,0,0
北京,2011-05-23,0,0,0,0,0
北京,2011-05-24,0,0,0,0,0
北京,2011-05-25,0,0,0,0,59
北京,2011-05-26,0,0,0,0,59
北京,2011-05-27,0,0,0,0,57
北京,2011-05-28,0,0,0,0,0
北京,2011-05-29,0,0,0,0,0
北京,2011-05-30,0,0,0,0,0
北京,2011-05-31,0,0,0,0,59
北京,2011-06-01,0,0,0,0,0
北京,2011-06-02,0,0,0,0,59
北京,2011-06-03,0,0,0,0,61
北京,2011-06-04,0,0,0,0,0
北京,2011-06-05,0,0,0,0,0
北京,2011-06-06,0,0,0,0,59
北京,2011-06-07,0,0,0,0,0
北京,2011-06-08,0,0,0,0,59
北京,2011-06-09,0,0,0,0,61
北京,2011-06-10,0,0,0,0,57
北京,2011-06-11,0,0,0,0,0
北京,2011-06-12,0,0,0,0,0
北京,2011-06-13,0,0,0,0,59
北京,2011-06-14,0,0,0,0,0
北京,2011-06-15,0,0,0,0,57
北京,2011-06-16,0,0,0,0,57
北京,2011-06-17,0,0,0,0,57
北京,2011-06-18,0,0,0,0,0
北京,2011-06-19,0,0,0,0,0
北京,2011-06-20,0,0,0,0,59
北京,2011-06-21,0,0,0,0,57
北京,2011-06-22,0,0,0,0,57
北京,2011-06-23,0,0,0,0,0
北京,2011-06-24,0,0,0,0,0
北京,2011-06-25,0,0,0,0,0
北京,2011-06-26,0,0,0,0,0
北京,2011-06-27,0,0,0,0,0
北京,2011-06-28,0,0,0,0,0
北京,2011-06-29,0,0,0,0,59
北京,2011-06-30,0,0,0,0,0
北京,2011-07-01,0,0,0,0,59
北京,2011-07-02,0,0,0,0,0
北京,2011-07-03,0,0,0,0,0
北京,2011-07-04,0,0,0,0,57
北京,2011-07-05,0,0,0,0,57
北京,2011-07-06,0,0,0,0,0
北京,2011-07-07,0,0,0,0,0
北京,2011-07-08,0,0,0,0,0
北京,2011-07-09,0,0,0,0,0
北京,2011-07-10,0,0,0,0,0
北京,2011-07-11,0,0,0,0,57
北京,2011-07-12,0,0,0,0,0
北京,2011-07-13,0,0,0,0,57
北京,2011-07-14,0,0,0,0,0
北京,2011-07-15,0,0,0,0,0
北京,2011-07-16,0,0,0,0,0
北京,2011-07-17,0,0,0,0,0
北京,2011-07-18,0,0,0,0,59
北京,2011-07-19,0,0,0,0,59
北京,2011-07-20,0,0,0,0,68
北京,2011-07-21,0,0,0,0,57
北京,2011-07-22,0,0,0,0,57
北京,2011-07-23,0,0,0,0,0
北京,2011-07-24,0,0,0,0,0
北京,2011-07-25,0,0,0,0,0
北京,2011-07-26,0,0,0,0,0
北京,2011-07-27,0,0,0,0,57
北京,2011-07-28,0,0,0,0,59
北京,2011-07-29,0,0,0,0,59
北京,2011-07-30,0,0,0,0,57
北京,2011-07-31,0,0,0,0,0
北京,2011-08-01,0,0,0,0,0
北京,2011-08-02,0,0,0,0,57
北京,2011-08-03,0,0,0,0,61
北京,2011-08-04,0,0,0,0,0
北京,2011-08-05,0,0,0,0,0
北京,2011-08-06,0,0,0,0,0
北京,2011-08-07,0,0,0,0,0
北京,2011-08-08,0,0,0,0,0
北京,2011-08-09,0,0,0,0,59
北京,2011-08-10,0,0,0,0,0
北京,2011-08-11,0,0,0,0,57
北京,2011-08-12,0,0,0,0,59
北京,2011-08-13,0,0,0,0,0
北京,2011-08-14,0,0,0,0,0
北京,2011-08-15,0,0,0,0,0
北京,2011-08-16,0,0,0,0,57
北京,2011-08-17,0,0,0,0,57
北京,2011-08-18,0,0,0,0,59
北京,2011-08-19,0,0,0,0,59
北京,2011-08-20,0,0,0,0,0
北京,2011-08-21,0,0,0,0,0
北京,2011-08-22,0,0,0,0,63
北京,2011-08-23,0,0,0,0,63
北京,2011-08-24,0,0,0,0,63
北京,2011-08-25,0,0,0,0,57
北京,2011-08-26,0,0,0,0,59
北京,2011-08-27,0,0,0,0,57
北京,2011-08-28,0,0,0,0,63
北京,2011-08-29,0,0,0,0,0
北京,2011-08-30,0,0,0,0,59
北京,2011-08-31,0,0,0,0,0
北京,2011-09-01,0,0,0,0,57
北京,2011-09-02,0,0,0,0,57
北京,2011-09-03,0,0,0,0,0
北京,2011-09-04,0,0,0,0,0
北京,2011-09-05,0,0,0,0,59
北京,2011-09-06,0,0,0,0,57
北京,2011-09-07,0,0,0,0,57
北京,2011-09-08,0,0,0,0,0
北京,2011-09-09,0,0,0,0,0
北京,2011-09-10,0,0,0,0,57
北京,2011-09-11,0,0,0,0,0
北京,2011-09-12,0,0,0,0,57
北京,2011-09-13,0,0,0,0,59
北京,2011-09-14,0,0,0,0,57
北京,2011-09-15,0,0,0,0,59
北京,2011-09-16,0,0,0,0,0
北京,2011-09-17,0,0,0,0,0
北京,2011-09-18,0,0,0,0,0
北京,2011-09-19,0,0,0,0,0
北京,2011-09-20,0,0,0,0,57
北京,2011-09-21,0,0,0,0,59
北京,2011-09-22,0,0,0,0,57
北京,2011-09-23,0,0,0,0,0
北京,2011-09-24,0,0,0,0,0
北京,2011-09-25,0,0,0,0,0
北京,2011-09-26,0,0,0,0,0
北京,2011-09-27,0,0,0,0,59
北京,2011-09-28,0,0,0,0,57
北京,2011-09-29,0,0,0,0,57
北京,2011-09-30,0,0,0,0,57
北京,2011-10-01,0,0,0,0,0
北京,2011-10-02,0,0,0,0,0
北京,2011-10-03,0,0,0,0,0
北京,2011-10-04,0,0,0,0,57
北京,2011-10-05,0,0,0,0,0
北京,2011-10-06,0,0,0,0,0
北京,2011-10-07,0,0,0,0,0
北京,2011-10-08,0,0,0,0,57
北京,2011-10-09,0,0,0,0,57
北京,2011-10-10,0,0,0,0,57
北京,2011-10-11,0,0,0,0,0
北京,2011-10-12,0,0,0,0,57
北京,2011-10-13,0,0,0,0,0
北京,2011-10-14,0,0,0,0,61
北京,2011-10-15,0,0,0,0,57
北京,2011-10-16,0,0,0,0,0
北京,2011-10-17,0,0,0,0,59
北京,2011-10-18,0,0,0,0,57
北京,2011-10-19,0,0,0,0,57
北京,2011-10-20,0,0,0,0,0
北京,2011-10-21,0,0,0,0,61
北京,2011-10-22,0,0,0,0,57
北京,2011-10-23,0,0,0,0,0
北京,2011-10-24,0,0,0,0,57
北京,2011-10-25,0,0,0,0,63
北京,2011-10-26,0,0,0,0,59
北京,2011-10-27,0,0,0,0,0
北京,2011-10-28,0,0,0,0,59
北京,2011-10-29,0,0,0,0,57
北京,2011-10-30,0,0,0,0,0
北京,2011-10-31,0,0,0,0,59
北京,2011-11-01,0,0,0,0,63
北京,2011-11-02,0,0,0,0,0
北京,2011-11-03,0,0,0,0,0
北京,2011-11-04,0,0,0,0,0
北京,2011-11-05,0,0,0,0,0
北京,2011-11-06,0,0,0,0,59
北京,2011-11-07,0,0,0,0,57
北京,2011-11-08,0,0,0,0,0
北京,2011-11-09,0,0,0,0,57
北京,2011-11-10,0,0,0,0,0
北京,2011-11-11,0,0,0,0,59
北京,2011-11-12,0,0,0,0,0
北京,2011-11-13,0,0,0,0,0
北京,2011-11-14,0,0,0,0,0
北京,2011-11-15,0,0,0,0,57
北京,2011-11-16,0,0,0,0,0
北京,2011-11-17,0,0,0,0,0
北京,2011-11-18,0,0,0,0,59
北京,2011-11-19,0,0,0,0,0
北京,2011-11-20,0,0,0,0,61
北京,2011-11-21,0,0,0,0,0
北京,2011-11-22,0,0,0,0,59
北京,2011-11-23,0,0,0,0,57
北京,2011-11-24,0,0,0,0,63
北京,2011-11-25,0,0,0,0,59
北京,2011-11-26,0,0,0,0,57
北京,2011-11-27,0,0,0,0,59
北京,2011-11-28,0,0,0,0,0
北京,2011-11-29,0,0,0,0,57
北京,2011-11-30,0,0,0,0,0
北京,2011-12-01,0,0,0,0,59
北京,2011-12-02,0,0,0,0,57
北京,2011-12-03,0,0,0,0,57
北京,2011-12-04,0,0,0,0,0
北京,2011-12-05,0,0,0,0,57
北京,2011-12-06,0,0,0,0,0
北京,2011-12-07,0,0,0,0,61
北京,2011-12-08,0,0,0,0,57
北京,2011-12-09,0,0,0,0,57
北京,2011-12-10,0,0,0,0,0
北京,2011-12-11,0,0,0,0,0
北京,2011-12-12,0,0,0,0,0
北京,2011-12-13,0,0,0,0,61
北京,2011-12-14,0,0,0,0,59
北京,2011-12-15,0,0,0,0,57
北京,2011-12-16,0,0,0,0,59
北京,2011-12-17,0,0,0,0,0
北京,2011-12-18,0,0,0,0,0
北京,2011-12-19,0,0,0,0,0
北京,2011-12-20,0,0,0,0,57
北京,2011-12-21,0,0,0,0,59
北京,2011-12-22,0,0,0,0,59
北京,2011-12-23,0,0,0,0,57
北京,2011-12-24,0,0,0,0,59
北京,2011-12-25,0,0,0,0,0
北京,2011-12-26,0,0,0,0,57
北京,2011-12-27,0,0,0,0,57
北京,2011-12-28,0,0,0,0,0
北京,2011-12-29,0,0,0,0,57
北京,2011-12-30,0,0,0,0,57
北京,2011-12-31,0,0,0,0,0
北京,2012-01-01,0,0,0,0,57
北京,2012-01-02,0,0,0,0,0
北京,2012-01-03,0,0,0,0,0
北京,2012-01-04,0,0,0,0,70
北京,2012-01-05,0,0,0,0,0
北京,2012-01-06,0,0,0,0,0
北京,2012-01-07,0,0,0,0,59
北京,2012-01-08,0,0,0,0,72
北京,2012-01-09,0,0,0,0,72
北京,2012-01-10,0,0,0,0,57
北京,2012-01-11,0,0,0,0,0
北京,2012-01-12,0,0,0,0,0
北京,2012-01-13,0,0,0,0,0
北京,2012-01-14,0,0,0,0,0
北京,2012-01-15,0,0,0,0,59
北京,2012-01-16,0,0,0,0,0
北京,2012-01-17,0,0,0,0,0
北京,2012-01-18,0,0,0,0,0
北京,2012-01-19,0,0,0,0,0
北京,2012-01-20,0,0,0,0,0
北京,2012-01-21,0,0,0,0,0
北京,2012-01-22,0,0,0,0,0
北京,2012-01-23,0,0,0,0,0
北京,2012-01-24,0,0,0,0,0
北京,2012-01-25,0,0,0,0,0
北京,2012-01-26,0,0,0,0,0
北京,2012-01-27,0,0,0,0,0
北京,2012-01-28,0,0,0,0,0
北京,2012-01-29,0,0,0,0,59
北京,2012-01-30,0,0,0,0,61
北京,2012-01-31,0,0,0,0,59
北京,2012-02-01,0,0,0,0,61
北京,2012-02-02,0,0,0,0,61
北京,2012-02-03,0,0,0,0,59
北京,2012-02-04,0,0,0,0,59
北京,2012-02-05,0,0,0,0,57
北京,2012-02-06,0,0,0,0,57
北京,2012-02-07,0,0,0,0,57
北京,2012-02-08,0,0,0,0,59
北京,2012-02-09,0,0,0,0,57
北京,2012-02-10,0,0,0,0,0
北京,2012-02-11,0,0,0,0,57
北京,2012-02-12,0,0,0,0,57
北京,2012-02-13,0,0,0,0,57
北京,2012-02-14,0,0,0,0,57
北京,2012-02-15,0,0,0,0,0
北京,2012-02-16,0,0,0,0,0
北京,2012-02-17,0,0,0,0,70
北京,2012-02-18,0,0,0,0,59
北京,2012-02-19,0,0,0,0,0
北京,2012-02-20,0,0,0,0,66
北京,2012-02-21,0,0,0,0,57
北京,2012-02-22,0,0,0,0,57
北京,2012-02-23,0,0,0,0,57
北京,2012-02-24,0,0,0,0,59
北京,2012-02-25,0,0,0,0,57
北京,2012-02-26,0,0,0,0,0
北京,2012-02-27,0,0,0,0,63
北京,2012-02-28,0,0,0,0,57
北京,2012-02-29,0,0,0,0,63
北京,2012-03-01,0,0,0,0,57
北京,2012-03-02,0,0,0,0,0
北京,2012-03-03,0,0,0,0,0
北京,2012-03-04,0,0,0,0,0
北京,2012-03-05,0,0,0,0,0
北京,2012-03-06,0,0,0,0,57
北京,2012-03-07,0,0,0,0,59
北京,2012-03-08,0,0,0,0,57
北京,2012-03-09,0,0,0,0,0
北京,2012-03-10,0,0,0,0,57
北京,2012-03-11,0,0,0,0,57
北京,2012-03-12,0,0,0,0,59
北京,2012-03-13,0,0,0,0,57
北京,2012-03-14,0,0,0,0,61
北京,2012-03-15,0,0,0,0,57
北京,2012-03-16,0,0,0,0,0
北京,2012-03-17,0,0,0,0,57
北京,2012-03-18,0,0,0,0,57
北京,2012-03-19,0,0,0,0,57
北京,2012-03-20,0,0,0,0,0
北京,2012-03-21,0,0,0,0,0
北京,2012-03-22,0,0,0,0,0
北京,2012-03-23,0,0,0,0,57
北京,2012-03-24,0,0,0,0,57
北京,2012-03-25,0,0,0,0,57
北京,2012-03-26,0,0,0,0,57
北京,2012-03-27,0,0,0,0,63
北京,2012-03-28,0,0,0,0,57
北京,2012-03-29,0,0,0,0,0
北京,2012-03-30,0,0,0,0,59
北京,2012-03-31,0,0,0,0,0
北京,2012-04-01,0,0,0,0,0
北京,2012-04-02,0,0,0,0,57
北京,2012-04-03,0,0,0,0,57
北京,2012-04-04,0,0,0,0,0
北京,2012-04-05,0,0,0,0,59
北京,2012-04-06,0,0,0,0,57
北京,2012-04-07,0,0,0,0,0
北京,2012-04-08,0,0,0,0,57
北京,2012-04-09,0,0,0,0,57
北京,2012-04-10,0,0,0,0,0
北京,2012-04-11,0,0,0,0,59
北京,2012-04-12,0,0,0,0,59
北京,2012-04-13,0,0,0,0,57
北京,2012-04-14,0,0,0,0,57
北京,2012-04-15,0,0,0,0,0
北京,2012-04-16,0,0,0,0,57
北京,2012-04-17,0,0,0,0,57
北京,2012-04-18,0,0,0,0,0
北京,2012-04-19,0,0,0,0,57
北京,2012-04-20,0,0,0,0,59
北京,2012-04-21,0,0,0,0,57
北京,2012-04-22,0,0,0,0,63
北京,2012-04-23,0,0,0,0,68
北京,2012-04-24,0,0,0,0,0
北京,2012-04-25,0,0,0,0,57
北京,2012-04-26,0,0,0,0,57
北京,2012-04-27,0,0,0,0,0
北京,2012-04-28,0,0,0,0,0
北京,2012-04-29,0,0,0,0,0
北京,2012-04-30,0,0,0,0,57
北京,2012-05-01,0,0,0,0,57
北京,2012-05-02,0,0,0,0,57
北京,2012-05-03,0,0,0,0,61
北京,2012-05-04,0,0,0,0,57
北京,2012-05-05,0,0,0,0,61
北京,2012-05-06,0,0,0,0,0
北京,2012-05-07,0,0,0,0,57
北京,2012-05-08,0,0,0,0,0
北京,2012-05-09,0,0,0,0,0
北京,2012-05-10,0,0,0,0,57
北京,2012-05-11,0,0,0,0,57
北京,2012-05-12,0,0,0,0,59
北京,2012-05-13,0,0,0,0,57
北京,2012-05-14,0,0,0,0,57
北京,2012-05-15,0,0,0,0,57
北京,2012-05-16,0,0,0,0,0
北京,2012-05-17,0,0,0,0,57
北京,2012-05-18,0,0,0,0,0
北京,2012-05-19,0,0,0,0,57
北京,2012-05-20,0,0,0,0,0
北京,2012-05-21,0,0,0,0,0
北京,2012-05-22,0,0,0,0,63
北京,2012-05-23,0,0,0,0,59
北京,2012-05-24,0,0,0,0,57
北京,2012-05-25,0,0,0,0,57
北京,2012-05-26,0,0,0,0,0
北京,2012-05-27,0,0,0,0,0
北京,2012-05-28,0,0,0,0,57
北京,2012-05-29,0,0,0,0,0
北京,2012-05-30,0,0,0,0,57
北京,2012-05-31,0,0,0,0,61
北京,2012-06-01,0,0,0,0,57
北京,2012-06-02,0,0,0,0,57
北京,2012-06-03,0,0,0,0,59
北京,2012-06-04,0,0,0,0,57
北京,2012-06-05,0,0,0,0,57
北京,2012-06-06,0,0,0,0,57
北京,2012-06-07,0,0,0,0,57
北京,2012-06-08,0,0,0,0,0
北京,2012-06-09,0,0,0,0,57
北京,2012-06-10,0,0,0,0,57
北京,2012-06-11,0,0,0,0,59
北京,2012-06-12,0,0,0,0,57
北京,2012-06-13,0,0,0,0,0
北京,2012-06-14,0,0,0,0,57
北京,2012-06-15,0,0,0,0,59
北京,2012-06-16,0,0,0,0,0
北京,2012-06-17,0,0,0,0,0
北京,2012-06-18,0,0,0,0,59
北京,2012-06-19,0,0,0,0,59
北京,2012-06-20,0,0,0,0,0
北京,2012-06-21,0,0,0,0,59
北京,2012-06-22,0,0,0,0,0
北京,2012-06-23,0,0,0,0,57
北京,2012-06-24,0,0,0,0,0
北京,2012-06-25,0,0,0,0,0
北京,2012-06-26,0,0,0,0,59
北京,2012-06-27,0,0,0,0,57
北京,2012-06-28,0,0,0,0,57
北京,2012-06-29,0,0,0,0,0
北京,2012-06-30,0,0,0,0,0
北京,2012-07-01,0,0,0,0,0
北京,2012-07-02,0,0,0,0,0
北京,2012-07-03,0,0,0,0,57
北京,2012-07-04,0,0,0,0,57
北京,2012-07-05,0,0,0,0,61
北京,2012-07-06,0,0,0,0,57
北京,2012-07-07,0,0,0,0,57
北京,2012-07-08,0,0,0,0,0
北京,2012-07-09,0,0,0,0,57
北京,2012-07-10,0,0,0,0,0
北京,2012-07-11,0,0,0,0,0
北京,2012-07-12,0,0,0,0,59
北京,2012-07-13,0,0,0,0,0
北京,2012-07-14,0,0,0,0,0
北京,2012-07-15,0,0,0,0,0
北京,2012-07-16,0,0,0,0,0
北京,2012-07-17,0,0,0,0,0
北京,2012-07-18,0,0,0,0,57
北京,2012-07-19,0,0,0,0,0
北京,2012-07-20,0,0,0,0,57
北京,2012-07-21,0,0,0,0,0
北京,2012-07-22,0,0,0,0,0
北京,2012-07-23,0,0,0,0,59
北京,2012-07-24,0,0,0,0,57
北京,2012-07-25,0,0,0,0,57
北京,2012-07-26,0,0,0,0,59
北京,2012-07-27,0,0,0,0,57
北京,2012-07-28,0,0,0,0,0
北京,2012-07-29,0,0,0,0,0
北京,2012-07-30,0,0,0,0,57
北京,2012-07-31,0,0,0,0,66
北京,2012-08-01,0,0,0,0,57
北京,2012-08-02,0,0,0,0,57
北京,2012-08-03,0,0,0,0,0
北京,2012-08-04,0,0,0,0,59
北京,2012-08-05,0,0,0,0,57
北京,2012-08-06,0,0,0,0,57
北京,2012-08-07,0,0,0,0,57
北京,2012-08-08,0,0,0,0,0
北京,2012-08-09,0,0,0,0,0
北京,2012-08-10,0,0,0,0,0
北京,2012-08-11,0,0,0,0,0
北京,2012-08-12,0,0,0,0,0
北京,2012-08-13,0,0,0,0,0
北京,2012-08-14,0,0,0,0,0
北京,2012-08-15,0,0,0,0,63
北京,2012-08-16,0,0,0,0,57
北京,2012-08-17,0,0,0,0,57
北京,2012-08-18,0,0,0,0,0
北京,2012-08-19,0,0,0,0,0
北京,2012-08-20,0,0,0,0,59
北京,2012-08-21,0,0,0,0,0
北京,2012-08-22,0,0,0,0,57
北京,2012-08-23,0,0,0,0,0
北京,2012-08-24,0,0,0,0,61
北京,2012-08-25,0,0,0,0,0
北京,2012-08-26,0,0,0,0,0
北京,2012-08-27,0,0,0,0,57
北京,2012-08-28,0,0,0,0,61
北京,2012-08-29,0,0,0,0,57
北京,2012-08-30,0,0,0,0,0
北京,2012-08-31,0,0,0,0,59
北京,2012-09-01,0,0,0,0,0
北京,2012-09-02,0,0,0,0,0
北京,2012-09-03,0,0,0,0,57
北京,2012-09-04,0,0,0,0,0
北京,2012-09-05,0,0,0,0,57
北京,2012-09-06,0,0,0,0,57
北京,2012-09-07,0,0,0,0,57
北京,2012-09-08,0,0,0,0,0
北京,2012-09-09,0,0,0,0,0
北京,2012-09-10,0,0,0,0,0
北京,2012-09-11,0,0,0,0,0
北京,2012-09-12,0,0,0,0,0
北京,2012-09-13,0,0,0,0,57
北京,2012-09-14,0,0,0,0,0
北京,2012-09-15,0,0,0,0,0
北京,2012-09-16,0,0,0,0,57
北京,2012-09-17,0,0,0,0,57
北京,2012-09-18,0,0,0,0,57
北京,2012-09-19,0,0,0,0,57
北京,2012-09-20,0,0,0,0,0
北京,2012-09-21,0,0,0,0,57
北京,2012-09-22,0,0,0,0,0
北京,2012-09-23,0,0,0,0,0
北京,2012-09-24,0,0,0,0,57
北京,2012-09-25,0,0,0,0,57
北京,2012-09-26,0,0,0,0,59
北京,2012-09-27,0,0,0,0,57
北京,2012-09-28,0,0,0,0,0
北京,2012-09-29,0,0,0,0,0
北京,2012-09-30,0,0,0,0,0
北京,2012-10-01,0,0,0,0,0
北京,2012-10-02,0,0,0,0,0
北京,2012-10-03,0,0,0,0,0
北京,2012-10-04,0,0,0,0,0
北京,2012-10-05,0,0,0,0,0
北京,2012-10-06,0,0,0,0,0
北京,2012-10-07,0,0,0,0,0
北京,2012-10-08,0,0,0,0,57
北京,2012-10-09,0,0,0,0,0
北京,2012-10-10,0,0,0,0,59
北京,2012-10-11,0,0,0,0,61
北京,2012-10-12,0,0,0,0,57
北京,2012-10-13,0,0,0,0,57
北京,2012-10-14,0,0,0,0,0
北京,2012-10-15,0,0,0,0,0
北京,2012-10-16,0,0,0,0,59
北京,2012-10-17,0,0,0,0,0
北京,2012-10-18,0,0,0,0,0
北京,2012-10-19,0,0,0,0,0
北京,2012-10-20,0,0,0,0,0
北京,2012-10-21,0,0,0,0,0
北京,2012-10-22,0,0,0,0,59
北京,2012-10-23,0,0,0,0,0
北京,2012-10-24,0,0,0,0,0
北京,2012-10-25,0,0,0,0,0
北京,2012-10-26,0,0,0,0,0
北京,2012-10-27,0,0,0,0,0
北京,2012-10-28,0,0,0,0,0
北京,2012-10-29,0,0,0,0,0
北京,2012-10-30,0,0,0,0,57
北京,2012-10-31,0,0,0,0,0
北京,2012-11-01,0,0,0,0,0
北京,2012-11-02,0,0,0,0,0
北京,2012-11-03,0,0,0,0,0
北京,2012-11-04,0,0,0,0,0
北京,2012-11-05,0,0,0,0,0
北京,2012-11-06,0,0,0,0,0
北京,2012-11-07,0,0,0,0,0
北京,2012-11-08,0,0,0,0,0
北京,2012-11-09,0,0,0,0,57
北京,2012-11-10,0,0,0,0,57
北京,2012-11-11,0,0,0,0,0
北京,2012-11-12,0,0,0,0,0
北京,2012-11-13,0,0,0,0,0
北京,2012-11-14,0,0,0,0,0
北京,2012-11-15,0,0,0,0,57
北京,2012-11-16,0,0,0,0,0
北京,2012-11-17,0,0,0,0,0
北京,2012-11-18,0,0,0,0,0
北京,2012-11-19,0,0,0,0,57
北京,2012-11-20,0,0,0,0,57
北京,2012-11-21,0,0,0,0,0
北京,2012-11-22,0,0,0,0,57
北京,2012-11-23,0,0,0,0,57
北京,2012-11-24,0,0,0,0,0
北京,2012-11-25,0,0,0,0,57
北京,2012-11-26,0,0,0,0,64
北京,2012-11-27,0,0,0,0,0
北京,2012-11-28,0,0,0,0,57
北京,2012-11-29,0,0,0,0,57
北京,2012-11-30,0,0,0,0,0
北京,2012-12-01,0,0,0,0,0
北京,2012-12-02,0,0,0,0,0
北京,2012-12-03,0,0,0,0,0
北京,2012-12-04,0,0,0,0,0
北京,2012-12-05,0,0,0,0,0
北京,2012-12-06,0,0,0,0,57
北京,2012-12-07,0,0,0,0,0
北京,2012-12-08,0,0,0,0,57
北京,2012-12-09,0,0,0,0,0
北京,2012-12-10,0,0,0,0,0
北京,2012-12-11,0,0,0,0,0
北京,2012-12-12,0,0,0,0,57
北京,2012-12-13,0,0,0,0,57
北京,2012-12-14,0,0,0,0,0
北京,2012-12-15,0,0,0,0,57
北京,2012-12-16,0,0,0,0,0
北京,2012-12-17,0,0,0,0,0
北京,2012-12-18,0,0,0,0,57
北京,2012-12-19,0,0,0,0,59
北京,2012-12-20,0,0,0,0,59
北京,2012-12-21,0,0,0,0,0
北京,2012-12-22,0,0,0,0,0
北京,2012-12-23,0,0,0,0,0
北京,2012-12-24,0,0,0,0,61
北京,2012-12-25,0,0,0,0,0
北京,2012-12-26,0,0,0,0,57
北京,2012-12-27,0,0,0,0,0
北京,2012-12-28,0,0,0,0,57
北京,2012-12-29,0,0,0,0,57
北京,2012-12-30,0,0,0,0,0
北京,2012-12-31,0,0,0,0,0
北京,2013-01-01,0,0,0,0,59
北京,2013-01-02,0,0,0,0,0
北京,2013-01-03,0,0,0,0,0
北京,2013-01-04,0,0,0,0,0
北京,2013-01-05,0,0,0,0,57
北京,2013-01-06,0,0,0,0,0
北京,2013-01-07,0,0,0,0,57
北京,2013-01-08,0,0,0,0,57
北京,2013-01-09,0,0,0,0,0
北京,2013-01-10,0,0,0,0,57
北京,2013-01-11,0,0,0,0,0
北京,2013-01-12,0,0,0,0,0
北京,2013-01-13,0,0,0,0,0
北京,2013-01-14,0,0,0,0,0
北京,2013-01-15,0,0,0,0,0
北京,2013-01-16,0,0,0,0,61
北京,2013-01-17,0,0,0,0,59
北京,2013-01-18,0,0,0,0,57
北京,2013-01-19,0,0,0,0,0
北京,2013-01-20,0,0,0,0,0
北京,2013-01-21,0,0,0,0,57
北京,2013-01-22,0,0,0,0,0
北京,2013-01-23,0,0,0,0,0
北京,2013-01-24,0,0,0,0,0
北京,2013-01-25,0,0,0,0,0
北京,2013-01-26,0,0,0,0,0
北京,2013-01-27,0,0,0,0,0
北京,2013-01-28,0,0,0,0,0
北京,2013-01-29,0,0,0,0,0
北京,2013-01-30,0,0,0,0,61
北京,2013-01-31,0,0,0,0,0
北京,2013-02-01,0,0,0,0,57
北京,2013-02-02,0,0,0,0,57
北京,2013-02-03,0,0,0,0,0
北京,2013-02-04,0,0,0,0,0
北京,2013-02-05,0,0,0,0,0
北京,2013-02-06,0,0,0,0,0
北京,2013-02-07,0,0,0,0,0
北京,2013-02-08,0,0,0,0,0
北京,2013-02-09,0,0,0,0,0
北京,2013-02-10,0,0,0,0,0
北京,2013-02-11,0,0,0,0,0
北京,2013-02-12,0,0,0,0,57
北京,2013-02-13,0,0,0,0,0
北京,2013-02-14,0,0,0,0,0
北京,2013-02-15,0,0,0,0,0
北京,2013-02-16,0,0,0,0,0
北京,2013-02-17,0,0,0,0,0
北京,2013-02-18,0,0,0,0,0
北京,2013-02-19,0,0,0,0,57
北京,2013-02-20,0,0,0,0,0
北京,2013-02-21,0,0,0,0,57
北京,2013-02-22,0,0,0,0,57
北京,2013-02-23,0,0,0,0,0
北京,2013-02-24,0,0,0,0,0
北京,2013-02-25,0,0,0,0,61
北京,2013-02-26,0,0,0,0,57
北京,2013-02-27,0,0,0,0,57
北京,2013-02-28,0,0,0,0,57
北京,2013-03-01,0,0,0,0,0
北京,2013-03-02,0,0,0,0,0
北京,2013-03-03,0,0,0,0,0
北京,2013-03-04,0,0,0,0,0
北京,2013-03-05,0,0,0,0,0
北京,2013-03-06,0,0,0,0,0
北京,2013-03-07,0,0,0,0,59
北京,2013-03-08,0,0,0,0,0
北京,2013-03-09,0,0,0,0,0
北京,2013-03-10,0,0,0,0,57
北京,2013-03-11,0,0,0,0,59
北京,2013-03-12,0,0,0,0,59
北京,2013-03-13,0,0,0,0,0
北京,2013-03-14,0,0,0,0,57
北京,2013-03-15,0,0,0,0,59
北京,2013-03-16,0,0,0,0,0
北京,2013-03-17,0,0,0,0,0
北京,2013-03-18,0,0,0,0,57
北京,2013-03-19,0,0,0,0,0
北京,2013-03-20,0,0,0,0,0
北京,2013-03-21,0,0,0,0,57
北京,2013-03-22,0,0,0,0,0
北京,2013-03-23,0,0,0,0,0
北京,2013-03-24,0,0,0,0,0
北京,2013-03-25,0,0,0,0,0
北京,2013-03-26,0,0,0,0,0
北京,2013-03-27,0,0,0,0,66
北京,2013-03-28,0,0,0,0,0
北京,2013-03-29,0,0,0,0,0
北京,2013-03-30,0,0,0,0,0
北京,2013-03-31,0,0,0,0,0
北京,2013-04-01,0,0,0,0,57
北京,2013-04-02,0,0,0,0,57
北京,2013-04-03,0,0,0,0,0
北京,2013-04-04,0,0,0,0,0
北京,2013-04-05,0,0,0,0,0
北京,2013-04-06,0,0,0,0,57
北京,2013-04-07,0,0,0,0,0
北京,2013-04-08,0,0,0,0,59
北京,2013-04-09,0,0,0,0,59
北京,2013-04-10,0,0,0,0,57
北京,2013-04-11,0,0,0,0,0
北京,2013-04-12,0,0,0,0,0
北京,2013-04-13,0,0,0,0,0
北京,2013-04-14,0,0,0,0,57
北京,2013-04-15,0,0,0,0,59
北京,2013-04-16,0,0,0,0,57
北京,2013-04-17,0,0,0,0,0
北京,2013-04-18,0,0,0,0,0
北京,2013-04-19,0,0,0,0,57
北京,2013-04-20,0,0,0,0,57
北京,2013-04-21,0,0,0,0,61
北京,2013-04-22,0,0,0,0,0
北京,2013-04-23,0,0,0,0,0
北京,2013-04-24,0,0,0,0,57
北京,2013-04-25,0,0,0,0,57
北京,2013-04-26,0,0,0,0,0
北京,2013-04-27,0,0,0,0,57
北京,2013-04-28,0,0,0,0,57
北京,2013-04-29,0,0,0,0,0
北京,2013-04-30,0,0,0,0,0
北京,2013-05-01,0,0,0,0,0
北京,2013-05-02,0,0,0,0,63
北京,2013-05-03,0,0,0,0,0
北京,2013-05-04,0,0,0,0,0
北京,2013-05-05,0,0,0,0,57
北京,2013-05-06,0,0,0,0,0
北京,2013-05-07,0,0,0,0,0
北京,2013-05-08,0,0,0,0,0
北京,2013-05-09,0,0,0,0,59
北京,2013-05-10,0,0,0,0,57
北京,2013-05-11,0,0,0,0,0
北京,2013-05-12,0,0,0,0,57
北京,2013-05-13,0,0,0,0,57
北京,2013-05-14,0,0,0,0,0
北京,2013-05-15,0,0,0,0,0
北京,2013-05-16,0,0,0,0,57
北京,2013-05-17,0,0,0,0,0
北京,2013-05-18,0,0,0,0,0
北京,2013-05-19,0,0,0,0,0
北京,2013-05-20,0,0,0,0,57
北京,2013-05-21,0,0,0,0,0
北京,2013-05-22,0,0,0,0,0
北京,2013-05-23,0,0,0,0,57
北京,2013-05-24,0,0,0,0,57
北京,2013-05-25,0,0,0,0,0
北京,2013-05-26,0,0,0,0,0
北京,2013-05-27,0,0,0,0,59
北京,2013-05-28,0,0,0,0,57
北京,2013-05-29,0,0,0,0,57
北京,2013-05-30,0,0,0,0,0
北京,2013-05-31,0,0,0,0,0
北京,2013-06-01,0,0,0,0,0
北京,2013-06-02,0,0,0,0,0
北京,2013-06-03,0,0,0,0,57
北京,2013-06-04,0,0,0,0,57
北京,2013-06-05,0,0,0,0,66
北京,2013-06-06,0,0,0,0,57
北京,2013-06-07,0,0,0,0,59
北京,2013-06-08,0,0,0,0,0
北京,2013-06-09,0,0,0,0,61
北京,2013-06-10,0,0,0,0,0
北京,2013-06-11,0,0,0,0,61
北京,2013-06-12,0,0,0,0,0
北京,2013-06-13,0,0,0,0,0
北京,2013-06-14,0,0,0,0,59
北京,2013-06-15,0,0,0,0,0
北京,2013-06-16,0,0,0,0,57
北京,2013-06-17,0,0,0,0,0
北京,2013-06-18,0,0,0,0,57
北京,2013-06-19,0,0,0,0,0
北京,2013-06-20,0,0,0,0,57
北京,2013-06-21,0,0,0,0,59
北京,2013-06-22,0,0,0,0,0
北京,2013-06-23,0,0,0,0,0
北京,2013-06-24,0,0,0,0,57
北京,2013-06-25,0,0,0,0,59
北京,2013-06-26,0,0,0,0,57
北京,2013-06-27,0,0,0,0,0
北京,2013-06-28,0,0,0,0,0
北京,2013-06-29,0,0,0,0,0
北京,2013-06-30,0,0,0,0,57
北京,2013-07-01,0,0,0,57,57
北京,2013-07-02,0,0,0,57,0
北京,2013-07-03,0,0,0,0,0
北京,2013-07-04,0,0,0,0,0
北京,2013-07-05,57,0,0,0,66
北京,2013-07-06,0,0,0,0,0
北京,2013-07-07,0,0,0,0,0
北京,2013-07-08,0,0,0,57,0
北京,2013-07-09,0,0,0,60,57
北京,2013-07-10,0,0,0,0,0
北京,2013-07-11,0,0,0,0,0
北京,2013-07-12,0,0,0,57,0
北京,2013-07-13,0,0,0,0,0
北京,2013-07-14,0,0,0,0,0
北京,2013-07-15,0,0,0,0,57
北京,2013-07-16,0,0,0,58,57
北京,2013-07-17,0,0,0,57,0
北京,2013-07-18,0,0,0,57,59
北京,2013-07-19,0,0,0,0,0
北京,2013-07-20,0,0,0,0,0
北京,2013-07-21,0,0,0,0,0
北京,2013-07-22,0,0,0,57,0
北京,2013-07-23,0,0,0,57,0
北京,2013-07-24,0,0,0,0,0
北京,2013-07-25,0,0,0,0,0
北京,2013-07-26,0,0,0,63,0
北京,2013-07-27,0,0,0,0,0
北京,2013-07-28,57,0,0,57,57
北京,2013-07-29,0,0,0,58,0
北京,2013-07-30,0,0,0,0,0
北京,2013-07-31,0,0,0,0,0
北京,2013-08-01,0,0,0,0,0
北京,2013-08-02,0,0,0,58,0
北京,2013-08-03,0,0,0,0,0
北京,2013-08-04,0,0,0,0,0
北京,2013-08-05,0,0,0,57,57
北京,2013-08-06,0,0,0,0,0
北京,2013-08-07,0,0,0,0,0
北京,2013-08-08,0,0,0,0,0
北京,2013-08-09,0,0,0,57,0
北京,2013-08-10,0,0,0,60,0
北京,2013-08-11,0,0,0,0,0
北京,2013-08-12,0,0,0,0,0
北京,2013-08-13,0,0,0,0,59
北京,2013-08-14,0,0,0,0,0
北京,2013-08-15,0,0,0,0,0
北京,2013-08-16,0,0,0,0,0
北京,2013-08-17,0,0,0,0,57
北京,2013-08-18,0,0,0,0,0
北京,2013-08-19,0,0,0,0,57
北京,2013-08-20,0,0,0,61,0
北京,2013-08-21,0,0,0,0,0
北京,2013-08-22,0,0,0,0,0
北京,2013-08-23,0,0,0,0,0
北京,2013-08-24,0,0,0,0,0
北京,2013-08-25,0,0,0,0,0
北京,2013-08-26,0,0,0,0,0
北京,2013-08-27,0,0,0,0,59
北京,2013-08-28,0,0,0,0,0
北京,2013-08-29,0,0,0,57,0
北京,2013-08-30,0,0,0,0,0
北京,2013-08-31,0,0,0,57,0
北京,2013-09-01,57,0,0,0,0
北京,2013-09-02,0,0,0,57,57
北京,2013-09-03,0,0,0,0,0
北京,2013-09-04,0,0,0,0,59
北京,2013-09-05,0,0,0,0,57
北京,2013-09-06,0,0,0,57,0
北京,2013-09-07,0,0,0,0,0
北京,2013-09-08,0,0,0,0,0
北京,2013-09-09,0,0,0,0,57
北京,2013-09-10,0,0,0,0,0
北京,2013-09-11,0,0,0,0,0
北京,2013-09-12,0,0,0,57,0
北京,2013-09-13,0,0,0,57,57
北京,2013-09-14,0,0,0,0,0
北京,2013-09-15,0,0,0,0,0
北京,2013-09-16,0,0,0,0,0
北京,2013-09-17,0,0,0,57,0
北京,2013-09-18,0,0,0,57,57
北京,2013-09-19,0,0,0,0,0
北京,2013-09-20,0,0,0,57,57
北京,2013-09-21,0,0,0,0,57
北京,2013-09-22,0,0,0,57,0
北京,2013-09-23,0,0,0,0,0
北京,2013-09-24,0,0,0,57,57
北京,2013-09-25,0,0,0,0,0
北京,2013-09-26,0,0,0,0,0
北京,2013-09-27,57,0,0,58,57
北京,2013-09-28,57,0,0,0,57
北京,2013-09-29,0,0,0,0,57
北京,2013-09-30,0,0,0,0,0
北京,2013-10-01,0,0,0,0,0
北京,2013-10-02,0,0,0,0,0
北京,2013-10-03,0,0,0,0,0
北京,2013-10-04,0,0,0,60,0
北京,2013-10-05,0,0,0,0,0
北京,2013-10-06,0,0,0,0,57
北京,2013-10-07,0,0,0,0,0
北京,2013-10-08,0,0,0,57,0
北京,2013-10-09,0,0,0,57,0
北京,2013-10-10,57,0,0,0,0
北京,2013-10-11,0,0,0,0,57
北京,2013-10-12,0,0,0,57,57
北京,2013-10-13,0,0,0,60,59
北京,2013-10-14,0,0,0,0,0
北京,2013-10-15,0,0,0,0,57
北京,2013-10-16,0,0,0,61,0
北京,2013-10-17,0,0,0,57,0
北京,2013-10-18,0,57,0,0,0
北京,2013-10-19,0,0,0,57,0
北京,2013-10-20,0,0,0,0,0
北京,2013-10-21,0,0,0,0,0
北京,2013-10-22,0,0,0,0,59
北京,2013-10-23,0,0,0,0,0
北京,2013-10-24,57,0,0,0,57
北京,2013-10-25,0,0,0,60,0
北京,2013-10-26,0,0,0,57,0
北京,2013-10-27,0,0,0,0,0
北京,2013-10-28,0,0,0,57,57
北京,2013-10-29,0,0,0,0,0
北京,2013-10-30,58,0,0,57,118
北京,2013-10-31,58,0,0,0,0
北京,2013-11-01,0,0,0,60,0
北京,2013-11-02,0,0,0,58,0
北京,2013-11-03,0,0,0,0,57
北京,2013-11-04,0,0,0,58,0
北京,2013-11-05,0,0,0,60,0
北京,2013-11-06,0,0,0,0,0
北京,2013-11-07,0,0,0,0,0
北京,2013-11-08,0,0,0,57,0
北京,2013-11-09,0,0,0,0,0
北京,2013-11-10,0,57,0,0,0
北京,2013-11-11,0,0,0,0,59
北京,2013-11-12,0,0,0,0,0
北京,2013-11-13,57,0,0,57,57
北京,2013-11-14,0,0,0,57,0
北京,2013-11-15,0,0,0,57,0
北京,2013-11-16,0,0,0,57,0
北京,2013-11-17,0,0,0,57,0
北京,2013-11-18,0,0,0,57,59
北京,2013-11-19,0,57,0,57,0
北京,2013-11-20,0,0,0,0,0
北京,2013-11-21,0,0,0,57,0
北京,2013-11-22,0,0,0,0,0
北京,2013-11-23,0,65,0,57,0
北京,2013-11-24,0,57,0,0,0
北京,2013-11-25,0,57,0,0,0
北京,2013-11-26,0,0,0,57,57
北京,2013-11-27,0,57,0,0,64
北京,2013-11-28,0,60,0,57,59
北京,2013-11-29,0,57,0,57,0
北京,2013-11-30,0,70,0,57,57
北京,2013-12-01,0,57,0,0,57
北京,2013-12-02,63,57,0,60,59
北京,2013-12-03,0,0,0,58,57
北京,2013-12-04,57,0,0,0,0
北京,2013-12-05,0,57,0,60,0
北京,2013-12-06,0,0,0,0,0
北京,2013-12-07,0,58,0,57,0
北京,2013-12-08,0,0,0,0,0
北京,2013-12-09,0,57,0,57,57
北京,2013-12-10,60,0,0,0,0
北京,2013-12-11,0,0,0,0,61
北京,2013-12-12,0,0,0,0,0
北京,2013-12-13,0,0,0,58,0
北京,2013-12-14,0,0,0,0,0
北京,2013-12-15,0,57,0,57,0
北京,2013-12-16,57,0,0,0,0
北京,2013-12-17,0,0,0,58,0
北京,2013-12-18,57,0,0,57,0
北京,2013-12-19,0,0,0,0,59
北京,2013-12-20,0,0,0,0,59
北京,2013-12-21,0,57,0,0,57
北京,2013-12-22,57,57,0,0,0
北京,2013-12-23,0,0,0,0,59
北京,2013-12-24,0,0,0,0,59
北京,2013-12-25,57,0,0,0,0
北京,2013-12-26,0,0,0,57,57
北京,2013-12-27,57,0,0,0,0
北京,2013-12-28,0,0,0,0,57
北京,2013-12-29,0,0,0,0,0
北京,2013-12-30,57,0,0,57,59
北京,2013-12-31,0,0,0,57,0
北京,2014-01-01,0,57,0,0,0
北京,2014-01-02,0,57,0,0,0
北京,2014-01-03,0,0,0,0,0
北京,2014-01-04,0,0,0,0,0
北京,2014-01-05,0,0,0,0,116
北京,2014-01-06,57,0,0,0,0
北京,2014-01-07,0,0,0,0,0
北京,2014-01-08,0,0,0,0,58
北京,2014-01-09,0,0,0,58,0
北京,2014-01-10,57,0,0,57,0
北京,2014-01-11,0,0,0,60,0
北京,2014-01-12,0,0,0,0,0
北京,2014-01-13,0,0,0,61,0
北京,2014-01-14,0,0,0,57,61
北京,2014-01-15,0,0,0,58,0
北京,2014-01-16,0,0,0,0,0
北京,2014-01-17,0,0,0,57,0
北京,2014-01-18,0,0,0,0,0
北京,2014-01-19,0,0,0,0,0
北京,2014-01-20,0,0,0,0,0
北京,2014-01-21,0,0,0,0,59
北京,2014-01-22,0,0,0,57,0
北京,2014-01-23,0,0,0,0,0
北京,2014-01-24,0,0,0,57,57
北京,2014-01-25,0,0,0,0,0
北京,2014-01-26,0,0,0,0,0
北京,2014-01-27,0,0,0,0,0
北京,2014-01-28,0,0,0,0,0
北京,2014-01-29,0,0,0,57,0
北京,2014-01-30,0,0,0,0,0
北京,2014-01-31,0,0,0,57,0
北京,2014-02-01,0,0,0,0,0
北京,2014-02-02,0,60,0,0,0
北京,2014-02-03,0,0,0,0,0
北京,2014-02-04,0,0,0,57,0
北京,2014-02-05,0,57,0,0,57
北京,2014-02-06,0,0,0,0,0
北京,2014-02-07,0,0,0,0,0
北京,2014-02-08,0,0,0,0,0
北京,2014-02-09,0,57,0,0,0
北京,2014-02-10,0,0,0,57,57
北京,2014-02-11,57,0,0,0,0
北京,2014-02-12,57,0,0,0,0
北京,2014-02-13,0,0,0,61,0
北京,2014-02-14,0,0,0,0,0
北京,2014-02-15,0,0,0,57,0
北京,2014-02-16,0,61,0,61,0
北京,2014-02-17,0,57,0,0,0
北京,2014-02-18,0,0,0,0,0
北京,2014-02-19,57,57,0,57,0
北京,2014-02-20,0,0,0,57,57
北京,2014-02-21,0,0,0,57,59
北京,2014-02-22,0,0,0,0,0
北京,2014-02-23,0,0,0,0,0
北京,2014-02-24,0,0,0,0,0
北京,2014-02-25,0,0,0,57,0
北京,2014-02-26,57,0,0,0,57
北京,2014-02-27,0,0,0,0,57
北京,2014-02-28,0,0,0,57,57
北京,2014-03-01,0,0,0,0,0
北京,2014-03-02,60,0,0,57,57
北京,2014-03-03,0,0,0,57,61
北京,2014-03-04,0,0,0,57,57
北京,2014-03-05,0,0,0,0,0
北京,2014-03-06,0,0,0,57,0
北京,2014-03-07,61,0,0,57,0
北京,2014-03-08,57,0,0,58,0
北京,2014-03-09,0,57,0,0,0
北京,2014-03-10,57,0,0,57,0
北京,2014-03-11,0,0,0,57,57
北京,2014-03-12,0,57,0,0,57
北京,2014-03-13,57,0,0,57,57
北京,2014-03-14,0,0,0,57,0
北京,2014-03-15,0,0,0,57,57
北京,2014-03-16,57,0,0,61,0
北京,2014-03-17,0,0,0,57,57
北京,2014-03-18,0,0,0,66,0
北京,2014-03-19,0,0,0,57,57
北京,2014-03-20,0,0,0,60,57
北京,2014-03-21,0,0,0,0,0
北京,2014-03-22,0,57,0,57,0
北京,2014-03-23,0,57,0,57,0
北京,2014-03-24,0,0,0,61,120
北京,2014-03-25,0,0,0,0,0
北京,2014-03-26,0,0,0,57,0
北京,2014-03-27,0,0,0,57,0
北京,2014-03-28,58,0,0,0,57
北京,2014-03-29,57,0,0,58,0
北京,2014-03-30,0,0,0,57,0
北京,2014-03-31,0,0,0,57,0
北京,2014-04-01,0,0,0,0,0
北京,2014-04-02,57,0,0,0,0
北京,2014-04-03,0,0,0,0,57
北京,2014-04-04,0,0,0,0,57
北京,2014-04-05,57,0,0,0,0
北京,2014-04-06,0,57,0,0,0
北京,2014-04-07,0,0,0,57,0
北京,2014-04-08,0,0,0,60,0
北京,2014-04-09,0,0,0,0,0
北京,2014-04-10,0,0,0,0,0
北京,2014-04-11,57,0,0,0,59
北京,2014-04-12,0,0,0,60,60
北京,2014-04-13,0,0,0,57,57
北京,2014-04-14,0,0,0,58,0
北京,2014-04-15,0,0,0,58,0
北京,2014-04-16,0,0,0,61,57
北京,2014-04-17,0,58,0,58,125
北京,2014-04-18,0,0,0,0,61
北京,2014-04-19,0,0,0,58,119
北京,2014-04-20,0,0,0,63,119
北京,2014-04-21,0,0,0,0,128
北京,2014-04-22,0,0,0,58,114
北京,2014-04-23,0,0,0,61,122
北京,2014-04-24,0,0,0,60,68
北京,2014-04-25,0,0,0,57,58
北京,2014-04-26,0,57,0,61,66
北京,2014-04-27,0,0,0,61,114
北京,2014-04-28,0,57,0,67,114
北京,2014-04-29,58,0,0,58,61
北京,2014-04-30,0,0,0,0,120
北京,2014-05-01,0,0,0,58,57
北京,2014-05-02,0,0,0,0,61
北京,2014-05-03,0,0,0,0,65
北京,2014-05-04,0,0,0,57,127
北京,2014-05-05,60,0,0,61,120
北京,2014-05-06,0,0,0,57,63
北京,2014-05-07,0,0,0,57,57
北京,2014-05-08,0,0,0,57,118
北京,2014-05-09,0,0,0,0,61
北京,2014-05-10,57,0,0,57,57
北京,2014-05-11,0,0,0,57,61
北京,2014-05-12,0,0,0,61,60
北京,2014-05-13,0,0,0,58,60
北京,2014-05-14,0,57,0,57,61
北京,2014-05-15,0,66,0,57,58
北京,2014-05-16,57,0,0,58,123
北京,2014-05-17,0,0,0,0,65
北京,2014-05-18,0,0,0,57,61
北京,2014-05-19,0,0,0,57,58
北京,2014-05-20,0,0,0,61,115
北京,2014-05-21,0,0,0,58,117
北京,2014-05-22,0,0,0,57,118
北京,2014-05-23,0,0,0,0,65
北京,2014-05-24,0,0,0,0,65
北京,2014-05-25,0,0,0,57,58
北京,2014-05-26,0,0,0,57,61
北京,2014-05-27,0,0,0,0,120
北京,2014-05-28,0,0,0,0,66
北京,2014-05-29,0,0,0,57,74
北京,2014-05-30,0,0,0,0,61
北京,2014-05-31,57,57,0,0,57
北京,2014-06-01,0,0,0,0,65
北京,2014-06-02,0,0,0,0,65
北京,2014-06-03,0,57,0,57,60
北京,2014-06-04,0,63,0,57,0
北京,2014-06-05,0,0,0,0,61
北京,2014-06-06,58,0,0,0,61
北京,2014-06-07,61,57,0,57,57
北京,2014-06-08,0,0,0,57,60
北京,2014-06-09,66,0,0,58,114
北京,2014-06-10,66,0,0,58,57
北京,2014-06-11,74,0,0,0,67
北京,2014-06-12,0,0,0,0,67
北京,2014-06-13,0,0,0,57,57
北京,2014-06-14,0,0,0,58,0
北京,2014-06-15,0,0,0,57,60
北京,2014-06-16,0,0,0,63,0
北京,2014-06-17,61,0,0,0,122
北京,2014-06-18,0,0,0,61,57
北京,2014-06-19,0,0,0,0,63
北京,2014-06-20,0,0,0,0,0
北京,2014-06-21,66,0,0,57,57
北京,2014-06-22,65,57,0,0,57
北京,2014-06-23,0,0,0,0,118
北京,2014-06-24,0,0,0,0,126
北京,2014-06-25,65,0,0,0,58
北京,2014-06-26,0,0,0,0,57
北京,2014-06-27,0,0,0,57,57
北京,2014-06-28,57,0,0,57,0
北京,2014-06-29,0,0,0,0,0
北京,2014-06-30,74,0,0,0,0
北京,2014-07-01,66,0,0,57,0
北京,2014-07-02,57,0,0,0,0
北京,2014-07-03,0,0,0,0,0
北京,2014-07-04,0,0,0,0,57
北京,2014-07-05,0,0,0,0,57
北京,2014-07-06,0,0,0,0,0
北京,2014-07-07,0,0,0,0,57
北京,2014-07-08,0,0,0,57,0
北京,2014-07-09,57,0,0,57,57
北京,2014-07-10,0,0,0,57,57
北京,2014-07-11,0,0,0,57,0
北京,2014-07-12,65,0,0,57,0
北京,2014-07-13,57,0,0,0,0
北京,2014-07-14,0,0,0,0,0
北京,2014-07-15,0,0,0,57,0
北京,2014-07-16,0,0,0,0,0
北京,2014-07-17,61,0,0,58,57
北京,2014-07-18,0,0,0,57,0
北京,2014-07-19,0,0,0,0,0
北京,2014-07-20,0,57,0,0,0
北京,2014-07-21,0,0,0,0,57
北京,2014-07-22,0,0,0,0,0
北京,2014-07-23,0,0,0,0,0
北京,2014-07-24,0,0,0,0,0
北京,2014-07-25,0,0,0,57,57
北京,2014-07-26,57,0,0,0,57
北京,2014-07-27,0,0,0,57,0
北京,2014-07-28,0,0,0,0,0
北京,2014-07-29,60,0,0,0,0
北京,2014-07-30,0,0,0,63,0
北京,2014-07-31,0,0,0,0,0
北京,2014-08-01,0,0,0,0,0
北京,2014-08-02,0,0,0,57,0
北京,2014-08-03,0,0,0,57,0
北京,2014-08-04,61,57,0,60,57
北京,2014-08-05,58,57,0,0,0
北京,2014-08-06,0,0,0,0,0
北京,2014-08-07,58,0,0,58,61
北京,2014-08-08,0,61,0,61,0
北京,2014-08-09,57,0,0,58,0
北京,2014-08-10,0,0,0,0,0
北京,2014-08-11,0,0,0,57,57
北京,2014-08-12,0,0,0,0,57
北京,2014-08-13,57,0,0,57,0
北京,2014-08-14,0,0,0,0,0
北京,2014-08-15,0,60,0,0,57
北京,2014-08-16,0,0,0,57,0
北京,2014-08-17,58,57,0,0,0
北京,2014-08-18,0,57,0,57,0
北京,2014-08-19,0,57,0,57,0
北京,2014-08-20,0,0,0,57,0
北京,2014-08-21,0,57,0,61,0
北京,2014-08-22,0,57,0,0,0
北京,2014-08-23,0,0,0,0,0
北京,2014-08-24,0,57,0,0,0
北京,2014-08-25,57,0,0,0,57
北京,2014-08-26,0,0,0,57,0
北京,2014-08-27,0,0,0,57,57
北京,2014-08-28,0,0,0,57,0
北京,2014-08-29,0,0,0,60,57
北京,2014-08-30,0,57,0,57,0
北京,2014-08-31,0,57,0,0,0
北京,2014-09-01,0,57,0,58,0
北京,2014-09-02,0,0,0,0,0
北京,2014-09-03,57,61,0,57,0
北京,2014-09-04,57,0,0,66,0
北京,2014-09-05,58,0,0,65,114
北京,2014-09-06,0,0,0,0,0
北京,2014-09-07,57,0,0,63,0
北京,2014-09-08,0,0,0,66,57
北京,2014-09-09,0,0,0,60,57
北京,2014-09-10,0,0,0,79,0
北京,2014-09-11,0,0,0,61,0
北京,2014-09-12,0,0,0,65,57
北京,2014-09-13,0,57,0,63,0
北京,2014-09-14,0,58,0,57,0
北京,2014-09-15,57,0,0,65,57
北京,2014-09-16,0,0,0,57,0
北京,2014-09-17,0,0,0,0,0
北京,2014-09-18,0,0,0,0,0
北京,2014-09-19,0,0,0,57,116
北京,2014-09-20,0,0,0,60,57
北京,2014-09-21,0,0,0,57,0
北京,2014-09-22,0,0,0,60,57
北京,2014-09-23,0,70,0,0,57
北京,2014-09-24,0,0,0,0,0
北京,2014-09-25,0,0,0,57,63
北京,2014-09-26,57,0,0,57,59
北京,2014-09-27,57,0,0,0,0
北京,2014-09-28,0,0,0,60,0
北京,2014-09-29,57,57,0,60,0
北京,2014-09-30,0,0,0,0,0
北京,2014-10-01,0,0,0,0,0
北京,2014-10-02,0,0,0,0,0
北京,2014-10-03,0,0,0,0,0
北京,2014-10-04,0,60,0,57,0
北京,2014-10-05,0,0,0,57,57
北京,2014-10-06,0,0,0,0,57
北京,2014-10-07,0,0,0,0,57
北京,2014-10-08,0,0,0,57,57
北京,2014-10-09,0,57,0,57,0
北京,2014-10-10,0,0,0,0,57
北京,2014-10-11,0,0,0,65,0
北京,2014-10-12,0,0,0,78,0
北京,2014-10-13,0,57,0,66,57
北京,2014-10-14,0,57,0,60,57
北京,2014-10-15,0,0,0,57,0
北京,2014-10-16,0,0,0,60,0
北京,2014-10-17,0,0,0,0,0
北京,2014-10-18,0,0,0,61,0
北京,2014-10-19,0,0,0,0,0
北京,2014-10-20,0,57,0,57,0
北京,2014-10-21,0,0,0,60,0
北京,2014-10-22,0,57,0,60,0
北京,2014-10-23,0,0,0,57,0
北京,2014-10-24,0,0,0,0,57
北京,2014-10-25,0,0,0,57,0
北京,2014-10-26,0,0,0,57,0
北京,2014-10-27,0,0,0,0,57
北京,2014-10-28,0,0,0,0,116
北京,2014-10-29,0,0,0,66,59
北京,2014-10-30,0,0,0,66,61
北京,2014-10-31,0,0,0,57,0
北京,2014-11-01,0,57,0,57,0
北京,2014-11-02,0,0,0,60,0
北京,2014-11-03,57,0,0,57,59
北京,2014-11-04,57,57,0,60,57
北京,2014-11-05,0,57,0,0,0
北京,2014-11-06,0,0,0,57,0
北京,2014-11-07,0,0,0,57,0
北京,2014-11-08,0,57,0,0,0
北京,2014-11-09,0,0,0,0,0
北京,2014-11-10,0,0,0,0,0
北京,2014-11-11,0,57,0,57,0
北京,2014-11-12,0,0,0,0,57
北京,2014-11-13,0,0,0,0,0
北京,2014-11-14,0,0,0,0,66
北京,2014-11-15,0,0,0,60,57
北京,2014-11-16,0,57,0,0,59
北京,2014-11-17,0,0,0,0,59
北京,2014-11-18,0,0,0,57,0
北京,2014-11-19,0,0,0,57,0
北京,2014-11-20,0,57,0,60,0
北京,2014-11-21,0,57,0,57,0
北京,2014-11-22,0,0,0,60,0
北京,2014-11-23,0,0,0,57,0
北京,2014-11-24,0,0,0,60,0
北京,2014-11-25,57,0,0,61,0
北京,2014-11-26,0,0,0,60,57
北京,2014-11-27,0,0,0,57,0
北京,2014-11-28,0,0,0,57,0
北京,2014-11-29,0,0,0,0,57
北京,2014-11-30,57,0,0,57,0
北京,2014-12-01,0,0,0,0,0
北京,2014-12-02,0,0,0,0,0
北京,2014-12-03,0,60,0,0,0
北京,2014-12-04,57,57,0,57,57
北京,2014-12-05,0,0,0,0,57
北京,2014-12-06,0,0,0,57,0
北京,2014-12-07,0,0,0,57,0
北京,2014-12-08,0,0,0,0,57
北京,2014-12-09,0,57,0,57,61
北京,2014-12-10,0,0,0,60,0
北京,2014-12-11,0,0,0,57,57
北京,2014-12-12,0,0,0,57,0
北京,2014-12-13,0,57,0,61,0
北京,2014-12-14,57,60,0,57,57
北京,2014-12-15,0,0,0,60,57
北京,2014-12-16,0,0,0,61,59
北京,2014-12-17,0,57,0,74,0
北京,2014-12-18,0,57,0,65,0
北京,2014-12-19,0,0,0,60,57
北京,2014-12-20,57,0,0,65,0
北京,2014-12-21,0,0,0,57,57
北京,2014-12-22,0,57,0,57,0
北京,2014-12-23,0,57,0,57,57
北京,2014-12-24,57,0,0,61,0
北京,2014-12-25,0,57,0,66,0
北京,2014-12-26,57,0,0,66,0
北京,2014-12-27,0,0,0,57,0
北京,2014-12-28,57,0,0,61,0
北京,2014-12-29,60,57,0,57,0
北京,2014-12-30,57,57,0,0,0
北京,2014-12-31,0,57,0,0,0
北京,2015-01-01,0,0,0,65,57
北京,2015-01-02,0,0,0,61,0
北京,2015-01-03,0,57,0,57,57
北京,2015-01-04,0,57,0,60,0
北京,2015-01-05,0,57,0,0,61
北京,2015-01-06,57,0,0,57,0
北京,2015-01-07,0,0,0,60,0
北京,2015-01-08,61,0,0,60,57
北京,2015-01-09,0,57,0,57,57
北京,2015-01-10,0,0,0,66,0
北京,2015-01-11,57,0,0,0,0
北京,2015-01-12,0,0,0,65,0
北京,2015-01-13,0,0,0,0,59
北京,2015-01-14,57,0,0,61,63
北京,2015-01-15,57,0,0,57,0
北京,2015-01-16,0,0,0,0,0
北京,2015-01-17,0,60,0,0,0
北京,2015-01-18,0,57,0,57,0
北京,2015-01-19,57,0,0,0,57
北京,2015-01-20,60,60,0,65,0
北京,2015-01-21,57,0,0,60,0
北京,2015-01-22,0,57,0,61,0
北京,2015-01-23,0,0,0,60,0
北京,2015-01-24,0,57,0,57,0
北京,2015-01-25,57,0,0,61,0
北京,2015-01-26,57,0,0,61,57
北京,2015-01-27,0,0,0,57,57
北京,2015-01-28,0,0,0,60,57
北京,2015-01-29,0,0,0,61,57
北京,2015-01-30,0,57,0,60,0
北京,2015-01-31,0,0,0,57,0
北京,2015-02-01,0,0,0,60,0
北京,2015-02-02,74,0,0,0,0
北京,2015-02-03,57,57,0,65,0
北京,2015-02-04,57,57,0,57,0
北京,2015-02-05,57,61,0,0,57
北京,2015-02-06,0,0,0,57,0
北京,2015-02-07,0,61,0,57,0
北京,2015-02-08,0,0,0,60,0
北京,2015-02-09,0,57,0,57,0
北京,2015-02-10,0,57,0,57,0
北京,2015-02-11,0,0,0,57,0
北京,2015-02-12,0,0,0,60,0
北京,2015-02-13,57,57,0,0,0
北京,2015-02-14,0,0,0,57,0
北京,2015-02-15,0,0,0,0,0
北京,2015-02-16,0,0,0,0,0
北京,2015-02-17,0,57,0,0,0
北京,2015-02-18,0,0,0,0,0
北京,2015-02-19,0,0,0,0,0
北京,2015-02-20,0,0,0,0,0
北京,2015-02-21,0,0,0,0,0
北京,2015-02-22,0,0,0,57,0
北京,2015-02-23,0,0,0,0,0
北京,2015-02-24,57,0,0,0,0
北京,2015-02-25,0,0,0,57,0
北京,2015-02-26,0,0,0,57,0
北京,2015-02-27,0,57,0,57,57
北京,2015-02-28,57,0,0,57,0
北京,2015-03-01,57,57,0,0,0
北京,2015-03-02,0,0,0,57,0
北京,2015-03-03,60,57,0,57,0
北京,2015-03-04,57,0,0,57,57
北京,2015-03-05,0,57,0,60,0
北京,2015-03-06,0,0,0,0,57
北京,2015-03-07,0,57,0,57,0
北京,2015-03-08,57,57,0,0,0
北京,2015-03-09,57,0,0,61,0
北京,2015-03-10,57,0,0,57,0
北京,2015-03-11,0,61,0,0,0
北京,2015-03-12,0,60,0,0,0
北京,2015-03-13,0,57,0,0,0
北京,2015-03-14,0,0,0,57,0
北京,2015-03-15,0,57,0,0,0
北京,2015-03-16,0,57,0,57,0
北京,2015-03-17,0,0,0,61,57
北京,2015-03-18,0,60,0,61,59
北京,2015-03-19,0,57,0,61,0
北京,2015-03-20,0,0,0,0,0
北京,2015-03-21,0,57,0,0,0
北京,2015-03-22,57,57,0,57,0
北京,2015-03-23,0,0,0,57,57
北京,2015-03-24,0,60,0,66,57
北京,2015-03-25,0,0,0,0,57
北京,2015-03-26,0,0,0,0,0
北京,2015-03-27,0,57,0,57,59
北京,2015-03-28,0,61,0,57,59
北京,2015-03-29,0,0,0,57,0
北京,2015-03-30,57,57,0,57,0
北京,2015-03-31,0,57,0,0,0
北京,2015-04-01,0,0,0,57,0
北京,2015-04-02,0,0,0,66,0
北京,2015-04-03,0,0,0,61,0
北京,2015-04-04,0,0,0,61,0
北京,2015-04-05,0,57,0,57,0
北京,2015-04-06,57,57,0,0,0
北京,2015-04-07,61,57,0,57,0
北京,2015-04-08,0,0,0,0,0
北京,2015-04-09,0,57,0,57,0
北京,2015-04-10,0,0,0,57,0
北京,2015-04-11,57,57,0,57,0
北京,2015-04-12,0,57,0,0,0
北京,2015-04-13,60,0,0,0,57
北京,2015-04-14,0,57,0,60,0
北京,2015-04-15,0,0,0,57,0
北京,2015-04-16,0,0,0,57,0
北京,2015-04-17,57,57,0,60,0
北京,2015-04-18,57,0,0,61,0
北京,2015-04-19,0,57,0,61,0
北京,2015-04-20,57,0,0,57,0
北京,2015-04-21,0,0,0,60,0
北京,2015-04-22,0,0,0,57,0
北京,2015-04-23,0,60,0,57,0
北京,2015-04-24,0,60,0,61,0
北京,2015-04-25,57,0,0,0,0
北京,2015-04-26,0,57,0,57,0
北京,2015-04-27,57,57,0,0,57
北京,2015-04-28,0,0,0,57,0
北京,2015-04-29,57,60,0,57,0
北京,2015-04-30,57,0,0,0,0
北京,2015-05-01,57,0,0,0,0
北京,2015-05-02,0,60,0,57,0
北京,2015-05-03,57,0,0,70,0
北京,2015-05-04,57,57,0,57,57
北京,2015-05-05,0,0,0,60,57
北京,2015-05-06,57,57,0,57,0
北京,2015-05-07,0,57,0,57,0
北京,2015-05-08,57,0,0,61,0
北京,2015-05-09,0,0,0,0,0
北京,2015-05-10,0,0,0,0,0
北京,2015-05-11,0,0,0,61,57
北京,2015-05-12,57,0,0,61,0
北京,2015-05-13,57,57,0,60,0
北京,2015-05-14,0,0,0,61,0
北京,2015-05-15,0,60,0,61,0
北京,2015-05-16,0,57,0,57,0
北京,2015-05-17,60,57,0,70,57
北京,2015-05-18,0,0,0,69,57
北京,2015-05-19,60,0,0,60,0
北京,2015-05-20,57,57,0,61,0
北京,2015-05-21,0,0,0,57,114
北京,2015-05-22,0,0,0,57,0
北京,2015-05-23,0,0,0,65,0
北京,2015-05-24,57,57,0,57,0
北京,2015-05-25,0,57,0,0,57
北京,2015-05-26,65,61,0,61,57
北京,2015-05-27,60,57,0,57,59
北京,2015-05-28,57,61,0,60,0
北京,2015-05-29,0,57,0,61,0
北京,2015-05-30,0,57,0,61,0
北京,2015-05-31,0,0,0,57,0
北京,2015-06-01,0,57,0,61,0
北京,2015-06-02,0,61,0,57,0
北京,2015-06-03,57,70,0,57,0
北京,2015-06-04,0,57,0,57,0
北京,2015-06-05,0,57,0,0,57
北京,2015-06-06,0,61,0,0,0
北京,2015-06-07,57,57,0,57,0
北京,2015-06-08,0,0,0,60,0
北京,2015-06-09,0,0,0,61,0
北京,2015-06-10,0,0,0,60,59
北京,2015-06-11,57,0,0,57,0
北京,2015-06-12,0,57,0,60,0
北京,2015-06-13,0,57,0,61,0
北京,2015-06-14,0,61,0,57,0
北京,2015-06-15,65,57,0,61,57
北京,2015-06-16,57,57,0,60,0
北京,2015-06-17,0,0,0,57,57
北京,2015-06-18,57,0,0,0,0
北京,2015-06-19,0,0,0,0,57
北京,2015-06-20,66,0,0,0,0
北京,2015-06-21,57,0,0,0,0
北京,2015-06-22,57,57,0,57,57
北京,2015-06-23,0,0,0,0,0
北京,2015-06-24,0,61,0,57,57
北京,2015-06-25,57,0,0,65,0
北京,2015-06-26,65,0,0,60,0
北京,2015-06-27,57,0,0,61,57
北京,2015-06-28,0,0,0,79,0
北京,2015-06-29,0,0,0,57,0
北京,2015-06-30,60,0,0,0,0
北京,2015-07-01,57,57,0,57,0
北京,2015-07-02,0,0,0,60,0
北京,2015-07-03,0,57,0,0,0
北京,2015-07-04,0,0,0,60,0
北京,2015-07-05,0,0,0,60,0
北京,2015-07-06,57,0,0,60,0
北京,2015-07-07,0,57,0,0,0
北京,2015-07-08,0,0,0,0,0
北京,2015-07-09,60,57,0,60,0
北京,2015-07-10,60,0,0,0,0
北京,2015-07-11,0,61,0,60,57
北京,2015-07-12,0,57,0,0,0
北京,2015-07-13,57,60,0,57,57
北京,2015-07-14,57,0,0,61,57
北京,2015-07-15,0,0,0,61,57
北京,2015-07-16,60,0,0,60,0
北京,2015-07-17,0,57,0,0,0
北京,2015-07-18,0,0,0,0,0
北京,2015-07-19,57,0,0,57,0
北京,2015-07-20,61,61,0,60,0
北京,2015-07-21,0,0,0,57,0
北京,2015-07-22,0,57,0,65,0
北京,2015-07-23,61,0,0,60,59
北京,2015-07-24,0,0,0,57,57
北京,2015-07-25,0,57,0,61,0
北京,2015-07-26,0,0,0,60,0
北京,2015-07-27,57,0,0,60,0
北京,2015-07-28,60,65,0,0,0
北京,2015-07-29,0,0,0,0,0
北京,2015-07-30,0,0,0,0,57
北京,2015-07-31,61,0,0,0,59
北京,2015-08-01,0,57,0,0,0
北京,2015-08-02,0,79,0,57,0
北京,2015-08-03,60,66,0,57,59
北京,2015-08-04,57,79,0,60,59
北京,2015-08-05,70,69,0,0,57
北京,2015-08-06,61,61,0,57,0
北京,2015-08-07,0,70,0,57,0
北京,2015-08-08,0,74,0,57,57
北京,2015-08-09,0,70,0,61,59
北京,2015-08-10,57,70,0,0,59
北京,2015-08-11,61,83,0,61,59
北京,2015-08-12,57,60,0,57,0
北京,2015-08-13,61,61,0,0,0
北京,2015-08-14,0,66,0,61,0
北京,2015-08-15,57,61,0,57,0
北京,2015-08-16,96,57,0,0,0
北京,2015-08-17,60,65,0,57,0
北京,2015-08-18,57,69,0,57,57
北京,2015-08-19,0,70,0,0,0
北京,2015-08-20,0,61,0,0,0
北京,2015-08-21,57,60,0,57,57
北京,2015-08-22,0,87,0,57,0
北京,2015-08-23,57,74,0,57,0
北京,2015-08-24,57,78,0,57,0
北京,2015-08-25,0,61,0,0,57
北京,2015-08-26,57,69,0,0,0
北京,2015-08-27,0,79,0,57,59
北京,2015-08-28,0,74,0,57,57
北京,2015-08-29,57,61,0,57,0
北京,2015-08-30,0,69,0,0,0
北京,2015-08-31,60,65,0,57,0
北京,2015-09-01,57,61,0,0,0
北京,2015-09-02,0,57,0,61,0
北京,2015-09-03,57,0,0,57,61
北京,2015-09-04,0,61,0,0,0
北京,2015-09-05,0,73,0,0,57
北京,2015-09-06,0,66,0,0,57
北京,2015-09-07,0,65,0,60,61
北京,2015-09-08,57,70,0,57,61
北京,2015-09-09,0,65,0,0,0
北京,2015-09-10,57,69,0,65,0
北京,2015-09-11,57,70,0,0,0
北京,2015-09-12,0,69,0,61,0
北京,2015-09-13,0,65,0,57,0
北京,2015-09-14,57,61,0,57,59
北京,2015-09-15,0,65,0,60,0
北京,2015-09-16,0,61,0,61,0
北京,2015-09-17,0,86,0,57,59
北京,2015-09-18,57,79,0,57,0
北京,2015-09-19,57,65,0,57,0
北京,2015-09-20,69,66,0,61,57
北京,2015-09-21,57,127,0,57,0
北京,2015-09-22,60,116,0,57,0
北京,2015-09-23,57,116,0,61,0
北京,2015-09-24,57,122,0,65,0
北京,2015-09-25,0,133,0,57,61
北京,2015-09-26,0,117,0,57,0
北京,2015-09-27,57,116,0,0,0
北京,2015-09-28,0,131,0,0,0
北京,2015-09-29,0,129,0,0,57
北京,2015-09-30,57,60,0,0,57
北京,2015-10-01,0,0,0,0,0
北京,2015-10-02,0,120,0,57,0
北京,2015-10-03,0,57,0,0,0
北京,2015-10-04,0,61,0,57,57
北京,2015-10-05,0,60,0,0,0
北京,2015-10-06,57,123,0,60,57
北京,2015-10-07,0,61,0,57,0
北京,2015-10-08,0,131,0,57,61
北京,2015-10-09,57,116,0,0,0
北京,2015-10-10,0,132,0,60,0
北京,2015-10-11,57,125,0,61,0
北京,2015-10-12,0,125,0,57,59
北京,2015-10-13,0,131,0,60,0
北京,2015-10-14,60,136,0,57,0
北京,2015-10-15,57,126,0,0,59
北京,2015-10-16,61,133,0,60,57
北京,2015-10-17,61,66,0,57,57
北京,2015-10-18,61,129,0,57,0
北京,2015-10-19,66,143,0,0,0
北京,2015-10-20,61,161,0,0,57
北京,2015-10-21,60,138,0,0,114
北京,2015-10-22,57,134,0,57,0
北京,2015-10-23,65,128,0,57,61
北京,2015-10-24,57,142,0,57,57
北京,2015-10-25,60,122,0,60,0
北京,2015-10-26,57,133,0,57,0
北京,2015-10-27,57,123,0,61,59
北京,2015-10-28,65,132,0,57,57
北京,2015-10-29,61,118,0,0,0
北京,2015-10-30,57,130,0,0,0
北京,2015-10-31,57,127,0,0,0
北京,2015-11-01,0,118,0,57,0
北京,2015-11-02,60,148,0,0,0
北京,2015-11-03,69,127,0,61,0
北京,2015-11-04,65,133,0,0,0
北京,2015-11-05,57,143,0,57,0
北京,2015-11-06,61,122,0,0,0
北京,2015-11-07,60,130,0,0,59
北京,2015-11-08,61,120,0,57,0
北京,2015-11-09,57,120,0,0,57
北京,2015-11-10,57,122,0,0,0
北京,2015-11-11,57,133,0,0,57
北京,2015-11-12,65,124,0,0,57
北京,2015-11-13,0,131,0,57,0
北京,2015-11-14,61,118,0,57,0
北京,2015-11-15,0,125,0,57,0
北京,2015-11-16,66,125,0,61,0
北京,2015-11-17,61,137,0,57,0
北京,2015-11-18,60,134,0,57,0
北京,2015-11-19,61,122,0,0,0
北京,2015-11-20,61,130,0,57,114
北京,2015-11-21,66,65,0,0,0
北京,2015-11-22,60,118,0,0,0
北京,2015-11-23,60,125,0,0,59
北京,2015-11-24,61,121,0,57,59
北京,2015-11-25,57,61,0,0,0
北京,2015-11-26,70,117,0,60,0
北京,2015-11-27,61,132,0,0,59
北京,2015-11-28,73,155,0,57,0
北京,2015-11-29,60,123,0,0,0
北京,2015-11-30,57,124,0,57,57
北京,2015-12-01,70,135,0,0,0
北京,2015-12-02,79,123,0,61,57
北京,2015-12-03,57,138,0,60,57
北京,2015-12-04,69,61,0,57,0
北京,2015-12-05,60,65,0,57,57
北京,2015-12-06,70,126,0,60,59
北京,2015-12-07,65,127,0,57,57
北京,2015-12-08,70,123,0,60,0
北京,2015-12-09,69,120,0,0,0
北京,2015-12-10,66,116,0,60,57
北京,2015-12-11,61,129,0,0,57
北京,2015-12-12,74,60,0,57,0
北京,2015-12-13,79,122,0,61,0
北京,2015-12-14,74,126,0,60,57
北京,2015-12-15,79,116,0,60,0
北京,2015-12-16,70,118,0,57,0
北京,2015-12-17,66,120,0,61,0
北京,2015-12-18,66,127,0,57,0
北京,2015-12-19,61,118,0,57,57
北京,2015-12-20,74,57,0,65,0
北京,2015-12-21,70,65,0,57,57
北京,2015-12-22,66,123,0,61,64
北京,2015-12-23,66,117,0,0,57
北京,2015-12-24,69,57,0,0,57
北京,2015-12-25,60,116,0,57,57
北京,2015-12-26,66,114,0,0,0
北京,2015-12-27,73,114,0,0,57
北京,2015-12-28,73,124,0,57,61
北京,2015-12-29,65,121,0,0,0
北京,2015-12-30,66,121,0,60,59
北京,2015-12-31,61,116,0,57,0
北京,2016-01-01,65,63,0,57,0
北京,2016-01-02,60,121,0,0,0
北京,2016-01-03,74,123,0,0,57
北京,2016-01-04,66,127,0,57,120
北京,2016-01-05,66,61,0,57,114
北京,2016-01-06,70,129,0,0,0
北京,2016-01-07,57,121,0,0,57
北京,2016-01-08,66,65,0,0,57
北京,2016-01-09,61,131,0,61,57
北京,2016-01-10,66,120,0,57,0
北京,2016-01-11,65,128,0,57,0
北京,2016-01-12,74,125,0,0,0
北京,2016-01-13,66,59,0,57,0
北京,2016-01-14,73,116,0,0,0
北京,2016-01-15,69,129,0,57,57
北京,2016-01-16,66,65,0,66,57
北京,2016-01-17,66,119,0,0,0
北京,2016-01-18,69,117,0,57,0
北京,2016-01-19,61,127,0,57,0
北京,2016-01-20,66,651,0,0,0
北京,2016-01-21,60,1349,0,57,0
北京,2016-01-22,61,1093,0,0,0
北京,2016-01-23,61,488,0,0,0
北京,2016-01-24,61,357,0,57,57
北京,2016-01-25,61,359,0,0,0
北京,2016-01-26,61,275,0,0,0
北京,2016-01-27,57,255,0,61,60
北京,2016-01-28,65,212,0,65,0
北京,2016-01-29,66,238,0,57,57
北京,2016-01-30,66,177,0,0,0
北京,2016-01-31,60,174,0,60,0
北京,2016-02-01,60,201,0,0,0
北京,2016-02-02,61,188,0,0,0
北京,2016-02-03,0,172,0,0,0
北京,2016-02-04,65,141,0,57,0
北京,2016-02-05,57,120,0,57,0
北京,2016-02-06,57,138,0,0,0
北京,2016-02-07,57,129,0,0,0
北京,2016-02-08,0,128,0,0,0
北京,2016-02-09,65,79,0,0,0
北京,2016-02-10,61,119,0,0,0
北京,2016-02-11,61,233,0,65,0
北京,2016-02-12,57,140,0,57,57
北京,2016-02-13,61,267,0,57,57
北京,2016-02-14,57,362,0,57,0
北京,2016-02-15,65,248,0,57,0
北京,2016-02-16,66,324,0,57,0
北京,2016-02-17,57,358,0,61,0
北京,2016-02-18,60,218,0,147,0
北京,2016-02-19,104,251,0,275,57
北京,2016-02-20,61,168,0,153,57
北京,2016-02-21,65,166,0,142,0
北京,2016-02-22,70,206,0,164,0
北京,2016-02-23,69,177,0,152,59
北京,2016-02-24,70,193,0,152,57
北京,2016-02-25,79,221,0,153,0
北京,2016-02-26,150,169,0,147,57
北京,2016-02-27,146,154,0,133,0
北京,2016-02-28,130,155,0,126,0
北京,2016-02-29,153,158,0,139,57
北京,2016-03-01,121,182,0,136,57
北京,2016-03-02,146,174,0,147,0
北京,2016-03-03,130,176,0,133,0
北京,2016-03-04,135,161,0,144,57
北京,2016-03-05,136,150,0,122,0
北京,2016-03-06,127,151,0,124,0
北京,2016-03-07,142,190,0,134,57
北京,2016-03-08,134,161,0,136,0
北京,2016-03-09,122,153,0,125,61
北京,2016-03-10,130,171,0,125,0
北京,2016-03-11,124,148,0,125,57
北京,2016-03-12,127,158,0,116,59
北京,2016-03-13,129,149,0,63,0
北京,2016-03-14,134,151,0,127,59
北京,2016-03-15,130,161,0,120,57
北京,2016-03-16,128,155,0,134,0
北京,2016-03-17,142,165,0,120,59
北京,2016-03-18,135,151,0,114,0
北京,2016-03-19,134,136,0,117,0
北京,2016-03-20,122,133,0,60,57
北京,2016-03-21,139,137,0,122,61
北京,2016-03-22,134,158,0,125,114
北京,2016-03-23,157,153,0,118,0
北京,2016-03-24,136,149,0,120,57
北京,2016-03-25,135,138,0,127,0
北京,2016-03-26,123,135,0,114,0
北京,2016-03-27,166,138,0,116,0
北京,2016-03-28,141,139,0,68,0
北京,2016-03-29,167,149,0,124,59
北京,2016-03-30,131,146,0,72,0
北京,2016-03-31,138,172,0,118,0
北京,2016-04-01,142,145,0,129,0
北京,2016-04-02,120,134,0,59,0
北京,2016-04-03,78,125,0,114,0
北京,2016-04-04,131,144,0,60,57
北京,2016-04-05,138,153,0,64,64
北京,2016-04-06,153,170,0,120,59
北京,2016-04-07,157,158,0,125,0
北京,2016-04-08,171,146,0,116,57
北京,2016-04-09,69,130,0,116,0
北京,2016-04-10,138,136,0,117,57
北京,2016-04-11,140,161,0,63,57
北京,2016-04-12,150,153,0,129,0
北京,2016-04-13,132,144,0,121,0
北京,2016-04-14,173,149,0,114,0
北京,2016-04-15,163,137,0,119,57
北京,2016-04-16,189,122,0,59,0
北京,2016-04-17,147,119,0,0,0
北京,2016-04-18,135,140,0,57,57
北京,2016-04-19,127,141,0,63,0
北京,2016-04-20,133,144,0,57,57
北京,2016-04-21,134,135,0,121,57
北京,2016-04-22,147,129,0,127,0
北京,2016-04-23,136,130,0,118,0
北京,2016-04-24,143,137,0,129,0
北京,2016-04-25,136,141,0,124,0
北京,2016-04-26,152,150,0,140,57
北京,2016-04-27,149,140,0,138,0
北京,2016-04-28,142,152,0,147,82
北京,2016-04-29,138,147,0,144,57
北京,2016-04-30,144,132,0,87,0
北京,2016-05-01,141,132,0,127,0
北京,2016-05-02,127,127,0,114,0
北京,2016-05-03,152,150,0,63,57
北京,2016-05-04,142,148,0,126,0
北京,2016-05-05,139,148,0,135,57
北京,2016-05-06,137,150,0,119,57
北京,2016-05-07,83,134,0,120,0
北京,2016-05-08,73,139,0,57,0
北京,2016-05-09,167,149,0,127,0
北京,2016-05-10,151,153,0,124,57
北京,2016-05-11,146,155,0,120,0
北京,2016-05-12,174,142,0,59,0
北京,2016-05-13,161,140,0,120,0
北京,2016-05-14,164,127,0,66,0
北京,2016-05-15,146,137,0,61,0
北京,2016-05-16,164,147,0,124,57
北京,2016-05-17,195,155,0,131,0
北京,2016-05-18,174,149,0,63,0
北京,2016-05-19,166,142,0,122,0
北京,2016-05-20,164,150,0,135,0
北京,2016-05-21,165,133,0,129,0
北京,2016-05-22,163,124,0,116,0
北京,2016-05-23,178,152,0,120,0
北京,2016-05-24,155,148,0,129,0
北京,2016-05-25,183,138,0,127,0
北京,2016-05-26,172,142,0,127,57
北京,2016-05-27,202,140,0,120,0
北京,2016-05-28,149,139,0,123,57
北京,2016-05-29,168,144,0,118,57
北京,2016-05-30,189,155,0,133,0
北京,2016-05-31,170,139,0,142,57
北京,2016-06-01,179,154,0,124,0
北京,2016-06-02,183,150,0,133,0
北京,2016-06-03,171,134,0,132,57
北京,2016-06-04,155,127,0,131,0
北京,2016-06-05,154,131,0,116,0
北京,2016-06-06,202,148,0,126,0
北京,2016-06-07,159,154,0,128,0
北京,2016-06-08,160,124,0,61,0
北京,2016-06-09,167,130,0,122,0
北京,2016-06-10,181,127,0,57,0
北京,2016-06-11,145,132,0,60,0
北京,2016-06-12,159,142,0,66,0
北京,2016-06-13,170,151,0,118,63
北京,2016-06-14,172,148,0,57,57
北京,2016-06-15,189,137,0,116,0
北京,2016-06-16,162,155,0,121,57
北京,2016-06-17,166,139,0,64,59
北京,2016-06-18,147,133,0,118,0
北京,2016-06-19,155,149,0,117,0
北京,2016-06-20,166,140,0,117,59
北京,2016-06-21,177,148,0,114,57
北京,2016-06-22,146,136,0,124,57
北京,2016-06-23,171,144,0,57,0
北京,2016-06-24,174,140,0,63,0
北京,2016-06-25,157,137,0,116,0
北京,2016-06-26,175,148,0,116,0
北京,2016-06-27,187,151,0,119,57
北京,2016-06-28,171,157,0,61,0
北京,2016-06-29,151,143,0,116,0
北京,2016-06-30,171,150,0,116,0
北京,2016-07-01,179,144,0,59,0
北京,2016-07-02,163,125,0,0,0
北京,2016-07-03,158,127,0,61,59
北京,2016-07-04,173,193,0,122,0
北京,2016-07-05,170,197,0,59,0
北京,2016-07-06,162,160,0,116,0
北京,2016-07-07,179,245,0,57,0
北京,2016-07-08,182,186,0,118,0
北京,2016-07-09,163,116,0,57,57
北京,2016-07-10,162,127,0,57,57
北京,2016-07-11,190,173,0,121,0
北京,2016-07-12,169,154,0,119,0
北京,2016-07-13,165,188,0,120,0
北京,2016-07-14,173,213,0,57,57
北京,2016-07-15,187,214,0,118,114
北京,2016-07-16,78,69,0,57,0
北京,2016-07-17,159,130,0,57,0
北京,2016-07-18,152,228,0,121,0
北京,2016-07-19,176,252,0,121,0
北京,2016-07-20,181,197,0,59,57
北京,2016-07-21,175,200,0,116,0
北京,2016-07-22,162,216,0,114,57
北京,2016-07-23,175,125,0,59,0
北京,2016-07-24,164,134,0,57,0
北京,2016-07-25,144,191,0,119,0
北京,2016-07-26,159,231,0,63,57
北京,2016-07-27,149,204,0,124,0
北京,2016-07-28,164,238,0,70,0
北京,2016-07-29,160,146,0,120,0
北京,2016-07-30,158,142,0,60,0
北京,2016-07-31,163,129,0,57,0
北京,2016-08-01,160,144,0,135,0
北京,2016-08-02,158,143,0,116,0
北京,2016-08-03,173,154,0,124,0
北京,2016-08-04,166,147,0,129,0
北京,2016-08-05,149,167,0,120,0
北京,2016-08-06,171,122,0,116,0
北京,2016-08-07,99,133,0,0,0
北京,2016-08-08,178,155,0,120,0
北京,2016-08-09,162,148,0,64,0
北京,2016-08-10,209,142,0,119,0
北京,2016-08-11,180,176,0,118,0
北京,2016-08-12,171,167,0,61,0
北京,2016-08-13,152,124,0,61,0
北京,2016-08-14,83,61,0,117,0
北京,2016-08-15,180,131,0,57,0
北京,2016-08-16,153,137,0,122,0
北京,2016-08-17,177,150,0,59,0
北京,2016-08-18,191,135,0,116,0
北京,2016-08-19,162,146,0,114,0
北京,2016-08-20,164,140,0,122,57
北京,2016-08-21,157,125,0,61,0
北京,2016-08-22,198,137,0,121,57
北京,2016-08-23,186,132,0,118,0
北京,2016-08-24,198,138,0,59,57
北京,2016-08-25,203,142,0,0,57
北京,2016-08-26,185,137,0,63,0
北京,2016-08-27,176,129,0,117,0
北京,2016-08-28,159,131,0,61,0
北京,2016-08-29,196,124,0,59,0
北京,2016-08-30,189,149,0,114,0
北京,2016-08-31,168,140,0,126,57
北京,2016-09-01,202,142,0,124,0
北京,2016-09-02,186,145,0,116,0
北京,2016-09-03,198,140,0,59,0
北京,2016-09-04,178,151,0,116,0
北京,2016-09-05,195,148,0,114,0
北京,2016-09-06,212,146,0,118,0
北京,2016-09-07,238,152,0,118,0
北京,2016-09-08,188,156,0,114,0
北京,2016-09-09,203,143,0,114,0
北京,2016-09-10,205,123,0,59,0
北京,2016-09-11,207,155,0,59,0
北京,2016-09-12,209,139,0,121,57
北京,2016-09-13,199,135,0,63,57
北京,2016-09-14,191,139,0,114,57
北京,2016-09-15,203,127,0,59,0
北京,2016-09-16,198,130,0,57,0
北京,2016-09-17,204,132,0,57,0
北京,2016-09-18,194,133,0,59,0
北京,2016-09-19,196,140,0,59,0
北京,2016-09-20,202,140,0,61,57
北京,2016-09-21,193,138,0,63,0
北京,2016-09-22,189,147,0,59,59
北京,2016-09-23,210,136,0,59,0
北京,2016-09-24,181,128,0,0,0
北京,2016-09-25,174,129,0,0,0
北京,2016-09-26,224,131,0,57,0
北京,2016-09-27,166,132,0,68,0
北京,2016-09-28,183,128,0,116,57
北京,2016-09-29,206,132,0,116,57
北京,2016-09-30,165,148,0,114,0
北京,2016-10-01,144,138,0,57,0
北京,2016-10-02,193,66,0,57,0
北京,2016-10-03,175,132,0,114,0
北京,2016-10-04,192,129,0,0,0
北京,2016-10-05,175,121,0,60,57
北京,2016-10-06,190,123,0,0,0
北京,2016-10-07,197,127,0,57,0
北京,2016-10-08,202,132,0,57,57
北京,2016-10-09,208,140,0,61,0
北京,2016-10-10,192,144,0,0,0
北京,2016-10-11,204,149,0,0,57
北京,2016-10-12,186,136,0,123,57
北京,2016-10-13,215,148,0,116,0
北京,2016-10-14,187,137,0,57,0
北京,2016-10-15,233,138,0,57,0
北京,2016-10-16,234,137,0,0,0
北京,2016-10-17,241,130,0,114,0
北京,2016-10-18,242,156,0,125,0
北京,2016-10-19,196,157,0,121,57
北京,2016-10-20,197,161,0,59,0
北京,2016-10-21,213,148,0,121,0
北京,2016-10-22,199,143,0,57,0
北京,2016-10-23,168,129,0,57,0
北京,2016-10-24,173,137,0,61,0
北京,2016-10-25,168,142,0,114,57
北京,2016-10-26,196,140,0,63,0
北京,2016-10-27,179,150,0,0,59
北京,2016-10-28,170,145,0,57,0
北京,2016-10-29,162,120,0,57,0
北京,2016-10-30,170,131,0,0,0
北京,2016-10-31,151,157,0,118,0
北京,2016-11-01,173,152,0,116,0
北京,2016-11-02,164,127,0,116,57
北京,2016-11-03,185,138,0,61,0
北京,2016-11-04,175,139,0,124,59
北京,2016-11-05,154,132,0,116,0
北京,2016-11-06,187,131,0,61,0
北京,2016-11-07,172,155,0,61,0
北京,2016-11-08,100,66,0,61,57
北京,2016-11-09,118,70,0,116,0
北京,2016-11-10,142,132,0,127,59
北京,2016-11-11,144,147,0,116,0
北京,2016-11-12,159,136,0,120,0
北京,2016-11-13,172,140,0,114,0
北京,2016-11-14,200,142,0,116,57
北京,2016-11-15,195,198,0,126,57
北京,2016-11-16,152,482,0,118,0
北京,2016-11-17,173,381,0,116,0
北京,2016-11-18,165,482,0,117,0
北京,2016-11-19,176,455,0,0,0
北京,2016-11-20,153,238,0,117,0
北京,2016-11-21,178,272,0,63,0
北京,2016-11-22,147,245,0,57,0
北京,2016-11-23,162,578,0,124,0
北京,2016-11-24,169,273,0,63,0
北京,2016-11-25,168,252,0,0,57
北京,2016-11-26,176,183,0,57,0
北京,2016-11-27,179,194,0,114,0
北京,2016-11-28,153,215,0,124,57
北京,2016-11-29,168,223,0,124,114
北京,2016-11-30,176,187,0,59,0
北京,2016-12-01,149,211,0,123,0
北京,2016-12-02,161,222,0,57,57
北京,2016-12-03,168,153,0,59,0
北京,2016-12-04,100,167,0,0,0
北京,2016-12-05,160,172,0,120,57
北京,2016-12-06,169,157,0,122,0
北京,2016-12-07,168,165,0,118,0
北京,2016-12-08,181,174,0,116,0
北京,2016-12-09,187,160,0,120,0
北京,2016-12-10,185,144,0,117,0
北京,2016-12-11,217,138,0,118,0
北京,2016-12-12,212,163,0,126,0
北京,2016-12-13,198,163,0,119,57
北京,2016-12-14,197,171,0,66,57
北京,2016-12-15,185,139,0,121,0
北京,2016-12-16,162,149,0,116,0
北京,2016-12-17,155,131,0,114,57
北京,2016-12-18,175,163,0,114,0
北京,2016-12-19,159,161,0,0,0
北京,2016-12-20,155,168,0,116,0
北京,2016-12-21,143,163,0,118,66
北京,2016-12-22,153,166,0,114,57
北京,2016-12-23,159,161,0,117,116
北京,2016-12-24,161,157,0,117,0
北京,2016-12-25,169,136,0,118,0
北京,2016-12-26,156,166,0,59,118
北京,2016-12-27,160,153,0,114,59
北京,2016-12-28,142,234,0,57,0
北京,2016-12-29,167,236,0,57,57
北京,2016-12-30,152,159,0,127,59
北京,2016-12-31,92,135,0,60,0
北京,2017-01-01,131,158,0,61,0
北京,2017-01-02,146,158,0,57,57
北京,2017-01-03,178,177,0,118,59
北京,2017-01-04,141,172,0,61,0
北京,2017-01-05,173,209,0,65,0
北京,2017-01-06,177,186,0,61,57
北京,2017-01-07,162,172,0,116,0
北京,2017-01-08,157,150,0,116,0
北京,2017-01-09,154,174,0,59,0
北京,2017-01-10,152,167,0,59,0
北京,2017-01-11,173,174,0,0,0
北京,2017-01-12,171,168,0,120,0
北京,2017-01-13,142,143,0,114,0
北京,2017-01-14,144,138,0,57,0
北京,2017-01-15,140,134,0,57,0
北京,2017-01-16,153,147,0,59,0
北京,2017-01-17,155,150,0,57,57
北京,2017-01-18,157,129,0,120,0
北京,2017-01-19,146,134,0,116,0
北京,2017-01-20,140,141,0,114,57
北京,2017-01-21,148,138,0,57,0
北京,2017-01-22,144,138,0,0,0
北京,2017-01-23,144,161,0,57,0
北京,2017-01-24,83,127,0,61,0
北京,2017-01-25,139,161,0,57,0
北京,2017-01-26,79,175,0,59,0
北京,2017-01-27,69,144,0,0,0
北京,2017-01-28,82,78,0,0,0
北京,2017-01-29,142,125,0,0,0
北京,2017-01-30,87,130,0,0,0
北京,2017-01-31,86,135,0,57,0
北京,2017-02-01,159,187,0,114,0
北京,2017-02-02,83,232,0,0,0
北京,2017-02-03,162,367,0,61,0
北京,2017-02-04,151,413,0,116,59
北京,2017-02-05,175,278,0,57,0
北京,2017-02-06,181,325,0,124,0
北京,2017-02-07,168,289,0,123,0
北京,2017-02-08,160,274,0,114,0
北京,2017-02-09,153,303,0,124,0
北京,2017-02-10,171,286,0,119,0
北京,2017-02-11,144,194,0,114,0
北京,2017-02-12,140,183,0,61,0
北京,2017-02-13,179,213,0,59,0
北京,2017-02-14,157,235,0,61,0
北京,2017-02-15,170,246,0,57,0
北京,2017-02-16,168,245,0,118,0
北京,2017-02-17,181,225,0,114,57
北京,2017-02-18,109,200,0,114,0
北京,2017-02-19,174,194,0,57,0
北京,2017-02-20,156,212,0,0,57
北京,2017-02-21,184,240,0,116,57
北京,2017-02-22,172,228,0,121,0
北京,2017-02-23,153,202,0,114,57
北京,2017-02-24,154,234,0,57,59
北京,2017-02-25,122,216,0,57,0
北京,2017-02-26,192,196,0,57,0
北京,2017-02-27,188,210,0,63,57
北京,2017-02-28,176,214,0,59,0
北京,2017-03-01,154,180,0,118,0
北京,2017-03-02,138,194,0,57,57
北京,2017-03-03,135,185,0,61,0
北京,2017-03-04,141,198,0,60,57
北京,2017-03-05,133,175,0,60,0
北京,2017-03-06,129,247,0,116,0
北京,2017-03-07,157,218,0,124,0
北京,2017-03-08,136,203,0,117,0
北京,2017-03-09,150,219,0,0,57
北京,2017-03-10,140,207,0,118,0
北京,2017-03-11,129,210,0,59,0
北京,2017-03-12,143,186,0,116,0
北京,2017-03-13,142,248,0,0,0
北京,2017-03-14,163,216,0,121,59
北京,2017-03-15,161,175,0,124,0
北京,2017-03-16,145,227,0,57,0
北京,2017-03-17,149,217,0,57,0
北京,2017-03-18,134,201,0,118,0
北京,2017-03-19,83,195,0,116,0
北京,2017-03-20,143,205,0,122,57
北京,2017-03-21,140,204,0,63,61
北京,2017-03-22,139,220,0,116,61
北京,2017-03-23,144,198,0,128,0
北京,2017-03-24,151,204,0,120,0
北京,2017-03-25,105,243,0,61,0
北京,2017-03-26,144,219,0,117,0
北京,2017-03-27,140,226,0,57,57
北京,2017-03-28,143,218,0,116,0
北京,2017-03-29,144,240,0,118,0
北京,2017-03-30,135,228,0,119,59
北京,2017-03-31,127,206,0,0,0
北京,2017-04-01,74,207,0,61,0
北京,2017-04-02,151,201,0,57,0
北京,2017-04-03,140,189,0,0,0
北京,2017-04-04,143,229,0,57,0
北京,2017-04-05,142,261,0,57,57
北京,2017-04-06,131,265,0,114,0
北京,2017-04-07,140,261,0,59,0
北京,2017-04-08,79,272,0,114,57
北京,2017-04-09,150,261,0,114,0
北京,2017-04-10,142,263,0,57,0
北京,2017-04-11,143,344,0,59,0
北京,2017-04-12,142,294,0,114,57
北京,2017-04-13,162,273,0,116,0
北京,2017-04-14,158,297,0,57,0
北京,2017-04-15,146,242,0,120,0
北京,2017-04-16,141,277,0,57,57
北京,2017-04-17,145,301,0,118,57
北京,2017-04-18,133,289,0,66,0
北京,2017-04-19,142,281,0,70,0
北京,2017-04-20,87,278,0,123,0
北京,2017-04-21,151,261,0,57,0
北京,2017-04-22,83,236,0,60,0
北京,2017-04-23,73,260,0,114,57
北京,2017-04-24,147,284,0,123,0
北京,2017-04-25,149,291,0,114,0
北京,2017-04-26,153,248,0,61,0
北京,2017-04-27,146,246,0,119,0
北京,2017-04-28,138,248,0,123,57
北京,2017-04-29,82,201,0,57,0
北京,2017-04-30,126,222,0,116,0
北京,2017-05-01,91,202,0,0,0
北京,2017-05-02,150,224,0,120,0
北京,2017-05-03,140,217,0,114,0
北京,2017-05-04,153,200,0,125,0
北京,2017-05-05,149,239,0,119,57
北京,2017-05-06,95,189,0,57,0
北京,2017-05-07,144,205,0,57,0
北京,2017-05-08,169,214,0,119,61
北京,2017-05-09,160,218,0,61,114
北京,2017-05-10,138,313,0,118,0
北京,2017-05-11,142,291,0,116,57
北京,2017-05-12,137,283,0,60,0
北京,2017-05-13,104,245,0,57,0
北京,2017-05-14,83,243,0,116,0
北京,2017-05-15,165,304,0,121,0
北京,2017-05-16,151,275,0,61,0
北京,2017-05-17,145,300,0,118,0
北京,2017-05-18,164,269,0,116,0
北京,2017-05-19,142,275,0,114,0
北京,2017-05-20,127,255,0,57,0
北京,2017-05-21,149,249,0,57,0
北京,2017-05-22,155,271,0,116,57
北京,2017-05-23,149,252,0,121,57
北京,2017-05-24,142,264,0,118,57
北京,2017-05-25,145,251,0,66,61
北京,2017-05-26,148,228,0,125,57
北京,2017-05-27,149,261,0,57,57
北京,2017-05-28,152,204,0,120,0
北京,2017-05-29,83,181,0,61,0
北京,2017-05-30,156,204,0,57,0
北京,2017-05-31,154,205,0,116,0
北京,2017-06-01,177,226,0,64,57
北京,2017-06-02,200,224,0,126,0
北京,2017-06-03,166,235,0,66,0
北京,2017-06-04,162,195,0,118,0
北京,2017-06-05,162,232,0,116,57
北京,2017-06-06,165,258,0,118,0
北京,2017-06-07,179,258,0,122,0
北京,2017-06-08,138,266,0,118,0
北京,2017-06-09,164,221,0,114,59
北京,2017-06-10,140,219,0,60,0
北京,2017-06-11,151,251,0,114,0
北京,2017-06-12,157,250,0,118,57
北京,2017-06-13,163,261,0,63,0
北京,2017-06-14,164,292,0,122,0
北京,2017-06-15,176,294,0,123,0
北京,2017-06-16,147,290,0,120,0
北京,2017-06-17,151,272,0,114,0
北京,2017-06-18,160,276,0,114,0
北京,2017-06-19,168,312,0,121,0
北京,2017-06-20,155,404,0,122,0
北京,2017-06-21,163,318,0,114,57
北京,2017-06-22,140,343,0,125,57
北京,2017-06-23,163,354,0,120,89
北京,2017-06-24,149,238,0,116,0
北京,2017-06-25,143,283,0,70,0
北京,2017-06-26,163,319,0,124,0
北京,2017-06-27,150,362,0,133,120
北京,2017-06-28,155,338,0,123,104
北京,2017-06-29,160,302,0,129,57
北京,2017-06-30,159,274,0,124,95
北京,2017-07-01,144,216,0,117,57
北京,2017-07-02,87,217,0,57,0
北京,2017-07-03,154,265,0,66,57
北京,2017-07-04,150,311,0,134,0
北京,2017-07-05,151,266,0,64,120
北京,2017-07-06,165,254,0,125,0
北京,2017-07-07,151,289,0,120,104
北京,2017-07-08,158,214,0,114,0
北京,2017-07-09,140,202,0,118,0
北京,2017-07-10,195,259,0,119,57
北京,2017-07-11,168,274,0,114,116
北京,2017-07-12,175,259,0,123,0
北京,2017-07-13,163,257,0,66,0
北京,2017-07-14,158,239,0,125,0
北京,2017-07-15,148,213,0,118,0
北京,2017-07-16,169,237,0,57,0
北京,2017-07-17,157,258,0,129,87
北京,2017-07-18,171,261,0,159,0
北京,2017-07-19,154,256,0,127,121
北京,2017-07-20,185,236,0,140,0
北京,2017-07-21,159,247,0,135,83
北京,2017-07-22,155,165,0,114,0
北京,2017-07-23,150,184,0,122,0
北京,2017-07-24,177,215,0,133,120
北京,2017-07-25,148,232,0,122,57
北京,2017-07-26,155,242,0,63,0
北京,2017-07-27,154,224,0,120,0
北京,2017-07-28,151,189,0,124,0
北京,2017-07-29,144,174,0,60,0
北京,2017-07-30,141,165,0,117,0
北京,2017-07-31,155,225,0,118,0
北京,2017-08-01,143,204,0,124,116
北京,2017-08-02,145,210,0,124,0
北京,2017-08-03,153,216,0,129,114
北京,2017-08-04,166,209,0,121,0
北京,2017-08-05,153,194,0,116,0
北京,2017-08-06,151,202,0,116,0
北京,2017-08-07,164,247,0,140,57
北京,2017-08-08,178,225,0,129,0
北京,2017-08-09,165,246,0,117,0
北京,2017-08-10,163,256,0,132,0
北京,2017-08-11,151,262,0,116,120
北京,2017-08-12,133,187,0,60,0
北京,2017-08-13,147,215,0,123,0
北京,2017-08-14,145,270,0,153,0
北京,2017-08-15,146,252,0,129,112
北京,2017-08-16,168,286,0,127,118
北京,2017-08-17,158,259,0,123,0
北京,2017-08-18,144,281,0,127,0
北京,2017-08-19,135,209,0,70,0
北京,2017-08-20,152,228,0,60,0
北京,2017-08-21,153,260,0,131,85
北京,2017-08-22,171,258,0,131,0
北京,2017-08-23,150,280,0,68,0
北京,2017-08-24,155,282,0,124,76
北京,2017-08-25,149,278,0,121,0
北京,2017-08-26,134,273,0,120,0
北京,2017-08-27,134,260,0,57,0
北京,2017-08-28,162,287,0,116,83
北京,2017-08-29,153,289,0,134,0
北京,2017-08-30,165,374,0,124,0
北京,2017-08-31,140,333,0,124,66
北京,2017-09-01,149,355,0,119,61
北京,2017-09-02,147,338,0,126,0
北京,2017-09-03,155,312,0,121,0
北京,2017-09-04,155,461,0,116,57
北京,2017-09-05,160,510,0,123,0
北京,2017-09-06,158,367,0,123,61
北京,2017-09-07,158,384,0,136,72
北京,2017-09-08,155,324,0,116,0
北京,2017-09-09,140,318,0,120,0
北京,2017-09-10,150,282,0,118,0
北京,2017-09-11,140,326,0,114,0
北京,2017-09-12,176,268,0,116,57
北京,2017-09-13,166,273,0,118,57
北京,2017-09-14,164,331,0,119,0
北京,2017-09-15,156,360,0,132,0
北京,2017-09-16,166,281,0,66,0
北京,2017-09-17,153,317,0,118,57
北京,2017-09-18,154,280,0,116,57
北京,2017-09-19,168,291,0,125,0
北京,2017-09-20,163,328,0,129,0
北京,2017-09-21,163,311,0,120,59
北京,2017-09-22,153,294,0,116,0
北京,2017-09-23,146,174,0,117,0
北京,2017-09-24,161,183,0,117,0
北京,2017-09-25,157,200,0,125,0
北京,2017-09-26,156,266,0,123,114
北京,2017-09-27,146,223,0,120,0
北京,2017-09-28,156,242,0,124,61
北京,2017-09-29,151,250,0,122,57
北京,2017-09-30,138,189,0,60,0
北京,2017-10-01,141,169,0,114,57
北京,2017-10-02,134,171,0,116,0
北京,2017-10-03,138,178,0,114,0
北京,2017-10-04,125,157,0,60,0
北京,2017-10-05,133,180,0,57,0
北京,2017-10-06,79,155,0,60,0
北京,2017-10-07,134,172,0,57,0
北京,2017-10-08,146,216,0,57,0
北京,2017-10-09,185,214,0,130,0
北京,2017-10-10,162,227,0,127,0
北京,2017-10-11,170,249,0,129,0
北京,2017-10-12,165,238,0,65,0
北京,2017-10-13,151,267,0,125,0
北京,2017-10-14,141,222,0,66,0
北京,2017-10-15,146,214,0,66,0
北京,2017-10-16,167,227,0,125,57
北京,2017-10-17,153,199,0,133,0
北京,2017-10-18,156,194,0,127,0
北京,2017-10-19,186,259,0,128,59
北京,2017-10-20,174,238,0,125,57
北京,2017-10-21,155,189,0,118,0
北京,2017-10-22,156,238,0,59,0
北京,2017-10-23,178,251,0,130,0
北京,2017-10-24,160,268,0,123,0
北京,2017-10-25,149,228,0,120,0
北京,2017-10-26,175,260,0,120,0
北京,2017-10-27,159,237,0,60,0
北京,2017-10-28,144,212,0,118,0
北京,2017-10-29,149,180,0,125,57
北京,2017-10-30,151,261,0,126,57
北京,2017-10-31,168,231,0,125,59
北京,2017-11-01,153,200,0,131,0
北京,2017-11-02,162,176,0,61,0
北京,2017-11-03,161,165,0,57,0
北京,2017-11-04,155,159,0,126,0
北京,2017-11-05,166,175,0,57,59
北京,2017-11-06,161,269,0,124,0
北京,2017-11-07,161,210,0,131,0
北京,2017-11-08,142,219,0,131,57
北京,2017-11-09,160,217,0,116,0
北京,2017-11-10,159,171,0,123,0
北京,2017-11-11,144,152,0,118,0
北京,2017-11-12,149,174,0,123,0
北京,2017-11-13,136,188,0,122,0
北京,2017-11-14,174,203,0,128,0
北京,2017-11-15,174,214,0,133,0
北京,2017-11-16,161,193,0,131,0
北京,2017-11-17,147,185,0,60,0
北京,2017-11-18,142,140,0,70,0
北京,2017-11-19,151,183,0,122,57
北京,2017-11-20,152,229,0,127,0
北京,2017-11-21,168,219,0,124,57
北京,2017-11-22,150,232,0,118,0
北京,2017-11-23,171,222,0,118,0
北京,2017-11-24,159,188,0,119,0
北京,2017-11-25,159,212,0,124,0
北京,2017-11-26,152,182,0,124,0
北京,2017-11-27,146,230,0,57,0
北京,2017-11-28,159,267,0,126,57
北京,2017-11-29,173,285,0,121,0
北京,2017-11-30,160,247,0,128,0
北京,2017-12-01,146,213,0,120,59
北京,2017-12-02,141,184,0,57,0
北京,2017-12-03,149,192,0,61,0
北京,2017-12-04,147,266,0,67,0
北京,2017-12-05,149,254,0,122,0
北京,2017-12-06,157,238,0,129,0
北京,2017-12-07,179,279,0,120,0
北京,2017-12-08,183,275,0,57,0
北京,2017-12-09,189,263,0,124,0
北京,2017-12-10,172,221,0,65,0
北京,2017-12-11,205,260,0,61,0
北京,2017-12-12,251,258,0,131,0
北京,2017-12-13,208,312,0,130,0
北京,2017-12-14,173,346,0,130,0
北京,2017-12-15,173,299,0,123,0
北京,2017-12-16,223,239,0,66,57
北京,2017-12-17,160,291,0,117,0
北京,2017-12-18,184,304,0,118,0
北京,2017-12-19,218,374,0,121,57
北京,2017-12-20,199,333,0,115,0
北京,2017-12-21,174,373,0,124,0
北京,2017-12-22,187,391,0,121,0
北京,2017-12-23,147,282,0,117,0
北京,2017-12-24,175,274,0,117,0
北京,2017-12-25,158,305,0,126,0
北京,2017-12-26,171,323,0,126,61
北京,2017-12-27,191,344,0,128,0
北京,2017-12-28,203,348,0,120,0
北京,2017-12-29,179,323,0,117,0
北京,2017-12-30,167,277,0,118,0
北京,2017-12-31,176,240,0,114,0
北京,2018-01-01,172,225,0,61,0
北京,2018-01-02,155,356,0,119,0
北京,2018-01-03,171,399,0,120,0
北京,2018-01-04,169,414,0,118,57
北京,2018-01-05,165,440,0,126,57
北京,2018-01-06,175,386,0,63,0
北京,2018-01-07,167,450,0,120,57
北京,2018-01-08,157,557,0,128,57
北京,2018-01-09,156,492,0,61,57
北京,2018-01-10,161,590,0,118,0
北京,2018-01-11,175,640,0,64,57
北京,2018-01-12,174,470,0,126,0
北京,2018-01-13,225,423,0,118,0
北京,2018-01-14,186,409,0,117,0
北京,2018-01-15,201,482,0,118,57
北京,2018-01-16,189,496,0,117,57
北京,2018-01-17,195,482,0,120,0
北京,2018-01-18,205,425,0,116,0
北京,2018-01-19,188,371,0,116,0
北京,2018-01-20,187,326,0,115,0
北京,2018-01-21,163,299,0,122,0
北京,2018-01-22,180,372,0,63,59
北京,2018-01-23,171,333,0,126,57
北京,2018-01-24,170,335,0,118,0
北京,2018-01-25,172,357,0,61,57
北京,2018-01-26,156,427,0,119,0
北京,2018-01-27,158,268,0,122,0
北京,2018-01-28,167,305,0,117,0
北京,2018-01-29,179,388,0,57,0
北京,2018-01-30,168,359,0,122,0
北京,2018-01-31,200,358,0,57,0
北京,2018-02-01,172,375,0,118,57
北京,2018-02-02,178,388,0,122,0
北京,2018-02-03,153,274,0,114,57
北京,2018-02-04,178,302,0,63,0
北京,2018-02-05,196,371,0,120,0
北京,2018-02-06,210,375,0,116,0
北京,2018-02-07,187,374,0,118,0
北京,2018-02-08,169,357,0,61,0
北京,2018-02-09,171,316,0,124,0
北京,2018-02-10,158,210,0,60,0
北京,2018-02-11,158,269,0,60,0
北京,2018-02-12,144,244,0,0,0
北京,2018-02-13,146,205,0,115,0
北京,2018-02-14,135,187,0,58,0
北京,2018-02-15,76,174,0,60,0
北京,2018-02-16,80,182,0,0,0
北京,2018-02-17,137,214,0,57,0
北京,2018-02-18,137,200,0,58,0
北京,2018-02-19,147,201,0,117,0
北京,2018-02-20,137,225,0,58,0
北京,2018-02-21,153,266,0,118,0
北京,2018-02-22,178,324,0,57,0
北京,2018-02-23,187,327,0,119,0
北京,2018-02-24,176,340,0,118,0
北京,2018-02-25,175,310,0,58,0
北京,2018-02-26,212,401,0,122,0
北京,2018-02-27,193,408,0,63,57
北京,2018-02-28,220,419,0,123,59
北京,2018-03-01,187,377,0,121,0
北京,2018-03-02,175,374,0,114,0
北京,2018-03-03,165,279,0,119,0
北京,2018-03-04,176,318,0,118,0
北京,2018-03-05,179,377,0,118,0
北京,2018-03-06,180,394,0,120,57
北京,2018-03-07,157,413,0,120,0
北京,2018-03-08,183,487,0,116,0
北京,2018-03-09,182,737,0,118,0
北京,2018-03-10,157,375,0,122,0
北京,2018-03-11,166,328,0,119,0
北京,2018-03-12,175,412,0,117,0
北京,2018-03-13,192,410,0,119,58
北京,2018-03-14,169,366,0,124,0
北京,2018-03-15,195,402,0,120,0
北京,2018-03-16,187,361,0,122,0
北京,2018-03-17,152,290,0,58,0
北京,2018-03-18,165,315,0,63,0
北京,2018-03-19,178,374,0,121,57
北京,2018-03-20,168,379,0,117,57
北京,2018-03-21,186,419,0,126,57
北京,2018-03-22,165,456,0,129,57
北京,2018-03-23,198,437,0,124,0
北京,2018-03-24,182,313,0,0,0
北京,2018-03-25,173,270,0,114,0
北京,2018-03-26,193,370,0,122,57
北京,2018-03-27,207,392,0,118,57
北京,2018-03-28,176,380,0,120,0
北京,2018-03-29,206,428,0,122,0
北京,2018-03-30,213,404,0,144,0
北京,2018-03-31,172,296,0,71,0
北京,2018-04-01,174,309,0,71,0
北京,2018-04-02,216,307,0,135,0
北京,2018-04-03,180,327,0,133,0
北京,2018-04-04,185,327,0,132,0
北京,2018-04-05,163,251,0,67,0
北京,2018-04-06,169,245,0,124,0
北京,2018-04-07,146,234,0,120,0
北京,2018-04-08,216,271,0,127,0
北京,2018-04-09,195,293,0,125,57
北京,2018-04-10,177,330,0,126,57
北京,2018-04-11,208,373,0,124,59
北京,2018-04-12,212,360,0,120,0
北京,2018-04-13,195,325,0,122,0
北京,2018-04-14,176,261,0,119,0
北京,2018-04-15,177,233,0,65,0
北京,2018-04-16,181,375,0,128,0
北京,2018-04-17,199,358,0,124,0
北京,2018-04-18,201,307,0,69,0
北京,2018-04-19,177,340,0,120,0
北京,2018-04-20,206,346,0,63,0
北京,2018-04-21,182,290,0,117,0
北京,2018-04-22,209,286,0,67,0
北京,2018-04-23,212,357,0,131,0
北京,2018-04-24,186,360,0,127,0
北京,2018-04-25,205,365,0,123,0
北京,2018-04-26,185,341,0,117,0
北京,2018-04-27,174,363,0,117,0
北京,2018-04-28,157,340,0,125,0
北京,2018-04-29,154,265,0,124,0
北京,2018-04-30,118,265,0,118,0
北京,2018-05-01,178,278,0,57,0
北京,2018-05-02,182,322,0,125,57
北京,2018-05-03,162,359,0,122,0
北京,2018-05-04,171,375,0,124,0
北京,2018-05-05,189,268,0,122,0
北京,2018-05-06,184,259,0,120,0
北京,2018-05-07,198,352,0,121,0
北京,2018-05-08,161,343,0,127,0
北京,2018-05-09,257,362,0,131,57
北京,2018-05-10,283,360,0,122,0
北京,2018-05-11,207,438,0,60,57
北京,2018-05-12,186,329,0,0,0
北京,2018-05-13,182,264,0,61,0
北京,2018-05-14,186,292,0,65,0
北京,2018-05-15,183,333,0,118,0
北京,2018-05-16,168,334,0,118,0
北京,2018-05-17,197,284,0,119,0
北京,2018-05-18,161,286,0,119,0
北京,2018-05-19,174,276,0,126,0
北京,2018-05-20,181,234,0,122,0
北京,2018-05-21,165,325,0,129,57
北京,2018-05-22,161,279,0,121,61
北京,2018-05-23,163,278,0,116,0
北京,2018-05-24,173,247,0,125,0
北京,2018-05-25,189,259,0,120,0
北京,2018-05-26,173,242,0,119,57
北京,2018-05-27,183,270,0,117,0
北京,2018-05-28,173,338,0,122,59
北京,2018-05-29,182,318,0,124,0
北京,2018-05-30,176,329,0,57,0
北京,2018-05-31,192,325,0,116,0
北京,2018-06-01,178,290,0,128,0
北京,2018-06-02,185,315,0,115,0
北京,2018-06-03,161,301,0,63,0
北京,2018-06-04,169,405,0,114,0
北京,2018-06-05,153,378,0,126,0
北京,2018-06-06,165,354,0,118,61
北京,2018-06-07,149,335,0,126,0
北京,2018-06-08,180,360,0,117,0
北京,2018-06-09,151,298,0,61,0
北京,2018-06-10,183,296,0,0,57
北京,2018-06-11,169,425,0,59,0
北京,2018-06-12,166,362,0,119,0
北京,2018-06-13,152,410,0,115,0
北京,2018-06-14,183,353,0,117,57
北京,2018-06-15,154,316,0,119,0
北京,2018-06-16,137,254,0,58,0
北京,2018-06-17,99,240,0,58,0
北京,2018-06-18,130,253,0,63,0
北京,2018-06-19,156,389,0,116,0
北京,2018-06-20,176,349,0,122,57
北京,2018-06-21,149,365,0,117,0
北京,2018-06-22,185,344,0,66,57
北京,2018-06-23,148,281,0,60,0
北京,2018-06-24,137,267,0,118,0
北京,2018-06-25,157,393,0,67,57
北京,2018-06-26,168,335,0,128,57
北京,2018-06-27,155,314,0,123,0
北京,2018-06-28,150,337,0,127,0
北京,2018-06-29,174,343,0,121,0
北京,2018-06-30,192,255,0,115,0
北京,2018-07-01,154,235,0,63,0
北京,2018-07-02,160,332,0,121,57
北京,2018-07-03,179,369,0,122,0
北京,2018-07-04,166,367,0,124,57
北京,2018-07-05,173,301,0,122,0
北京,2018-07-06,161,329,0,130,0
北京,2018-07-07,164,242,0,60,0
北京,2018-07-08,131,247,0,66,0
北京,2018-07-09,152,308,0,122,0
北京,2018-07-10,154,311,0,128,57
北京,2018-07-11,151,301,0,121,57
北京,2018-07-12,167,318,0,126,0
北京,2018-07-13,164,311,0,124,0
北京,2018-07-14,138,209,0,123,57
北京,2018-07-15,146,221,0,120,0
北京,2018-07-16,149,375,0,131,0
北京,2018-07-17,159,317,0,118,57
北京,2018-07-18,154,370,0,128,0
北京,2018-07-19,152,330,0,122,0
北京,2018-07-20,161,312,0,122,57
北京,2018-07-21,156,233,0,61,0
北京,2018-07-22,144,250,0,63,0
北京,2018-07-23,143,333,0,117,0
北京,2018-07-24,159,317,0,126,0
北京,2018-07-25,172,332,0,120,0
北京,2018-07-26,154,342,0,119,59
北京,2018-07-27,84,310,0,124,0
北京,2018-07-28,96,233,0,116,0
北京,2018-07-29,93,255,0,124,0
北京,2018-07-30,153,311,0,57,0
北京,2018-07-31,164,322,0,59,0
北京,2018-08-01,161,336,0,120,57
北京,2018-08-02,170,307,0,126,57
北京,2018-08-03,166,302,0,118,0
北京,2018-08-04,165,248,0,130,0
北京,2018-08-05,152,265,0,60,0
北京,2018-08-06,173,365,0,127,0
北京,2018-08-07,185,327,0,127,0
北京,2018-08-08,183,337,0,59,0
北京,2018-08-09,171,303,0,126,0
北京,2018-08-10,152,308,0,120,0
北京,2018-08-11,160,257,0,123,0
北京,2018-08-12,154,229,0,124,0
北京,2018-08-13,151,353,0,57,0
北京,2018-08-14,204,390,0,128,0
北京,2018-08-15,168,343,0,61,0
北京,2018-08-16,158,314,0,121,0
北京,2018-08-17,151,303,0,122,0
北京,2018-08-18,154,223,0,120,0
北京,2018-08-19,155,238,0,58,57
北京,2018-08-20,153,341,0,122,0
北京,2018-08-21,170,309,0,128,0
北京,2018-08-22,171,364,0,131,0
北京,2018-08-23,167,328,0,120,0
北京,2018-08-24,186,261,0,120,57
北京,2018-08-25,163,210,0,58,57
北京,2018-08-26,157,249,0,65,0
北京,2018-08-27,167,356,0,116,0
北京,2018-08-28,151,345,0,117,0
北京,2018-08-29,172,312,0,120,57
北京,2018-08-30,162,271,0,119,57
北京,2018-08-31,138,268,0,57,0
北京,2018-09-01,170,187,0,114,0
北京,2018-09-02,165,215,0,57,0
北京,2018-09-03,152,288,0,119,0
北京,2018-09-04,167,273,0,116,57
北京,2018-09-05,146,300,0,123,0
北京,2018-09-06,148,343,0,116,0
北京,2018-09-07,145,235,0,117,0
北京,2018-09-08,160,191,0,60,57
北京,2018-09-09,152,187,0,120,0
北京,2018-09-10,165,246,0,115,0
北京,2018-09-11,154,244,0,122,57
北京,2018-09-12,155,291,0,122,0
北京,2018-09-13,145,251,0,117,0
北京,2018-09-14,160,237,0,63,0
北京,2018-09-15,159,188,0,115,0
北京,2018-09-16,150,180,0,117,57
北京,2018-09-17,145,223,0,117,0
北京,2018-09-18,157,221,0,58,57
北京,2018-09-19,145,198,0,115,0
北京,2018-09-20,146,202,0,118,0
北京,2018-09-21,89,172,0,122,0
北京,2018-09-22,83,158,0,57,0
北京,2018-09-23,162,165,0,120,0
北京,2018-09-24,150,152,0,117,0
北京,2018-09-25,161,163,0,126,57
北京,2018-09-26,141,178,0,116,0
北京,2018-09-27,86,187,0,121,57
北京,2018-09-28,143,198,0,124,0
北京,2018-09-29,146,200,0,115,0
北京,2018-09-30,139,185,0,117,57
北京,2018-10-01,151,155,0,0,0
北京,2018-10-02,153,113,0,58,0
北京,2018-10-03,102,169,0,57,0
北京,2018-10-04,100,119,0,0,0
北京,2018-10-05,102,180,0,0,0
北京,2018-10-06,110,123,0,60,0
北京,2018-10-07,100,197,0,57,57
北京,2018-10-08,183,233,0,117,0
北京,2018-10-09,173,215,0,119,0
北京,2018-10-10,167,198,0,118,0
北京,2018-10-11,144,229,0,61,57
北京,2018-10-12,84,186,0,117,0
北京,2018-10-13,105,210,0,115,0
北京,2018-10-14,156,219,0,58,0
北京,2018-10-15,148,318,0,115,57
北京,2018-10-16,104,315,0,61,114
北京,2018-10-17,172,247,0,117,0
北京,2018-10-18,169,240,0,64,0
北京,2018-10-19,95,221,0,117,0
北京,2018-10-20,100,187,0,0,59
北京,2018-10-21,97,173,0,0,0
北京,2018-10-22,102,265,0,121,0
北京,2018-10-23,167,223,0,60,57
北京,2018-10-24,84,199,0,114,0
北京,2018-10-25,146,221,0,121,0
北京,2018-10-26,154,182,0,121,0
北京,2018-10-27,99,172,0,122,57
北京,2018-10-28,141,201,0,114,0
北京,2018-10-29,148,238,0,64,57
北京,2018-10-30,168,223,0,58,0
北京,2018-10-31,156,225,0,117,0
北京,2018-11-01,138,209,0,117,59
北京,2018-11-02,146,193,0,57,0
北京,2018-11-03,144,171,0,58,0
北京,2018-11-04,136,141,0,123,0
北京,2018-11-05,147,201,0,122,0
北京,2018-11-06,141,223,0,124,0
北京,2018-11-07,154,234,0,65,0
北京,2018-11-08,137,191,0,117,59
北京,2018-11-09,126,178,0,127,0
北京,2018-11-10,80,193,0,117,0
北京,2018-11-11,133,158,0,57,0
北京,2018-11-12,133,272,0,58,0
北京,2018-11-13,145,213,0,117,0
北京,2018-11-14,137,228,0,63,0
北京,2018-11-15,137,265,0,119,0
北京,2018-11-16,139,227,0,129,57
北京,2018-11-17,130,157,0,120,0
北京,2018-11-18,123,204,0,67,0
北京,2018-11-19,131,287,0,114,0
北京,2018-11-20,133,270,0,122,0
北京,2018-11-21,135,246,0,121,0
北京,2018-11-22,139,211,0,120,0
北京,2018-11-23,137,203,0,117,0
北京,2018-11-24,120,154,0,118,0
北京,2018-11-25,139,197,0,70,0
北京,2018-11-26,130,232,0,120,59
北京,2018-11-27,126,242,0,122,0
北京,2018-11-28,134,189,0,122,57
北京,2018-11-29,128,199,0,61,0
北京,2018-11-30,130,181,0,121,0
北京,2018-12-01,123,209,0,60,0
北京,2018-12-02,65,156,0,63,0
北京,2018-12-03,128,182,0,115,0
北京,2018-12-04,146,185,0,119,0
北京,2018-12-05,139,236,0,63,59
北京,2018-12-06,129,181,0,63,59
北京,2018-12-07,147,238,0,125,57
北京,2018-12-08,76,159,0,0,0
北京,2018-12-09,74,162,0,59,0
北京,2018-12-10,139,173,0,115,0
北京,2018-12-11,159,215,0,61,57
北京,2018-12-12,205,200,0,116,0
北京,2018-12-13,198,194,0,118,0
北京,2018-12-14,186,188,0,115,0
北京,2018-12-15,187,185,0,122,0
北京,2018-12-16,167,190,0,57,0
北京,2018-12-17,150,198,0,128,0
北京,2018-12-18,143,218,0,124,0
北京,2018-12-19,140,222,0,119,0
北京,2018-12-20,141,165,0,115,0
北京,2018-12-21,138,194,0,59,0
北京,2018-12-22,132,182,0,58,0
北京,2018-12-23,135,170,0,57,0
北京,2018-12-24,129,176,0,115,0
北京,2018-12-25,132,189,0,115,0
北京,2018-12-26,125,182,0,57,0
北京,2018-12-27,133,160,0,115,57
北京,2018-12-28,142,165,0,118,0
北京,2018-12-29,126,173,0,119,0
北京,2018-12-30,71,159,0,57,57
北京,2018-12-31,136,96,0,61,0
北京,2019-01-01,127,108,0,116,0
北京,2019-01-02,129,163,0,118,0
北京,2019-01-03,137,189,0,120,0
北京,2019-01-04,133,169,0,118,0
北京,2019-01-05,152,165,0,117,0
北京,2019-01-06,144,164,0,57,0
北京,2019-01-07,79,173,0,127,0
北京,2019-01-08,149,162,0,120,0
北京,2019-01-09,143,182,0,116,0
北京,2019-01-10,181,152,0,114,57
北京,2019-01-11,152,170,0,121,0
北京,2019-01-12,151,161,0,66,0
北京,2019-01-13,137,84,0,0,0
北京,2019-01-14,216,152,0,122,0
北京,2019-01-15,177,147,0,119,0
北京,2019-01-16,184,146,0,58,0
北京,2019-01-17,172,144,0,122,0
北京,2019-01-18,196,159,0,119,0
北京,2019-01-19,169,97,0,61,0
北京,2019-01-20,145,86,0,115,0
北京,2019-01-21,139,169,0,125,0
北京,2019-01-22,180,159,0,57,0
北京,2019-01-23,175,150,0,117,59
北京,2019-01-24,149,159,0,61,0
北京,2019-01-25,178,243,0,57,0
北京,2019-01-26,135,171,0,115,0
北京,2019-01-27,160,155,0,0,0
北京,2019-01-28,170,154,0,115,0
北京,2019-01-29,162,100,0,57,0
北京,2019-01-30,165,154,0,128,0
北京,2019-01-31,143,163,0,123,0
北京,2019-02-01,163,135,0,118,0
北京,2019-02-02,134,92,0,58,0
北京,2019-02-03,137,82,0,114,0
北京,2019-02-04,129,78,0,57,0
北京,2019-02-05,61,80,0,58,0
北京,2019-02-06,125,95,0,0,0
北京,2019-02-07,65,83,0,57,0
北京,2019-02-08,61,89,0,58,0
北京,2019-02-09,58,150,0,0,0
北京,2019-02-10,67,143,0,0,0
北京,2019-02-11,135,163,0,118,0
北京,2019-02-12,135,165,0,57,0
北京,2019-02-13,129,165,0,118,57
北京,2019-02-14,123,163,0,58,0
北京,2019-02-15,129,171,0,120,57
北京,2019-02-16,124,84,0,57,0
北京,2019-02-17,124,104,0,57,0
北京,2019-02-18,117,183,0,117,0
北京,2019-02-19,121,178,0,57,57
北京,2019-02-20,132,167,0,122,57
北京,2019-02-21,139,202,0,118,59
北京,2019-02-22,69,233,0,64,57
北京,2019-02-23,126,191,0,118,0
北京,2019-02-24,131,190,0,114,0
北京,2019-02-25,124,193,0,122,0
北京,2019-02-26,126,193,0,59,0
北京,2019-02-27,129,195,0,60,0
北京,2019-02-28,141,196,0,120,0
北京,2019-03-01,135,167,0,59,0
北京,2019-03-02,58,165,0,0,0
北京,2019-03-03,127,169,0,57,0
北京,2019-03-04,122,207,0,125,57
北京,2019-03-05,124,200,0,118,0
北京,2019-03-06,131,191,0,122,59
北京,2019-03-07,127,211,0,0,0
北京,2019-03-08,65,194,0,0,0
北京,2019-03-09,120,171,0,115,0
北京,2019-03-10,117,187,0,57,57
北京,2019-03-11,133,179,0,123,0
北京,2019-03-12,131,115,0,61,0
北京,2019-03-13,138,185,0,57,0
北京,2019-03-14,152,197,0,116,0
北京,2019-03-15,137,99,0,58,0
北京,2019-03-16,132,110,0,120,0
北京,2019-03-17,69,172,0,122,57
北京,2019-03-18,129,189,0,117,0
北京,2019-03-19,129,180,0,117,0
北京,2019-03-20,135,157,0,63,59
北京,2019-03-21,127,182,0,59,59
北京,2019-03-22,135,161,0,59,0
北京,2019-03-23,120,112,0,117,0
北京,2019-03-24,0,108,0,117,57
北京,2019-03-25,129,180,0,117,117
北京,2019-03-26,135,179,0,124,57
北京,2019-03-27,137,178,0,58,0
北京,2019-03-28,117,200,0,117,58
北京,2019-03-29,120,182,0,158,0
北京,2019-03-30,128,106,0,158,0
北京,2019-03-31,131,175,0,148,0
北京,2019-04-01,130,174,0,160,0
北京,2019-04-02,129,201,0,160,59
北京,2019-04-03,139,132,0,146,0
北京,2019-04-04,126,189,0,156,0
北京,2019-04-05,65,167,0,154,0
北京,2019-04-06,124,170,0,97,0
北京,2019-04-07,58,176,0,86,0
北京,2019-04-08,127,184,0,63,0
北京,2019-04-09,123,195,0,133,0
北京,2019-04-10,128,220,0,136,0
北京,2019-04-11,138,199,0,131,57
北京,2019-04-12,68,183,0,78,0
北京,2019-04-13,123,130,0,143,57
北京,2019-04-14,125,192,0,126,0
北京,2019-04-15,127,188,0,128,0
北京,2019-04-16,126,202,0,131,0
北京,2019-04-17,135,198,0,125,0
北京,2019-04-18,63,194,0,67,0
北京,2019-04-19,127,173,0,73,59
北京,2019-04-20,120,163,0,79,0
北京,2019-04-21,65,171,0,70,0
北京,2019-04-22,125,187,0,63,0
北京,2019-04-23,126,223,0,67,57
北京,2019-04-24,126,206,0,132,0
北京,2019-04-25,66,197,0,127,57
北京,2019-04-26,69,199,0,124,57
北京,2019-04-27,61,187,0,125,0
北京,2019-04-28,120,186,0,123,0
北京,2019-04-29,71,172,0,126,0
北京,2019-04-30,124,174,0,130,0
北京,2019-05-01,66,95,0,126,0
北京,2019-05-02,63,161,0,69,0
北京,2019-05-03,124,184,0,67,0
北京,2019-05-04,61,143,0,118,0
北京,2019-05-05,133,202,0,124,0
北京,2019-05-06,143,199,0,130,0
北京,2019-05-07,131,206,0,122,114
北京,2019-05-08,133,198,0,65,0
北京,2019-05-09,71,179,0,128,0
北京,2019-05-10,133,181,0,124,0
北京,2019-05-11,140,180,0,128,0
北京,2019-05-12,66,213,0,73,0
北京,2019-05-13,126,218,0,133,0
北京,2019-05-14,66,243,0,129,0
北京,2019-05-15,129,231,0,135,57
北京,2019-05-16,128,269,0,123,57
北京,2019-05-17,118,198,0,130,61
北京,2019-05-18,119,197,0,133,0
北京,2019-05-19,61,211,0,73,0
北京,2019-05-20,119,235,0,136,0
北京,2019-05-21,69,191,0,131,57
北京,2019-05-22,130,222,0,124,0
北京,2019-05-23,122,203,0,119,59
北京,2019-05-24,128,180,0,115,0
北京,2019-05-25,70,193,0,69,0
北京,2019-05-26,74,207,0,57,57
北京,2019-05-27,78,230,0,63,0
北京,2019-05-28,135,234,0,118,0
北京,2019-05-29,124,250,0,114,57
北京,2019-05-30,145,244,0,120,57
北京,2019-05-31,156,262,0,63,57
北京,2019-06-01,144,215,0,57,0
北京,2019-06-02,74,300,0,128,0
北京,2019-06-03,123,283,0,122,0
北京,2019-06-04,140,281,0,127,57
北京,2019-06-05,124,246,0,125,0
北京,2019-06-06,120,242,0,61,0
北京,2019-06-07,60,201,0,128,0
北京,2019-06-08,123,178,0,127,57
北京,2019-06-09,69,209,0,119,0
北京,2019-06-10,119,230,0,118,0
北京,2019-06-11,120,227,0,122,0
北京,2019-06-12,59,241,0,65,0
北京,2019-06-13,126,207,0,60,0
北京,2019-06-14,61,219,0,118,0
北京,2019-06-15,118,219,0,115,0
北京,2019-06-16,65,201,0,130,57
北京,2019-06-17,115,240,0,122,0
北京,2019-06-18,128,285,0,124,0
北京,2019-06-19,121,288,0,67,0
北京,2019-06-20,61,268,0,120,61
北京,2019-06-21,126,256,0,123,0
北京,2019-06-22,126,273,0,60,0
北京,2019-06-23,120,246,0,58,0
北京,2019-06-24,60,222,0,118,57
北京,2019-06-25,132,259,0,61,0
北京,2019-06-26,118,298,0,114,0
北京,2019-06-27,127,257,0,122,0
北京,2019-06-28,141,259,0,122,0
北京,2019-06-29,115,231,0,57,0
北京,2019-06-30,123,209,0,60,59
北京,2019-07-01,130,191,0,58,0
北京,2019-07-02,122,234,0,118,57
北京,2019-07-03,119,231,0,128,0
北京,2019-07-04,133,236,0,58,0
北京,2019-07-05,127,206,0,117,57
北京,2019-07-06,61,174,0,0,0
北京,2019-07-07,117,180,0,57,0
北京,2019-07-08,134,307,0,114,0
北京,2019-07-09,122,324,0,115,0
北京,2019-07-10,120,250,0,123,0
北京,2019-07-11,137,247,0,122,0
北京,2019-07-12,122,215,0,124,0
北京,2019-07-13,63,225,0,61,0
北京,2019-07-14,124,210,0,131,0
北京,2019-07-15,130,253,0,125,0
北京,2019-07-16,128,228,0,122,0
北京,2019-07-17,122,229,0,118,0
北京,2019-07-18,130,215,0,117,0
北京,2019-07-19,130,185,0,117,0
北京,2019-07-20,60,158,0,61,0
北京,2019-07-21,117,170,0,124,0
北京,2019-07-22,129,183,0,119,0
北京,2019-07-23,126,200,0,116,0
北京,2019-07-24,128,224,0,57,0
北京,2019-07-25,120,250,0,126,0
北京,2019-07-26,119,231,0,57,0
北京,2019-07-27,67,168,0,118,0
北京,2019-07-28,117,180,0,60,0
北京,2019-07-29,130,197,0,120,0
北京,2019-07-30,126,184,0,122,0
北京,2019-07-31,124,210,0,120,0
北京,2019-08-01,126,200,0,117,0
北京,2019-08-02,135,183,0,117,0
北京,2019-08-03,0,210,0,61,0
北京,2019-08-04,124,195,0,61,0
北京,2019-08-05,128,249,0,117,0
北京,2019-08-06,64,255,0,117,0
北京,2019-08-07,122,180,0,122,0
北京,2019-08-08,120,212,0,115,0
北京,2019-08-09,124,193,0,121,0
北京,2019-08-10,61,179,0,0,0
北京,2019-08-11,66,238,0,65,0
北京,2019-08-12,124,367,0,117,0
北京,2019-08-13,117,318,0,119,0
北京,2019-08-14,120,269,0,123,0
北京,2019-08-15,123,298,0,119,0
北京,2019-08-16,120,229,0,122,0
北京,2019-08-17,120,188,0,0,0
北京,2019-08-18,60,226,0,120,0
北京,2019-08-19,127,363,0,120,0
北京,2019-08-20,120,367,0,121,57
北京,2019-08-21,125,456,0,117,0
北京,2019-08-22,123,497,0,0,0
北京,2019-08-23,118,322,0,57,59
北京,2019-08-24,132,206,0,117,0
北京,2019-08-25,126,199,0,57,0
北京,2019-08-26,132,268,0,120,0
北京,2019-08-27,134,261,0,120,0
北京,2019-08-28,135,649,0,122,0
北京,2019-08-29,61,413,0,61,0
北京,2019-08-30,139,402,0,118,0
北京,2019-08-31,124,257,0,58,0
北京,2019-09-01,0,207,0,118,0
北京,2019-09-02,128,332,0,118,0
北京,2019-09-03,124,337,0,59,0
北京,2019-09-04,125,309,0,61,0
北京,2019-09-05,126,402,0,121,0
北京,2019-09-06,124,359,0,61,57
北京,2019-09-07,115,245,0,122,0
北京,2019-09-08,120,237,0,114,0
北京,2019-09-09,114,284,0,63,0
北京,2019-09-10,121,258,0,114,0
北京,2019-09-11,122,322,0,117,0
北京,2019-09-12,58,259,0,0,57
北京,2019-09-13,119,223,0,58,0
北京,2019-09-14,118,212,0,61,0
北京,2019-09-15,127,239,0,57,0
北京,2019-09-16,122,365,0,114,0
北京,2019-09-17,124,267,0,123,57
北京,2019-09-18,66,313,0,117,57
北京,2019-09-19,117,300,0,68,0
北京,2019-09-20,120,239,0,120,0
北京,2019-09-21,126,344,0,119,0
北京,2019-09-22,69,355,0,0,0
北京,2019-09-23,69,470,0,118,0
北京,2019-09-24,124,656,0,0,0
北京,2019-09-25,125,689,0,120,0
北京,2019-09-26,127,470,0,0,0
北京,2019-09-27,59,380,0,61,0
北京,2019-09-28,115,231,0,57,0
北京,2019-09-29,120,248,0,59,0
北京,2019-09-30,115,250,0,0,0
北京,2019-10-01,57,189,0,57,0
北京,2019-10-02,117,113,0,63,57
北京,2019-10-03,117,143,0,0,0
北京,2019-10-04,57,195,0,57,0
北京,2019-10-05,118,176,0,58,0
北京,2019-10-06,60,186,0,57,0
北京,2019-10-07,61,197,0,120,0
北京,2019-10-08,125,331,0,61,0
北京,2019-10-09,137,359,0,57,0
北京,2019-10-10,128,444,0,59,0
北京,2019-10-11,117,402,0,118,0
北京,2019-10-12,117,259,0,57,0
北京,2019-10-13,60,261,0,0,0
北京,2019-10-14,133,294,0,57,57
北京,2019-10-15,142,304,0,57,57
北京,2019-10-16,122,244,0,57,0
北京,2019-10-17,130,339,0,115,57
北京,2019-10-18,124,261,0,57,0
北京,2019-10-19,114,219,0,57,57
北京,2019-10-20,117,204,0,60,0
北京,2019-10-21,120,243,0,122,57
北京,2019-10-22,118,263,0,58,57
北京,2019-10-23,137,250,0,0,0
北京,2019-10-24,118,347,0,57,0
北京,2019-10-25,119,313,0,117,0
北京,2019-10-26,58,354,0,120,0
北京,2019-10-27,60,326,0,57,0
北京,2019-10-28,122,1142,0,57,57
北京,2019-10-29,130,1072,0,117,0
北京,2019-10-30,132,801,0,59,0
北京,2019-10-31,124,586,0,57,0
北京,2019-11-01,117,453,0,116,0
北京,2019-11-02,119,398,0,114,0
北京,2019-11-03,120,355,0,115,57
北京,2019-11-04,118,489,0,119,0
北京,2019-11-05,130,454,0,120,0
北京,2019-11-06,120,448,0,66,59
北京,2019-11-07,60,423,0,116,0
北京,2019-11-08,118,428,0,0,0
北京,2019-11-09,58,304,0,115,0
北京,2019-11-10,120,288,0,0,0
北京,2019-11-11,124,346,0,114,0
北京,2019-11-12,119,409,0,0,0
北京,2019-11-13,126,560,0,115,0
北京,2019-11-14,115,470,0,116,57
北京,2019-11-15,114,325,0,60,0
北京,2019-11-16,114,257,0,57,0
北京,2019-11-17,0,237,0,117,0
北京,2019-11-18,120,351,0,57,0
北京,2019-11-19,129,376,0,115,0
北京,2019-11-20,124,349,0,60,0
北京,2019-11-21,124,324,0,117,0
北京,2019-11-22,123,328,0,118,57
北京,2019-11-23,122,257,0,0,0
北京,2019-11-24,63,259,0,57,0
北京,2019-11-25,127,356,0,116,0
北京,2019-11-26,124,290,0,57,61
北京,2019-11-27,124,270,0,116,59
北京,2019-11-28,117,248,0,64,0
北京,2019-11-29,117,261,0,120,0
北京,2019-11-30,118,216,0,63,0
北京,2019-12-01,126,210,0,114,59
北京,2019-12-02,119,236,0,127,0
北京,2019-12-03,123,231,0,115,0
北京,2019-12-04,124,258,0,61,0
北京,2019-12-05,123,259,0,59,0
北京,2019-12-06,132,243,0,57,0
北京,2019-12-07,63,198,0,121,57
北京,2019-12-08,58,224,0,57,0
北京,2019-12-09,122,363,0,67,0
北京,2019-12-10,117,319,0,124,57
北京,2019-12-11,133,438,0,124,0
北京,2019-12-12,146,367,0,61,0
北京,2019-12-13,135,316,0,118,0
北京,2019-12-14,139,238,0,57,0
北京,2019-12-15,141,250,0,0,0
北京,2019-12-16,128,335,0,114,0
北京,2019-12-17,129,324,0,57,0
北京,2019-12-18,136,377,0,119,0
北京,2019-12-19,127,370,0,57,0
北京,2019-12-20,121,305,0,115,0
北京,2019-12-21,57,228,0,117,0
北京,2019-12-22,57,221,0,57,0
北京,2019-12-23,114,311,0,115,63
北京,2019-12-24,63,243,0,63,0
北京,2019-12-25,119,331,0,60,0
北京,2019-12-26,125,309,0,125,0
北京,2019-12-27,63,286,0,0,0
北京,2019-12-28,122,239,0,120,0
北京,2019-12-29,120,210,0,115,0
北京,2019-12-30,124,205,0,117,0
北京,2019-12-31,123,189,0,57,0
北京,2020-01-01,60,187,0,58,0
北京,2020-01-02,120,274,0,114,0
北京,2020-01-03,129,310,0,60,114
北京,2020-01-04,122,224,0,58,0
北京,2020-01-05,65,221,0,58,0
北京,2020-01-06,121,291,0,119,57
北京,2020-01-07,60,318,0,117,0
北京,2020-01-08,126,236,0,122,0
北京,2020-01-09,129,294,0,116,0
北京,2020-01-10,124,234,0,120,57
北京,2020-01-11,122,208,0,60,0
北京,2020-01-12,119,214,0,57,0
北京,2020-01-13,115,277,0,122,0
北京,2020-01-14,61,286,0,61,0
北京,2020-01-15,63,420,0,57,0
北京,2020-01-16,121,255,0,59,0
北京,2020-01-17,58,223,0,117,0
北京,2020-01-18,57,217,0,114,0
北京,2020-01-19,66,222,0,117,57
北京,2020-01-20,61,187,0,61,57
北京,2020-01-21,119,190,0,0,0
北京,2020-01-22,60,187,0,114,0
北京,2020-01-23,57,108,0,115,0
北京,2020-01-24,60,131,0,0,0
北京,2020-01-25,0,79,0,114,0
北京,2020-01-26,57,76,0,0,0
北京,2020-01-27,60,80,0,57,0
北京,2020-01-28,0,144,0,57,0
北京,2020-01-29,0,150,0,57,0
北京,2020-01-30,57,150,0,57,0
北京,2020-01-31,60,150,0,58,0
北京,2020-02-01,117,144,0,0,0
北京,2020-02-02,0,154,0,57,0
北京,2020-02-03,114,162,0,0,0
北京,2020-02-04,60,184,0,59,0
北京,2020-02-05,58,181,0,0,0
北京,2020-02-06,114,205,0,60,0
北京,2020-02-07,117,261,0,57,0
北京,2020-02-08,57,212,0,57,0
北京,2020-02-09,119,231,0,0,0
北京,2020-02-10,63,216,0,59,0
北京,2020-02-11,117,227,0,117,0
北京,2020-02-12,122,217,0,57,57
北京,2020-02-13,58,293,0,117,0
北京,2020-02-14,57,246,0,60,0
北京,2020-02-15,60,217,0,0,0
北京,2020-02-16,117,236,0,57,0
北京,2020-02-17,124,328,0,57,0
北京,2020-02-18,121,324,0,0,59
北京,2020-02-19,124,300,0,0,0
北京,2020-02-20,63,276,0,116,0
北京,2020-02-21,125,253,0,0,0
北京,2020-02-22,73,210,0,0,0
北京,2020-02-23,63,223,0,60,0
北京,2020-02-24,58,328,0,57,0
北京,2020-02-25,117,353,0,0,0
北京,2020-02-26,120,326,0,57,0
北京,2020-02-27,65,326,0,120,0
北京,2020-02-28,61,292,0,0,59
北京,2020-02-29,120,189,0,0,0
北京,2020-03-01,58,224,0,0,0
北京,2020-03-02,114,243,0,57,0
北京,2020-03-03,0,378,0,57,0
北京,2020-03-04,57,456,0,0,0
北京,2020-03-05,57,329,0,58,57
北京,2020-03-06,127,337,0,59,57
北京,2020-03-07,63,228,0,0,0
北京,2020-03-08,61,209,0,115,0
北京,2020-03-09,126,327,0,0,0
北京,2020-03-10,122,256,0,0,57
北京,2020-03-11,125,314,0,57,57
北京,2020-03-12,118,309,0,61,57
北京,2020-03-13,122,297,0,59,0
北京,2020-03-14,122,214,0,0,57
北京,2020-03-15,58,218,0,0,0
北京,2020-03-16,114,250,0,116,57
北京,2020-03-17,120,258,0,61,0
北京,2020-03-18,120,223,0,114,0
北京,2020-03-19,122,233,0,57,116
北京,2020-03-20,63,221,0,0,0
北京,2020-03-21,122,178,0,57,57
北京,2020-03-22,57,197,0,59,0
北京,2020-03-23,131,217,0,58,118
北京,2020-03-24,130,238,0,115,114
北京,2020-03-25,131,235,0,117,0
北京,2020-03-26,122,244,0,57,0
北京,2020-03-27,66,249,0,57,0
北京,2020-03-28,61,194,0,58,0
北京,2020-03-29,61,197,0,61,0
北京,2020-03-30,60,232,0,0,0
北京,2020-03-31,119,225,0,58,0
北京,2020-04-01,114,238,0,60,0
北京,2020-04-02,117,207,0,114,61
北京,2020-04-03,58,287,0,0,0
北京,2020-04-04,115,260,0,58,0
北京,2020-04-05,58,223,0,114,0
北京,2020-04-06,115,251,0,117,0
北京,2020-04-07,123,741,0,57,0
北京,2020-04-08,114,422,0,118,0
北京,2020-04-09,122,332,0,114,0
北京,2020-04-10,119,322,0,57,0
北京,2020-04-11,117,244,0,115,0
北京,2020-04-12,57,235,0,59,0
北京,2020-04-13,58,265,0,0,0
北京,2020-04-14,131,305,0,57,0
北京,2020-04-15,115,768,0,61,57
北京,2020-04-16,120,1753,0,59,0
北京,2020-04-17,117,3110,0,0,0
北京,2020-04-18,117,2157,0,114,0
北京,2020-04-19,57,1618,0,0,0
北京,2020-04-20,63,1852,0,115,57
北京,2020-04-21,115,1667,0,114,57
北京,2020-04-22,121,1547,0,59,0
北京,2020-04-23,122,1512,0,116,0
北京,2020-04-24,114,1246,0,57,0
北京,2020-04-25,57,1021,0,58,0
北京,2020-04-26,59,998,0,57,57
北京,2020-04-27,121,1330,0,0,57
北京,2020-04-28,124,1231,0,115,0
北京,2020-04-29,61,877,0,115,0
北京,2020-04-30,58,781,0,0,0
北京,2020-05-01,118,510,0,61,0
北京,2020-05-02,57,470,0,0,0
北京,2020-05-03,117,529,0,57,0
北京,2020-05-04,57,595,0,116,0
北京,2020-05-05,61,673,0,58,0
北京,2020-05-06,69,1057,0,59,57
北京,2020-05-07,58,889,0,0,0
北京,2020-05-08,67,901,0,60,60
北京,2020-05-09,117,1016,0,60,0
北京,2020-05-10,114,699,0,57,0
北京,2020-05-11,117,729,0,57,0
北京,2020-05-12,121,646,0,115,0
北京,2020-05-13,124,630,0,121,0
北京,2020-05-14,115,726,0,57,57
北京,2020-05-15,123,450,0,117,0
北京,2020-05-16,61,417,0,119,0
北京,2020-05-17,57,389,0,117,0
北京,2020-05-18,66,566,0,57,0
北京,2020-05-19,129,524,0,57,0
北京,2020-05-20,57,587,0,120,57
北京,2020-05-21,116,632,0,115,57
北京,2020-05-22,126,567,0,127,57
北京,2020-05-23,126,406,0,123,57
北京,2020-05-24,117,435,0,65,57
北京,2020-05-25,119,712,0,122,0
北京,2020-05-26,119,688,0,116,59
北京,2020-05-27,138,621,0,60,0
北京,2020-05-28,124,560,0,57,57
北京,2020-05-29,135,482,0,118,0
北京,2020-05-30,128,261,0,57,0
北京,2020-05-31,78,326,0,61,0
北京,2020-06-01,130,321,0,57,0
北京,2020-06-02,130,412,0,61,0
北京,2020-06-03,134,447,0,0,0
北京,2020-06-04,122,516,0,114,57
北京,2020-06-05,124,431,0,57,0
北京,2020-06-06,61,312,0,60,0
北京,2020-06-07,117,278,0,57,0
北京,2020-06-08,124,361,0,0,0
北京,2020-06-09,63,465,0,59,57
北京,2020-06-10,57,447,0,121,0
北京,2020-06-11,120,442,0,116,0
北京,2020-06-12,128,363,0,60,0
北京,2020-06-13,58,274,0,57,0
北京,2020-06-14,58,276,0,0,0
北京,2020-06-15,122,366,0,63,0
北京,2020-06-16,57,348,0,115,0
北京,2020-06-17,65,488,0,57,0
北京,2020-06-18,120,336,0,114,57
北京,2020-06-19,125,288,0,0,57
北京,2020-06-20,60,230,0,0,0
北京,2020-06-21,117,181,0,57,0
北京,2020-06-22,124,288,0,57,0
北京,2020-06-23,124,359,0,57,0
北京,2020-06-24,123,368,0,0,0
北京,2020-06-25,66,261,0,57,0
北京,2020-06-26,58,292,0,0,0
北京,2020-06-27,58,275,0,57,0
北京,2020-06-28,115,399,0,59,0
北京,2020-06-29,133,305,0,58,0
北京,2020-06-30,119,422,0,0,57
北京,2020-07-01,137,342,0,115,59
北京,2020-07-02,61,334,0,58,0
北京,2020-07-03,61,398,0,57,0
北京,2020-07-04,126,323,0,57,0
北京,2020-07-05,115,329,0,58,0
北京,2020-07-06,117,468,0,0,0
北京,2020-07-07,121,479,0,59,0
北京,2020-07-08,119,695,0,119,0
北京,2020-07-09,74,691,0,58,58
北京,2020-07-10,114,566,0,57,0
北京,2020-07-11,58,380,0,0,0
北京,2020-07-12,120,453,0,60,0
北京,2020-07-13,128,486,0,117,0
北京,2020-07-14,119,498,0,115,0
北京,2020-07-15,63,470,0,118,0
北京,2020-07-16,123,582,0,58,59
北京,2020-07-17,59,469,0,60,0
北京,2020-07-18,58,353,0,57,0
北京,2020-07-19,63,389,0,0,0
北京,2020-07-20,120,609,0,60,0
北京,2020-07-21,126,615,0,114,57
北京,2020-07-22,128,622,0,0,57
北京,2020-07-23,117,545,0,57,0
北京,2020-07-24,121,440,0,0,57
北京,2020-07-25,57,352,0,58,0
北京,2020-07-26,60,459,0,57,0
北京,2020-07-27,60,655,0,0,0
北京,2020-07-28,115,687,0,0,0
北京,2020-07-29,61,567,0,57,0
北京,2020-07-30,126,626,0,0,0
北京,2020-07-31,122,518,0,0,57
北京,2020-08-01,65,411,0,57,0
北京,2020-08-02,65,440,0,0,0
北京,2020-08-03,126,577,0,57,0
北京,2020-08-04,63,754,0,121,0
北京,2020-08-05,124,709,0,57,0
北京,2020-08-06,0,1239,0,59,0
北京,2020-08-07,122,710,0,0,0
北京,2020-08-08,67,454,0,0,0
北京,2020-08-09,123,449,0,59,0
北京,2020-08-10,117,593,0,0,0
北京,2020-08-11,119,539,0,58,0
北京,2020-08-12,123,498,0,57,0
北京,2020-08-13,124,473,0,57,0
北京,2020-08-14,125,1559,0,0,57
北京,2020-08-15,122,1237,0,0,0
北京,2020-08-16,66,1211,0,114,0
北京,2020-08-17,122,1724,0,0,0
北京,2020-08-18,116,1586,0,57,0
北京,2020-08-19,121,1519,0,115,0
北京,2020-08-20,65,1503,0,58,0
北京,2020-08-21,124,1183,0,114,0
北京,2020-08-22,58,795,0,58,0
北京,2020-08-23,117,977,0,58,0
北京,2020-08-24,122,1283,0,114,57
北京,2020-08-25,115,1278,0,114,57
北京,2020-08-26,117,1246,0,117,57
北京,2020-08-27,71,1339,0,114,0
北京,2020-08-28,124,1226,0,57,0
北京,2020-08-29,63,1119,0,58,0
北京,2020-08-30,61,1172,0,0,0
北京,2020-08-31,63,1418,0,60,0
北京,2020-09-01,69,1237,0,57,0
北京,2020-09-02,66,1176,0,59,0
北京,2020-09-03,115,1078,0,0,57
北京,2020-09-04,123,827,0,114,0
北京,2020-09-05,60,770,0,57,0
北京,2020-09-06,73,911,0,58,0
北京,2020-09-07,130,1115,0,115,0
北京,2020-09-08,125,988,0,116,0
北京,2020-09-09,122,1096,0,61,0
北京,2020-09-10,120,871,0,114,0
北京,2020-09-11,114,793,0,118,0
北京,2020-09-12,60,630,0,57,57
北京,2020-09-13,124,647,0,0,0
北京,2020-09-14,124,917,0,58,0
北京,2020-09-15,129,976,0,116,0
北京,2020-09-16,122,848,0,115,0
北京,2020-09-17,65,822,0,57,61
北京,2020-09-18,61,663,0,0,0
北京,2020-09-19,66,555,0,115,57
北京,2020-09-20,70,631,0,0,0
北京,2020-09-21,65,1194,0,0,0
北京,2020-09-22,123,909,0,64,57
北京,2020-09-23,128,897,0,58,0
北京,2020-09-24,144,968,0,58,57
北京,2020-09-25,136,837,0,58,0
北京,2020-09-26,70,614,0,57,57
北京,2020-09-27,136,688,0,0,0
北京,2020-09-28,144,673,0,57,0
北京,2020-09-29,63,641,0,57,0
北京,2020-09-30,118,533,0,0,0
北京,2020-10-01,60,348,0,57,0
北京,2020-10-02,122,325,0,114,0
北京,2020-10-03,63,371,0,58,0
北京,2020-10-04,65,349,0,115,0
北京,2020-10-05,0,386,0,57,0
北京,2020-10-06,126,388,0,0,0
北京,2020-10-07,66,509,0,57,0
北京,2020-10-08,66,516,0,0,0
北京,2020-10-09,129,1175,0,57,0
北京,2020-10-10,126,1090,0,57,0
北京,2020-10-11,61,727,0,57,0
北京,2020-10-12,125,1277,0,114,0
北京,2020-10-13,122,1342,0,114,57
北京,2020-10-14,129,1228,0,117,0
北京,2020-10-15,122,1195,0,122,57
北京,2020-10-16,136,1017,0,57,0
北京,2020-10-17,66,722,0,0,0
北京,2020-10-18,60,685,0,57,0
北京,2020-10-19,130,801,0,57,0
北京,2020-10-20,132,958,0,0,0
北京,2020-10-21,124,1102,0,0,61
北京,2020-10-22,122,1071,0,60,57
北京,2020-10-23,130,1020,0,58,0
北京,2020-10-24,61,739,0,115,0
北京,2020-10-25,70,922,0,59,0
北京,2020-10-26,129,1680,0,115,57
北京,2020-10-27,134,1325,0,57,0
北京,2020-10-28,129,977,0,60,57
北京,2020-10-29,124,928,0,0,0
北京,2020-10-30,65,912,0,57,0
北京,2020-10-31,128,601,0,0,0
北京,2020-11-01,116,589,0,60,57
北京,2020-11-02,126,862,0,114,0
北京,2020-11-03,66,1010,0,119,0
北京,2020-11-04,144,1038,0,114,0
北京,2020-11-05,130,753,0,122,0
北京,2020-11-06,126,781,0,0,0
北京,2020-11-07,65,537,0,57,0
北京,2020-11-08,131,475,0,58,0
北京,2020-11-09,146,590,0,116,57
北京,2020-11-10,117,580,0,118,0
北京,2020-11-11,74,574,0,57,0
北京,2020-11-12,127,706,0,57,0
北京,2020-11-13,61,539,0,57,0
北京,2020-11-14,65,433,0,57,0
北京,2020-11-15,67,434,0,57,0
北京,2020-11-16,123,613,0,0,0
北京,2020-11-17,126,530,0,116,0
北京,2020-11-18,65,588,0,60,0
北京,2020-11-19,65,542,0,63,0
北京,2020-11-20,61,546,0,59,0
北京,2020-11-21,124,424,0,57,0
北京,2020-11-22,124,460,0,58,0
北京,2020-11-23,130,567,0,0,61
北京,2020-11-24,127,689,0,57,57
北京,2020-11-25,115,582,0,117,57
北京,2020-11-26,126,619,0,0,59
北京,2020-11-27,126,593,0,57,0
北京,2020-11-28,128,439,0,58,0
北京,2020-11-29,67,416,0,120,0
北京,2020-11-30,124,567,0,119,0
北京,2020-12-01,117,612,0,114,57
北京,2020-12-02,129,572,0,122,0
北京,2020-12-03,127,545,0,57,0
北京,2020-12-04,126,486,0,0,57
北京,2020-12-05,120,484,0,117,57
北京,2020-12-06,127,552,0,118,57
北京,2020-12-07,115,636,0,0,0
北京,2020-12-08,120,642,0,120,0
北京,2020-12-09,126,569,0,60,0
北京,2020-12-10,124,585,0,57,0
北京,2020-12-11,124,648,0,123,63
北京,2020-12-12,128,567,0,0,0
北京,2020-12-13,63,686,0,114,0
北京,2020-12-14,125,722,0,63,0
北京,2020-12-15,123,707,0,61,0
北京,2020-12-16,122,640,0,58,0
北京,2020-12-17,127,731,0,59,0
北京,2020-12-18,132,632,0,115,57
北京,2020-12-19,124,464,0,59,57
北京,2020-12-20,61,504,0,61,57
北京,2020-12-21,122,624,0,116,0
北京,2020-12-22,118,566,0,118,0
北京,2020-12-23,67,592,0,118,0
北京,2020-12-24,120,661,0,57,0
北京,2020-12-25,126,612,0,124,0
北京,2020-12-26,118,435,0,118,57
北京,2020-12-27,58,378,0,120,0
北京,2020-12-28,124,644,0,126,0
北京,2020-12-29,130,765,0,0,0
北京,2020-12-30,133,691,0,58,57
北京,2020-12-31,127,630,0,57,0
