area,time,互联网理财,互联网保险,互联网金融,金融科技
天津,2011-01-01,0,0,0,0
天津,2011-01-02,0,0,0,0
天津,2011-01-03,0,0,0,0
天津,2011-01-04,0,0,0,0
天津,2011-01-05,0,0,0,0
天津,2011-01-06,0,0,0,0
天津,2011-01-07,0,0,0,0
天津,2011-01-08,0,0,0,0
天津,2011-01-09,0,0,0,0
天津,2011-01-10,0,0,0,0
天津,2011-01-11,0,0,0,0
天津,2011-01-12,0,0,0,0
天津,2011-01-13,0,0,0,0
天津,2011-01-14,0,0,0,0
天津,2011-01-15,0,0,0,0
天津,2011-01-16,0,0,0,0
天津,2011-01-17,0,0,0,0
天津,2011-01-18,0,0,0,0
天津,2011-01-19,0,0,0,0
天津,2011-01-20,0,0,0,0
天津,2011-01-21,0,0,0,0
天津,2011-01-22,0,0,0,0
天津,2011-01-23,0,0,0,0
天津,2011-01-24,0,0,0,0
天津,2011-01-25,0,0,0,0
天津,2011-01-26,0,0,0,0
天津,2011-01-27,0,0,0,0
天津,2011-01-28,0,0,0,0
天津,2011-01-29,0,0,0,0
天津,2011-01-30,0,0,0,0
天津,2011-01-31,0,0,0,0
天津,2011-02-01,0,0,0,0
天津,2011-02-02,0,0,0,0
天津,2011-02-03,0,0,0,0
天津,2011-02-04,0,0,0,0
天津,2011-02-05,0,0,0,0
天津,2011-02-06,0,0,0,0
天津,2011-02-07,0,0,0,0
天津,2011-02-08,0,0,0,0
天津,2011-02-09,0,0,0,0
天津,2011-02-10,0,0,0,0
天津,2011-02-11,0,0,0,0
天津,2011-02-12,0,0,0,0
天津,2011-02-13,0,0,0,0
天津,2011-02-14,0,0,0,0
天津,2011-02-15,0,0,0,0
天津,2011-02-16,0,0,0,0
天津,2011-02-17,0,0,0,0
天津,2011-02-18,0,0,0,0
天津,2011-02-19,0,0,0,0
天津,2011-02-20,0,0,0,0
天津,2011-02-21,0,0,0,0
天津,2011-02-22,0,0,0,0
天津,2011-02-23,0,0,0,0
天津,2011-02-24,0,0,0,0
天津,2011-02-25,0,0,0,0
天津,2011-02-26,0,0,0,0
天津,2011-02-27,0,0,0,0
天津,2011-02-28,0,0,0,0
天津,2011-03-01,0,0,0,0
天津,2011-03-02,0,0,0,0
天津,2011-03-03,0,0,0,0
天津,2011-03-04,0,0,0,0
天津,2011-03-05,0,0,0,0
天津,2011-03-06,0,0,0,0
天津,2011-03-07,0,0,0,0
天津,2011-03-08,0,0,0,0
天津,2011-03-09,0,0,0,0
天津,2011-03-10,0,0,0,0
天津,2011-03-11,0,0,0,0
天津,2011-03-12,0,0,0,0
天津,2011-03-13,0,0,0,0
天津,2011-03-14,0,0,0,0
天津,2011-03-15,0,0,0,0
天津,2011-03-16,0,0,0,0
天津,2011-03-17,0,0,0,0
天津,2011-03-18,0,0,0,0
天津,2011-03-19,0,0,0,0
天津,2011-03-20,0,0,0,0
天津,2011-03-21,0,0,0,0
天津,2011-03-22,0,0,0,0
天津,2011-03-23,0,0,0,0
天津,2011-03-24,0,0,0,0
天津,2011-03-25,0,0,0,0
天津,2011-03-26,0,0,0,0
天津,2011-03-27,0,0,0,0
天津,2011-03-28,0,0,0,0
天津,2011-03-29,0,0,0,0
天津,2011-03-30,0,0,0,0
天津,2011-03-31,0,0,0,0
天津,2011-04-01,0,0,0,0
天津,2011-04-02,0,0,0,0
天津,2011-04-03,0,0,0,0
天津,2011-04-04,0,0,0,0
天津,2011-04-05,0,0,0,0
天津,2011-04-06,0,0,0,0
天津,2011-04-07,0,0,0,0
天津,2011-04-08,0,0,0,0
天津,2011-04-09,0,0,0,0
天津,2011-04-10,0,0,0,0
天津,2011-04-11,0,0,0,0
天津,2011-04-12,0,0,0,0
天津,2011-04-13,0,0,0,0
天津,2011-04-14,0,0,0,0
天津,2011-04-15,0,0,0,0
天津,2011-04-16,0,0,0,0
天津,2011-04-17,0,0,0,0
天津,2011-04-18,0,0,0,0
天津,2011-04-19,0,0,0,0
天津,2011-04-20,0,0,0,0
天津,2011-04-21,0,0,0,0
天津,2011-04-22,0,0,0,0
天津,2011-04-23,0,0,0,0
天津,2011-04-24,0,0,0,0
天津,2011-04-25,0,0,0,0
天津,2011-04-26,0,0,0,0
天津,2011-04-27,0,0,0,0
天津,2011-04-28,0,0,0,0
天津,2011-04-29,0,0,0,0
天津,2011-04-30,0,0,0,0
天津,2011-05-01,0,0,0,0
天津,2011-05-02,0,0,0,0
天津,2011-05-03,0,0,0,0
天津,2011-05-04,0,0,0,0
天津,2011-05-05,0,0,0,0
天津,2011-05-06,0,0,0,0
天津,2011-05-07,0,0,0,0
天津,2011-05-08,0,0,0,0
天津,2011-05-09,0,0,0,0
天津,2011-05-10,0,0,0,0
天津,2011-05-11,0,0,0,0
天津,2011-05-12,0,0,0,0
天津,2011-05-13,0,0,0,0
天津,2011-05-14,0,0,0,0
天津,2011-05-15,0,0,0,0
天津,2011-05-16,0,0,0,0
天津,2011-05-17,0,0,0,0
天津,2011-05-18,0,0,0,0
天津,2011-05-19,0,0,0,0
天津,2011-05-20,0,0,0,0
天津,2011-05-21,0,0,0,0
天津,2011-05-22,0,0,0,0
天津,2011-05-23,0,0,0,0
天津,2011-05-24,0,0,0,0
天津,2011-05-25,0,0,0,0
天津,2011-05-26,0,0,0,0
天津,2011-05-27,0,0,0,0
天津,2011-05-28,0,0,0,0
天津,2011-05-29,0,0,0,0
天津,2011-05-30,0,0,0,0
天津,2011-05-31,0,0,0,0
天津,2011-06-01,0,0,0,0
天津,2011-06-02,0,0,0,0
天津,2011-06-03,0,0,0,0
天津,2011-06-04,0,0,0,0
天津,2011-06-05,0,0,0,0
天津,2011-06-06,0,0,0,0
天津,2011-06-07,0,0,0,0
天津,2011-06-08,0,0,0,0
天津,2011-06-09,0,0,0,0
天津,2011-06-10,0,0,0,0
天津,2011-06-11,0,0,0,0
天津,2011-06-12,0,0,0,0
天津,2011-06-13,0,0,0,0
天津,2011-06-14,0,0,0,0
天津,2011-06-15,0,0,0,0
天津,2011-06-16,0,0,0,0
天津,2011-06-17,0,0,0,0
天津,2011-06-18,0,0,0,0
天津,2011-06-19,0,0,0,0
天津,2011-06-20,0,0,0,0
天津,2011-06-21,0,0,0,0
天津,2011-06-22,0,0,0,0
天津,2011-06-23,0,0,0,0
天津,2011-06-24,0,0,0,0
天津,2011-06-25,0,0,0,0
天津,2011-06-26,0,0,0,0
天津,2011-06-27,0,0,0,0
天津,2011-06-28,0,0,0,0
天津,2011-06-29,0,0,0,0
天津,2011-06-30,0,0,0,0
天津,2011-07-01,0,0,0,0
天津,2011-07-02,0,0,0,0
天津,2011-07-03,0,0,0,0
天津,2011-07-04,0,0,0,0
天津,2011-07-05,0,0,0,0
天津,2011-07-06,0,0,0,0
天津,2011-07-07,0,0,0,0
天津,2011-07-08,0,0,0,0
天津,2011-07-09,0,0,0,0
天津,2011-07-10,0,0,0,0
天津,2011-07-11,0,0,0,0
天津,2011-07-12,0,0,0,0
天津,2011-07-13,0,0,0,0
天津,2011-07-14,0,0,0,0
天津,2011-07-15,0,0,0,0
天津,2011-07-16,0,0,0,0
天津,2011-07-17,0,0,0,0
天津,2011-07-18,0,0,0,0
天津,2011-07-19,0,0,0,0
天津,2011-07-20,0,0,0,0
天津,2011-07-21,0,0,0,0
天津,2011-07-22,0,0,0,0
天津,2011-07-23,0,0,0,0
天津,2011-07-24,0,0,0,0
天津,2011-07-25,0,0,0,0
天津,2011-07-26,0,0,0,0
天津,2011-07-27,0,0,0,0
天津,2011-07-28,0,0,0,0
天津,2011-07-29,0,0,0,0
天津,2011-07-30,0,0,0,0
天津,2011-07-31,0,0,0,0
天津,2011-08-01,0,0,0,0
天津,2011-08-02,0,0,0,0
天津,2011-08-03,0,0,0,0
天津,2011-08-04,0,0,0,0
天津,2011-08-05,0,0,0,0
天津,2011-08-06,0,0,0,0
天津,2011-08-07,0,0,0,0
天津,2011-08-08,0,0,0,0
天津,2011-08-09,0,0,0,0
天津,2011-08-10,0,0,0,0
天津,2011-08-11,0,0,0,0
天津,2011-08-12,0,0,0,0
天津,2011-08-13,0,0,0,0
天津,2011-08-14,0,0,0,0
天津,2011-08-15,0,0,0,0
天津,2011-08-16,0,0,0,0
天津,2011-08-17,0,0,0,0
天津,2011-08-18,0,0,0,0
天津,2011-08-19,0,0,0,0
天津,2011-08-20,0,0,0,0
天津,2011-08-21,0,0,0,0
天津,2011-08-22,0,0,0,0
天津,2011-08-23,0,0,0,0
天津,2011-08-24,0,0,0,0
天津,2011-08-25,0,0,0,0
天津,2011-08-26,0,0,0,0
天津,2011-08-27,0,0,0,0
天津,2011-08-28,0,0,0,0
天津,2011-08-29,0,0,0,0
天津,2011-08-30,0,0,0,0
天津,2011-08-31,0,0,0,0
天津,2011-09-01,0,0,0,0
天津,2011-09-02,0,0,0,0
天津,2011-09-03,0,0,0,0
天津,2011-09-04,0,0,0,0
天津,2011-09-05,0,0,0,0
天津,2011-09-06,0,0,0,0
天津,2011-09-07,0,0,0,0
天津,2011-09-08,0,0,0,0
天津,2011-09-09,0,0,0,0
天津,2011-09-10,0,0,0,0
天津,2011-09-11,0,0,0,0
天津,2011-09-12,0,0,0,0
天津,2011-09-13,0,0,0,0
天津,2011-09-14,0,0,0,0
天津,2011-09-15,0,0,0,0
天津,2011-09-16,0,0,0,0
天津,2011-09-17,0,0,0,0
天津,2011-09-18,0,0,0,0
天津,2011-09-19,0,0,0,0
天津,2011-09-20,0,0,0,0
天津,2011-09-21,0,0,0,0
天津,2011-09-22,0,0,0,0
天津,2011-09-23,0,0,0,0
天津,2011-09-24,0,0,0,0
天津,2011-09-25,0,0,0,0
天津,2011-09-26,0,0,0,0
天津,2011-09-27,0,0,0,0
天津,2011-09-28,0,0,0,0
天津,2011-09-29,0,0,0,0
天津,2011-09-30,0,0,0,0
天津,2011-10-01,0,0,0,0
天津,2011-10-02,0,0,0,0
天津,2011-10-03,0,0,0,0
天津,2011-10-04,0,0,0,0
天津,2011-10-05,0,0,0,0
天津,2011-10-06,0,0,0,0
天津,2011-10-07,0,0,0,0
天津,2011-10-08,0,0,0,0
天津,2011-10-09,0,0,0,0
天津,2011-10-10,0,0,0,0
天津,2011-10-11,0,0,0,0
天津,2011-10-12,0,0,0,0
天津,2011-10-13,0,0,0,0
天津,2011-10-14,0,0,0,0
天津,2011-10-15,0,0,0,0
天津,2011-10-16,0,0,0,0
天津,2011-10-17,0,0,0,0
天津,2011-10-18,0,0,0,0
天津,2011-10-19,0,0,0,0
天津,2011-10-20,0,0,0,0
天津,2011-10-21,0,0,0,0
天津,2011-10-22,0,0,0,0
天津,2011-10-23,0,0,0,0
天津,2011-10-24,0,0,0,0
天津,2011-10-25,0,0,0,0
天津,2011-10-26,0,0,0,0
天津,2011-10-27,0,0,0,0
天津,2011-10-28,0,0,0,0
天津,2011-10-29,0,0,0,0
天津,2011-10-30,0,0,0,0
天津,2011-10-31,0,0,0,0
天津,2011-11-01,0,0,0,0
天津,2011-11-02,0,0,0,0
天津,2011-11-03,0,0,0,0
天津,2011-11-04,0,0,0,0
天津,2011-11-05,0,0,0,0
天津,2011-11-06,0,0,0,0
天津,2011-11-07,0,0,0,0
天津,2011-11-08,0,0,0,0
天津,2011-11-09,0,0,0,0
天津,2011-11-10,0,0,0,0
天津,2011-11-11,0,0,0,0
天津,2011-11-12,0,0,0,0
天津,2011-11-13,0,0,0,0
天津,2011-11-14,0,0,0,0
天津,2011-11-15,0,0,0,0
天津,2011-11-16,0,0,0,0
天津,2011-11-17,0,0,0,0
天津,2011-11-18,0,0,0,0
天津,2011-11-19,0,0,0,0
天津,2011-11-20,0,0,0,0
天津,2011-11-21,0,0,0,0
天津,2011-11-22,0,0,0,0
天津,2011-11-23,0,0,0,0
天津,2011-11-24,0,0,0,0
天津,2011-11-25,0,0,0,0
天津,2011-11-26,0,0,0,0
天津,2011-11-27,0,0,0,0
天津,2011-11-28,0,0,0,0
天津,2011-11-29,0,0,0,0
天津,2011-11-30,0,0,0,0
天津,2011-12-01,0,0,0,0
天津,2011-12-02,0,0,0,0
天津,2011-12-03,0,0,0,0
天津,2011-12-04,0,0,0,0
天津,2011-12-05,0,0,0,0
天津,2011-12-06,0,0,0,0
天津,2011-12-07,0,0,0,0
天津,2011-12-08,0,0,0,0
天津,2011-12-09,0,0,0,0
天津,2011-12-10,0,0,0,0
天津,2011-12-11,0,0,0,0
天津,2011-12-12,0,0,0,0
天津,2011-12-13,0,0,0,0
天津,2011-12-14,0,0,0,0
天津,2011-12-15,0,0,0,0
天津,2011-12-16,0,0,0,0
天津,2011-12-17,0,0,0,0
天津,2011-12-18,0,0,0,0
天津,2011-12-19,0,0,0,0
天津,2011-12-20,0,0,0,0
天津,2011-12-21,0,0,0,0
天津,2011-12-22,0,0,0,0
天津,2011-12-23,0,0,0,0
天津,2011-12-24,0,0,0,0
天津,2011-12-25,0,0,0,0
天津,2011-12-26,0,0,0,0
天津,2011-12-27,0,0,0,0
天津,2011-12-28,0,0,0,0
天津,2011-12-29,0,0,0,0
天津,2011-12-30,0,0,0,0
天津,2011-12-31,0,0,0,0
天津,2012-01-01,0,0,0,0
天津,2012-01-02,0,0,0,0
天津,2012-01-03,0,0,0,0
天津,2012-01-04,0,0,0,0
天津,2012-01-05,0,0,0,0
天津,2012-01-06,0,0,0,0
天津,2012-01-07,0,0,0,0
天津,2012-01-08,0,0,0,0
天津,2012-01-09,0,0,0,0
天津,2012-01-10,0,0,0,0
天津,2012-01-11,0,0,0,0
天津,2012-01-12,0,0,0,0
天津,2012-01-13,0,0,0,0
天津,2012-01-14,0,0,0,0
天津,2012-01-15,0,0,0,0
天津,2012-01-16,0,0,0,0
天津,2012-01-17,0,0,0,0
天津,2012-01-18,0,0,0,0
天津,2012-01-19,0,0,0,0
天津,2012-01-20,0,0,0,0
天津,2012-01-21,0,0,0,0
天津,2012-01-22,0,0,0,0
天津,2012-01-23,0,0,0,0
天津,2012-01-24,0,0,0,0
天津,2012-01-25,0,0,0,0
天津,2012-01-26,0,0,0,0
天津,2012-01-27,0,0,0,0
天津,2012-01-28,0,0,0,0
天津,2012-01-29,0,0,0,0
天津,2012-01-30,0,0,0,0
天津,2012-01-31,0,0,0,0
天津,2012-02-01,0,0,0,0
天津,2012-02-02,0,0,0,0
天津,2012-02-03,0,0,0,0
天津,2012-02-04,0,0,0,0
天津,2012-02-05,0,0,0,0
天津,2012-02-06,0,0,0,0
天津,2012-02-07,0,0,0,0
天津,2012-02-08,0,0,0,0
天津,2012-02-09,0,0,0,0
天津,2012-02-10,0,0,0,0
天津,2012-02-11,0,0,0,0
天津,2012-02-12,0,0,0,0
天津,2012-02-13,0,0,0,0
天津,2012-02-14,0,0,0,0
天津,2012-02-15,0,0,0,0
天津,2012-02-16,0,0,0,0
天津,2012-02-17,0,0,0,0
天津,2012-02-18,0,0,0,0
天津,2012-02-19,0,0,0,0
天津,2012-02-20,0,0,0,0
天津,2012-02-21,0,0,0,0
天津,2012-02-22,0,0,0,0
天津,2012-02-23,0,0,0,0
天津,2012-02-24,0,0,0,0
天津,2012-02-25,0,0,0,0
天津,2012-02-26,0,0,0,0
天津,2012-02-27,0,0,0,0
天津,2012-02-28,0,0,0,0
天津,2012-02-29,0,0,0,0
天津,2012-03-01,0,0,0,0
天津,2012-03-02,0,0,0,0
天津,2012-03-03,0,0,0,0
天津,2012-03-04,0,0,0,0
天津,2012-03-05,0,0,0,0
天津,2012-03-06,0,0,0,0
天津,2012-03-07,0,0,0,0
天津,2012-03-08,0,0,0,0
天津,2012-03-09,0,0,0,0
天津,2012-03-10,0,0,0,0
天津,2012-03-11,0,0,0,0
天津,2012-03-12,0,0,0,0
天津,2012-03-13,0,0,0,0
天津,2012-03-14,0,0,0,0
天津,2012-03-15,0,0,0,0
天津,2012-03-16,0,0,0,0
天津,2012-03-17,0,0,0,0
天津,2012-03-18,0,0,0,0
天津,2012-03-19,0,0,0,0
天津,2012-03-20,0,0,0,0
天津,2012-03-21,0,0,0,0
天津,2012-03-22,0,0,0,0
天津,2012-03-23,0,0,0,0
天津,2012-03-24,0,0,0,0
天津,2012-03-25,0,0,0,0
天津,2012-03-26,0,0,0,0
天津,2012-03-27,0,0,0,0
天津,2012-03-28,0,0,0,0
天津,2012-03-29,0,0,0,0
天津,2012-03-30,0,0,0,0
天津,2012-03-31,0,0,0,0
天津,2012-04-01,0,0,0,0
天津,2012-04-02,0,0,0,0
天津,2012-04-03,0,0,0,0
天津,2012-04-04,0,0,0,0
天津,2012-04-05,0,0,0,0
天津,2012-04-06,0,0,0,0
天津,2012-04-07,0,0,0,0
天津,2012-04-08,0,0,0,0
天津,2012-04-09,0,0,0,0
天津,2012-04-10,0,0,0,0
天津,2012-04-11,0,0,0,0
天津,2012-04-12,0,0,0,0
天津,2012-04-13,0,0,0,0
天津,2012-04-14,0,0,0,0
天津,2012-04-15,0,0,0,0
天津,2012-04-16,0,0,0,0
天津,2012-04-17,0,0,0,0
天津,2012-04-18,0,0,0,0
天津,2012-04-19,0,0,0,0
天津,2012-04-20,0,0,0,0
天津,2012-04-21,0,0,0,0
天津,2012-04-22,0,0,0,0
天津,2012-04-23,0,0,0,0
天津,2012-04-24,0,0,0,0
天津,2012-04-25,0,0,0,0
天津,2012-04-26,0,0,0,0
天津,2012-04-27,0,0,0,0
天津,2012-04-28,0,0,0,0
天津,2012-04-29,0,0,0,0
天津,2012-04-30,0,0,0,0
天津,2012-05-01,0,0,0,0
天津,2012-05-02,0,0,0,0
天津,2012-05-03,0,0,0,0
天津,2012-05-04,0,0,0,0
天津,2012-05-05,0,0,0,0
天津,2012-05-06,0,0,0,0
天津,2012-05-07,0,0,0,0
天津,2012-05-08,0,0,0,0
天津,2012-05-09,0,0,0,0
天津,2012-05-10,0,0,0,0
天津,2012-05-11,0,0,0,0
天津,2012-05-12,0,0,0,0
天津,2012-05-13,0,0,0,0
天津,2012-05-14,0,0,0,0
天津,2012-05-15,0,0,0,0
天津,2012-05-16,0,0,0,0
天津,2012-05-17,0,0,0,0
天津,2012-05-18,0,0,0,0
天津,2012-05-19,0,0,0,0
天津,2012-05-20,0,0,0,0
天津,2012-05-21,0,0,0,0
天津,2012-05-22,0,0,0,0
天津,2012-05-23,0,0,0,0
天津,2012-05-24,0,0,0,0
天津,2012-05-25,0,0,0,0
天津,2012-05-26,0,0,0,0
天津,2012-05-27,0,0,0,0
天津,2012-05-28,0,0,0,0
天津,2012-05-29,0,0,0,0
天津,2012-05-30,0,0,0,0
天津,2012-05-31,0,0,0,0
天津,2012-06-01,0,0,0,0
天津,2012-06-02,0,0,0,0
天津,2012-06-03,0,0,0,0
天津,2012-06-04,0,0,0,0
天津,2012-06-05,0,0,0,0
天津,2012-06-06,0,0,0,0
天津,2012-06-07,0,0,0,0
天津,2012-06-08,0,0,0,0
天津,2012-06-09,0,0,0,0
天津,2012-06-10,0,0,0,0
天津,2012-06-11,0,0,0,0
天津,2012-06-12,0,0,0,0
天津,2012-06-13,0,0,0,0
天津,2012-06-14,0,0,0,0
天津,2012-06-15,0,0,0,0
天津,2012-06-16,0,0,0,0
天津,2012-06-17,0,0,0,0
天津,2012-06-18,0,0,0,0
天津,2012-06-19,0,0,0,0
天津,2012-06-20,0,0,0,0
天津,2012-06-21,0,0,0,0
天津,2012-06-22,0,0,0,0
天津,2012-06-23,0,0,0,0
天津,2012-06-24,0,0,0,0
天津,2012-06-25,0,0,0,0
天津,2012-06-26,0,0,0,0
天津,2012-06-27,0,0,0,0
天津,2012-06-28,0,0,0,0
天津,2012-06-29,0,0,0,0
天津,2012-06-30,0,0,0,0
天津,2012-07-01,0,0,0,0
天津,2012-07-02,0,0,0,0
天津,2012-07-03,0,0,0,0
天津,2012-07-04,0,0,0,0
天津,2012-07-05,0,0,0,0
天津,2012-07-06,0,0,0,0
天津,2012-07-07,0,0,0,0
天津,2012-07-08,0,0,0,0
天津,2012-07-09,0,0,0,0
天津,2012-07-10,0,0,0,0
天津,2012-07-11,0,0,0,0
天津,2012-07-12,0,0,0,0
天津,2012-07-13,0,0,0,0
天津,2012-07-14,0,0,0,0
天津,2012-07-15,0,0,0,0
天津,2012-07-16,0,0,0,0
天津,2012-07-17,0,0,0,0
天津,2012-07-18,0,0,0,0
天津,2012-07-19,0,0,0,0
天津,2012-07-20,0,0,0,0
天津,2012-07-21,0,0,0,0
天津,2012-07-22,0,0,0,0
天津,2012-07-23,0,0,0,0
天津,2012-07-24,0,0,0,0
天津,2012-07-25,0,0,0,0
天津,2012-07-26,0,0,0,0
天津,2012-07-27,0,0,0,0
天津,2012-07-28,0,0,0,0
天津,2012-07-29,0,0,0,0
天津,2012-07-30,0,0,0,0
天津,2012-07-31,0,0,0,0
天津,2012-08-01,0,0,0,0
天津,2012-08-02,0,0,0,0
天津,2012-08-03,0,0,0,0
天津,2012-08-04,0,0,0,0
天津,2012-08-05,0,0,0,0
天津,2012-08-06,0,0,0,0
天津,2012-08-07,0,0,0,0
天津,2012-08-08,0,0,0,0
天津,2012-08-09,0,0,0,0
天津,2012-08-10,0,0,0,0
天津,2012-08-11,0,0,0,0
天津,2012-08-12,0,0,0,0
天津,2012-08-13,0,0,0,0
天津,2012-08-14,0,0,0,0
天津,2012-08-15,0,0,0,0
天津,2012-08-16,0,0,0,0
天津,2012-08-17,0,0,0,0
天津,2012-08-18,0,0,0,0
天津,2012-08-19,0,0,0,0
天津,2012-08-20,0,0,0,0
天津,2012-08-21,0,0,0,0
天津,2012-08-22,0,0,0,0
天津,2012-08-23,0,0,0,0
天津,2012-08-24,0,0,0,0
天津,2012-08-25,0,0,0,0
天津,2012-08-26,0,0,0,0
天津,2012-08-27,0,0,0,0
天津,2012-08-28,0,0,0,0
天津,2012-08-29,0,0,0,0
天津,2012-08-30,0,0,0,0
天津,2012-08-31,0,0,0,0
天津,2012-09-01,0,0,0,0
天津,2012-09-02,0,0,0,0
天津,2012-09-03,0,0,0,0
天津,2012-09-04,0,0,0,0
天津,2012-09-05,0,0,0,0
天津,2012-09-06,0,0,0,0
天津,2012-09-07,0,0,0,0
天津,2012-09-08,0,0,0,0
天津,2012-09-09,0,0,0,0
天津,2012-09-10,0,0,0,0
天津,2012-09-11,0,0,0,0
天津,2012-09-12,0,0,0,0
天津,2012-09-13,0,0,0,0
天津,2012-09-14,0,0,0,0
天津,2012-09-15,0,0,0,0
天津,2012-09-16,0,0,0,0
天津,2012-09-17,0,0,0,0
天津,2012-09-18,0,0,0,0
天津,2012-09-19,0,0,0,0
天津,2012-09-20,0,0,0,0
天津,2012-09-21,0,0,0,0
天津,2012-09-22,0,0,0,0
天津,2012-09-23,0,0,0,0
天津,2012-09-24,0,0,0,0
天津,2012-09-25,0,0,0,0
天津,2012-09-26,0,0,0,0
天津,2012-09-27,0,0,0,0
天津,2012-09-28,0,0,0,0
天津,2012-09-29,0,0,0,0
天津,2012-09-30,0,0,0,0
天津,2012-10-01,0,0,0,0
天津,2012-10-02,0,0,0,0
天津,2012-10-03,0,0,0,0
天津,2012-10-04,0,0,0,0
天津,2012-10-05,0,0,0,0
天津,2012-10-06,0,0,0,0
天津,2012-10-07,0,0,0,0
天津,2012-10-08,0,0,0,0
天津,2012-10-09,0,0,0,0
天津,2012-10-10,0,0,0,0
天津,2012-10-11,0,0,0,0
天津,2012-10-12,0,0,0,0
天津,2012-10-13,0,0,0,0
天津,2012-10-14,0,0,0,0
天津,2012-10-15,0,0,0,0
天津,2012-10-16,0,0,0,0
天津,2012-10-17,0,0,0,0
天津,2012-10-18,0,0,0,0
天津,2012-10-19,0,0,0,0
天津,2012-10-20,0,0,0,0
天津,2012-10-21,0,0,0,0
天津,2012-10-22,0,0,0,0
天津,2012-10-23,0,0,0,0
天津,2012-10-24,0,0,0,0
天津,2012-10-25,0,0,0,0
天津,2012-10-26,0,0,0,0
天津,2012-10-27,0,0,0,0
天津,2012-10-28,0,0,0,0
天津,2012-10-29,0,0,0,0
天津,2012-10-30,0,0,0,0
天津,2012-10-31,0,0,0,0
天津,2012-11-01,0,0,0,0
天津,2012-11-02,0,0,0,0
天津,2012-11-03,0,0,0,0
天津,2012-11-04,0,0,0,0
天津,2012-11-05,0,0,0,0
天津,2012-11-06,0,0,0,0
天津,2012-11-07,0,0,0,0
天津,2012-11-08,0,0,0,0
天津,2012-11-09,0,0,0,0
天津,2012-11-10,0,0,0,0
天津,2012-11-11,0,0,0,0
天津,2012-11-12,0,0,0,0
天津,2012-11-13,0,0,0,0
天津,2012-11-14,0,0,0,0
天津,2012-11-15,0,0,0,0
天津,2012-11-16,0,0,0,0
天津,2012-11-17,0,0,0,0
天津,2012-11-18,0,0,0,0
天津,2012-11-19,0,0,0,0
天津,2012-11-20,0,0,0,0
天津,2012-11-21,0,0,0,0
天津,2012-11-22,0,0,0,0
天津,2012-11-23,0,0,0,0
天津,2012-11-24,0,0,0,0
天津,2012-11-25,0,0,0,0
天津,2012-11-26,0,0,0,0
天津,2012-11-27,0,0,0,0
天津,2012-11-28,0,0,0,0
天津,2012-11-29,0,0,0,0
天津,2012-11-30,0,0,0,0
天津,2012-12-01,0,0,0,0
天津,2012-12-02,0,0,0,0
天津,2012-12-03,0,0,0,0
天津,2012-12-04,0,0,0,0
天津,2012-12-05,0,0,0,0
天津,2012-12-06,0,0,0,0
天津,2012-12-07,0,0,0,0
天津,2012-12-08,0,0,0,0
天津,2012-12-09,0,0,0,0
天津,2012-12-10,0,0,0,0
天津,2012-12-11,0,0,0,0
天津,2012-12-12,0,0,0,0
天津,2012-12-13,0,0,0,0
天津,2012-12-14,0,0,0,0
天津,2012-12-15,0,0,0,0
天津,2012-12-16,0,0,0,0
天津,2012-12-17,0,0,0,0
天津,2012-12-18,0,0,0,0
天津,2012-12-19,0,0,0,0
天津,2012-12-20,0,0,0,0
天津,2012-12-21,0,0,0,0
天津,2012-12-22,0,0,0,0
天津,2012-12-23,0,0,0,0
天津,2012-12-24,0,0,0,0
天津,2012-12-25,0,0,0,0
天津,2012-12-26,0,0,0,0
天津,2012-12-27,0,0,0,0
天津,2012-12-28,0,0,0,0
天津,2012-12-29,0,0,0,0
天津,2012-12-30,0,0,0,0
天津,2012-12-31,0,0,0,0
天津,2013-01-01,0,0,0,0
天津,2013-01-02,0,0,0,0
天津,2013-01-03,0,0,0,0
天津,2013-01-04,0,0,0,0
天津,2013-01-05,0,0,0,0
天津,2013-01-06,0,0,0,0
天津,2013-01-07,0,0,0,0
天津,2013-01-08,0,0,0,0
天津,2013-01-09,0,0,0,0
天津,2013-01-10,0,0,0,0
天津,2013-01-11,0,0,0,0
天津,2013-01-12,0,0,0,0
天津,2013-01-13,0,0,0,0
天津,2013-01-14,0,0,0,0
天津,2013-01-15,0,0,0,0
天津,2013-01-16,0,0,0,0
天津,2013-01-17,0,0,0,0
天津,2013-01-18,0,0,0,0
天津,2013-01-19,0,0,0,0
天津,2013-01-20,0,0,0,0
天津,2013-01-21,0,0,0,0
天津,2013-01-22,0,0,0,0
天津,2013-01-23,0,0,0,0
天津,2013-01-24,0,0,0,0
天津,2013-01-25,0,0,0,0
天津,2013-01-26,0,0,0,0
天津,2013-01-27,0,0,0,0
天津,2013-01-28,0,0,0,0
天津,2013-01-29,0,0,0,0
天津,2013-01-30,0,0,0,0
天津,2013-01-31,0,0,0,0
天津,2013-02-01,0,0,0,0
天津,2013-02-02,0,0,0,0
天津,2013-02-03,0,0,0,0
天津,2013-02-04,0,0,0,0
天津,2013-02-05,0,0,0,0
天津,2013-02-06,0,0,0,0
天津,2013-02-07,0,0,0,0
天津,2013-02-08,0,0,0,0
天津,2013-02-09,0,0,0,0
天津,2013-02-10,0,0,0,0
天津,2013-02-11,0,0,0,0
天津,2013-02-12,0,0,0,0
天津,2013-02-13,0,0,0,0
天津,2013-02-14,0,0,0,0
天津,2013-02-15,0,0,0,0
天津,2013-02-16,0,0,0,0
天津,2013-02-17,0,0,0,0
天津,2013-02-18,0,0,0,0
天津,2013-02-19,0,0,0,0
天津,2013-02-20,0,0,0,0
天津,2013-02-21,0,0,0,0
天津,2013-02-22,0,0,0,0
天津,2013-02-23,0,0,0,0
天津,2013-02-24,0,0,0,0
天津,2013-02-25,0,0,0,0
天津,2013-02-26,0,0,0,0
天津,2013-02-27,0,0,0,0
天津,2013-02-28,0,0,0,0
天津,2013-03-01,0,0,0,0
天津,2013-03-02,0,0,0,0
天津,2013-03-03,0,0,0,0
天津,2013-03-04,0,0,0,0
天津,2013-03-05,0,0,0,0
天津,2013-03-06,0,0,0,0
天津,2013-03-07,0,0,0,0
天津,2013-03-08,0,0,0,0
天津,2013-03-09,0,0,0,0
天津,2013-03-10,0,0,0,0
天津,2013-03-11,0,0,0,0
天津,2013-03-12,0,0,0,0
天津,2013-03-13,0,0,0,0
天津,2013-03-14,0,0,0,0
天津,2013-03-15,0,0,0,0
天津,2013-03-16,0,0,0,0
天津,2013-03-17,0,0,0,0
天津,2013-03-18,0,0,0,0
天津,2013-03-19,0,0,0,0
天津,2013-03-20,0,0,0,0
天津,2013-03-21,0,0,0,0
天津,2013-03-22,0,0,0,0
天津,2013-03-23,0,0,0,0
天津,2013-03-24,0,0,0,0
天津,2013-03-25,0,0,0,0
天津,2013-03-26,0,0,0,0
天津,2013-03-27,0,0,0,0
天津,2013-03-28,0,0,0,0
天津,2013-03-29,0,0,0,0
天津,2013-03-30,0,0,0,0
天津,2013-03-31,0,0,0,0
天津,2013-04-01,0,0,0,0
天津,2013-04-02,0,0,0,0
天津,2013-04-03,0,0,0,0
天津,2013-04-04,0,0,0,0
天津,2013-04-05,0,0,0,0
天津,2013-04-06,0,0,0,0
天津,2013-04-07,0,0,0,0
天津,2013-04-08,0,0,0,0
天津,2013-04-09,0,0,0,0
天津,2013-04-10,0,0,0,0
天津,2013-04-11,0,0,0,0
天津,2013-04-12,0,0,0,0
天津,2013-04-13,0,0,0,0
天津,2013-04-14,0,0,0,0
天津,2013-04-15,0,0,0,0
天津,2013-04-16,0,0,0,0
天津,2013-04-17,0,0,0,0
天津,2013-04-18,0,0,0,0
天津,2013-04-19,0,0,0,0
天津,2013-04-20,0,0,0,0
天津,2013-04-21,0,0,0,0
天津,2013-04-22,0,0,0,0
天津,2013-04-23,0,0,0,0
天津,2013-04-24,0,0,0,0
天津,2013-04-25,0,0,0,0
天津,2013-04-26,0,0,0,0
天津,2013-04-27,0,0,0,0
天津,2013-04-28,0,0,0,0
天津,2013-04-29,0,0,0,0
天津,2013-04-30,0,0,0,0
天津,2013-05-01,0,0,0,0
天津,2013-05-02,0,0,0,0
天津,2013-05-03,0,0,0,0
天津,2013-05-04,0,0,0,0
天津,2013-05-05,0,0,0,0
天津,2013-05-06,0,0,0,0
天津,2013-05-07,0,0,0,0
天津,2013-05-08,0,0,0,0
天津,2013-05-09,0,0,0,0
天津,2013-05-10,0,0,0,0
天津,2013-05-11,0,0,0,0
天津,2013-05-12,0,0,0,0
天津,2013-05-13,0,0,0,0
天津,2013-05-14,0,0,0,0
天津,2013-05-15,0,0,0,0
天津,2013-05-16,0,0,0,0
天津,2013-05-17,0,0,0,0
天津,2013-05-18,0,0,0,0
天津,2013-05-19,0,0,0,0
天津,2013-05-20,0,0,0,0
天津,2013-05-21,0,0,0,0
天津,2013-05-22,0,0,0,0
天津,2013-05-23,0,0,0,0
天津,2013-05-24,0,0,0,0
天津,2013-05-25,0,0,0,0
天津,2013-05-26,0,0,0,0
天津,2013-05-27,0,0,0,0
天津,2013-05-28,0,0,0,0
天津,2013-05-29,0,0,0,0
天津,2013-05-30,0,0,0,0
天津,2013-05-31,0,0,0,0
天津,2013-06-01,0,0,0,0
天津,2013-06-02,0,0,0,0
天津,2013-06-03,0,0,0,0
天津,2013-06-04,0,0,0,0
天津,2013-06-05,0,0,0,0
天津,2013-06-06,0,0,0,0
天津,2013-06-07,0,0,0,0
天津,2013-06-08,0,0,0,0
天津,2013-06-09,0,0,0,0
天津,2013-06-10,0,0,0,0
天津,2013-06-11,0,0,0,0
天津,2013-06-12,0,0,0,0
天津,2013-06-13,0,0,0,0
天津,2013-06-14,0,0,0,0
天津,2013-06-15,0,0,0,0
天津,2013-06-16,0,0,0,0
天津,2013-06-17,0,0,0,0
天津,2013-06-18,0,0,0,0
天津,2013-06-19,0,0,0,0
天津,2013-06-20,0,0,0,0
天津,2013-06-21,0,0,0,0
天津,2013-06-22,0,0,0,0
天津,2013-06-23,0,0,0,0
天津,2013-06-24,0,0,0,0
天津,2013-06-25,0,0,0,0
天津,2013-06-26,0,0,0,0
天津,2013-06-27,0,0,0,0
天津,2013-06-28,0,0,0,0
天津,2013-06-29,0,0,0,0
天津,2013-06-30,0,0,0,0
天津,2013-07-01,0,0,0,0
天津,2013-07-02,0,0,57,0
天津,2013-07-03,0,0,59,0
天津,2013-07-04,0,0,59,0
天津,2013-07-05,0,0,0,0
天津,2013-07-06,0,0,57,0
天津,2013-07-07,0,0,116,0
天津,2013-07-08,0,0,61,0
天津,2013-07-09,0,0,122,0
天津,2013-07-10,0,0,70,0
天津,2013-07-11,0,0,61,0
天津,2013-07-12,0,0,66,0
天津,2013-07-13,0,0,59,0
天津,2013-07-14,0,0,120,0
天津,2013-07-15,0,0,72,0
天津,2013-07-16,0,0,66,0
天津,2013-07-17,0,0,74,0
天津,2013-07-18,0,0,66,0
天津,2013-07-19,0,0,128,0
天津,2013-07-20,0,0,120,0
天津,2013-07-21,0,0,59,0
天津,2013-07-22,0,0,83,0
天津,2013-07-23,0,0,121,0
天津,2013-07-24,0,0,127,0
天津,2013-07-25,0,0,59,0
天津,2013-07-26,0,0,57,0
天津,2013-07-27,0,0,59,0
天津,2013-07-28,0,0,120,0
天津,2013-07-29,0,0,131,0
天津,2013-07-30,0,0,121,0
天津,2013-07-31,0,0,124,0
天津,2013-08-01,0,0,68,0
天津,2013-08-02,58,0,122,0
天津,2013-08-03,0,0,64,0
天津,2013-08-04,0,0,127,0
天津,2013-08-05,0,0,123,0
天津,2013-08-06,0,0,120,0
天津,2013-08-07,0,0,133,0
天津,2013-08-08,0,0,152,0
天津,2013-08-09,0,0,127,0
天津,2013-08-10,0,0,61,0
天津,2013-08-11,0,0,68,0
天津,2013-08-12,0,0,74,0
天津,2013-08-13,0,0,72,0
天津,2013-08-14,0,0,148,0
天津,2013-08-15,0,0,140,0
天津,2013-08-16,0,0,63,0
天津,2013-08-17,0,0,121,0
天津,2013-08-18,0,0,70,0
天津,2013-08-19,0,0,121,0
天津,2013-08-20,0,0,140,0
天津,2013-08-21,0,0,139,0
天津,2013-08-22,0,0,131,0
天津,2013-08-23,0,0,133,0
天津,2013-08-24,0,0,118,0
天津,2013-08-25,0,0,130,0
天津,2013-08-26,0,0,125,0
天津,2013-08-27,0,0,64,0
天津,2013-08-28,0,0,133,0
天津,2013-08-29,0,0,124,0
天津,2013-08-30,0,0,135,0
天津,2013-08-31,0,0,66,0
天津,2013-09-01,0,0,126,0
天津,2013-09-02,0,58,78,0
天津,2013-09-03,0,0,136,0
天津,2013-09-04,0,0,135,0
天津,2013-09-05,0,0,142,0
天津,2013-09-06,0,0,135,0
天津,2013-09-07,0,0,127,0
天津,2013-09-08,0,0,68,0
天津,2013-09-09,0,0,147,0
天津,2013-09-10,0,0,140,0
天津,2013-09-11,0,0,95,0
天津,2013-09-12,0,0,137,0
天津,2013-09-13,0,0,64,0
天津,2013-09-14,0,0,129,0
天津,2013-09-15,57,0,158,0
天津,2013-09-16,0,0,129,0
天津,2013-09-17,0,0,136,0
天津,2013-09-18,0,0,129,0
天津,2013-09-19,0,0,66,0
天津,2013-09-20,0,0,127,0
天津,2013-09-21,0,0,149,0
天津,2013-09-22,0,0,125,0
天津,2013-09-23,0,0,133,0
天津,2013-09-24,0,0,131,0
天津,2013-09-25,0,0,137,0
天津,2013-09-26,0,0,150,0
天津,2013-09-27,0,0,133,0
天津,2013-09-28,0,0,121,0
天津,2013-09-29,0,0,66,0
天津,2013-09-30,0,0,133,0
天津,2013-10-01,0,0,72,0
天津,2013-10-02,0,0,120,0
天津,2013-10-03,0,0,61,0
天津,2013-10-04,0,0,63,0
天津,2013-10-05,0,0,64,0
天津,2013-10-06,0,0,120,0
天津,2013-10-07,0,0,125,0
天津,2013-10-08,0,0,66,0
天津,2013-10-09,0,0,72,0
天津,2013-10-10,0,0,172,0
天津,2013-10-11,0,0,171,0
天津,2013-10-12,0,0,139,0
天津,2013-10-13,0,0,147,0
天津,2013-10-14,0,0,143,57
天津,2013-10-15,0,0,130,0
天津,2013-10-16,0,0,148,0
天津,2013-10-17,0,0,172,0
天津,2013-10-18,0,0,72,0
天津,2013-10-19,0,0,121,0
天津,2013-10-20,0,0,151,0
天津,2013-10-21,0,0,128,0
天津,2013-10-22,0,0,156,0
天津,2013-10-23,0,0,135,0
天津,2013-10-24,0,0,167,57
天津,2013-10-25,0,0,151,0
天津,2013-10-26,0,0,138,0
天津,2013-10-27,0,0,149,0
天津,2013-10-28,0,0,163,0
天津,2013-10-29,0,0,148,0
天津,2013-10-30,0,0,158,0
天津,2013-10-31,0,0,154,0
天津,2013-11-01,0,0,176,0
天津,2013-11-02,0,0,167,0
天津,2013-11-03,0,0,154,0
天津,2013-11-04,0,0,153,57
天津,2013-11-05,0,0,164,0
天津,2013-11-06,0,0,152,0
天津,2013-11-07,0,0,163,0
天津,2013-11-08,0,0,148,0
天津,2013-11-09,0,0,151,0
天津,2013-11-10,0,0,158,0
天津,2013-11-11,0,0,159,0
天津,2013-11-12,0,0,148,0
天津,2013-11-13,0,0,148,0
天津,2013-11-14,0,0,153,0
天津,2013-11-15,0,0,166,0
天津,2013-11-16,0,0,169,0
天津,2013-11-17,0,0,166,0
天津,2013-11-18,0,0,162,0
天津,2013-11-19,0,0,168,0
天津,2013-11-20,0,0,158,0
天津,2013-11-21,0,0,144,0
天津,2013-11-22,0,0,136,0
天津,2013-11-23,0,0,126,0
天津,2013-11-24,0,0,145,0
天津,2013-11-25,57,0,145,0
天津,2013-11-26,57,0,173,0
天津,2013-11-27,0,0,139,0
天津,2013-11-28,57,0,158,0
天津,2013-11-29,0,0,141,0
天津,2013-11-30,0,0,135,0
天津,2013-12-01,0,0,148,0
天津,2013-12-02,0,0,145,0
天津,2013-12-03,0,0,159,0
天津,2013-12-04,0,0,148,0
天津,2013-12-05,0,0,151,0
天津,2013-12-06,0,0,133,0
天津,2013-12-07,57,0,126,0
天津,2013-12-08,0,0,144,0
天津,2013-12-09,0,0,131,0
天津,2013-12-10,0,0,167,0
天津,2013-12-11,0,0,156,0
天津,2013-12-12,0,0,173,0
天津,2013-12-13,0,0,156,0
天津,2013-12-14,0,0,197,0
天津,2013-12-15,0,0,220,0
天津,2013-12-16,0,0,151,0
天津,2013-12-17,0,0,159,0
天津,2013-12-18,0,0,180,0
天津,2013-12-19,0,0,165,0
天津,2013-12-20,0,0,144,0
天津,2013-12-21,57,0,167,0
天津,2013-12-22,57,0,154,0
天津,2013-12-23,57,0,140,0
天津,2013-12-24,0,0,168,0
天津,2013-12-25,57,0,145,0
天津,2013-12-26,0,0,175,0
天津,2013-12-27,0,0,173,0
天津,2013-12-28,58,0,139,0
天津,2013-12-29,0,0,121,0
天津,2013-12-30,0,0,150,0
天津,2013-12-31,57,0,141,0
天津,2014-01-01,58,0,151,0
天津,2014-01-02,0,0,164,0
天津,2014-01-03,0,0,186,0
天津,2014-01-04,61,0,158,0
天津,2014-01-05,0,61,161,0
天津,2014-01-06,0,0,155,0
天津,2014-01-07,58,0,154,0
天津,2014-01-08,0,0,159,0
天津,2014-01-09,0,0,151,0
天津,2014-01-10,0,0,134,0
天津,2014-01-11,0,0,134,0
天津,2014-01-12,57,0,146,0
天津,2014-01-13,0,0,144,0
天津,2014-01-14,0,0,149,0
天津,2014-01-15,70,0,163,0
天津,2014-01-16,0,0,177,0
天津,2014-01-17,0,0,200,0
天津,2014-01-18,0,0,156,0
天津,2014-01-19,0,0,147,0
天津,2014-01-20,0,0,171,0
天津,2014-01-21,0,0,133,0
天津,2014-01-22,0,0,155,0
天津,2014-01-23,0,0,179,0
天津,2014-01-24,58,0,149,0
天津,2014-01-25,0,0,149,0
天津,2014-01-26,0,0,160,0
天津,2014-01-27,0,0,145,0
天津,2014-01-28,0,0,148,0
天津,2014-01-29,0,0,135,0
天津,2014-01-30,57,0,127,0
天津,2014-01-31,0,0,118,0
天津,2014-02-01,0,0,130,0
天津,2014-02-02,57,0,120,0
天津,2014-02-03,0,0,127,0
天津,2014-02-04,57,0,129,0
天津,2014-02-05,57,0,144,0
天津,2014-02-06,61,0,152,0
天津,2014-02-07,65,0,200,0
天津,2014-02-08,57,0,197,0
天津,2014-02-09,61,0,171,0
天津,2014-02-10,70,0,160,0
天津,2014-02-11,57,0,156,0
天津,2014-02-12,60,0,148,0
天津,2014-02-13,57,0,163,57
天津,2014-02-14,61,0,152,0
天津,2014-02-15,61,0,151,0
天津,2014-02-16,61,0,164,0
天津,2014-02-17,61,0,197,0
天津,2014-02-18,66,0,195,0
天津,2014-02-19,61,0,200,0
天津,2014-02-20,60,0,200,0
天津,2014-02-21,99,0,198,0
天津,2014-02-22,83,0,180,0
天津,2014-02-23,80,0,171,0
天津,2014-02-24,57,0,165,0
天津,2014-02-25,57,0,216,0
天津,2014-02-26,139,57,191,0
天津,2014-02-27,129,0,204,0
天津,2014-02-28,127,0,165,0
天津,2014-03-01,129,0,148,0
天津,2014-03-02,122,0,168,0
天津,2014-03-03,129,0,176,0
天津,2014-03-04,118,0,220,57
天津,2014-03-05,119,0,205,0
天津,2014-03-06,127,0,200,0
天津,2014-03-07,61,0,239,0
天津,2014-03-08,124,0,223,0
天津,2014-03-09,122,0,235,0
天津,2014-03-10,124,0,231,57
天津,2014-03-11,128,0,213,0
天津,2014-03-12,137,0,242,0
天津,2014-03-13,122,0,205,0
天津,2014-03-14,61,0,183,0
天津,2014-03-15,121,0,199,0
天津,2014-03-16,122,0,181,0
天津,2014-03-17,124,0,188,0
天津,2014-03-18,120,0,223,0
天津,2014-03-19,59,57,203,0
天津,2014-03-20,123,0,187,0
天津,2014-03-21,114,0,193,0
天津,2014-03-22,132,0,154,0
天津,2014-03-23,61,0,157,0
天津,2014-03-24,119,0,199,57
天津,2014-03-25,114,0,195,0
天津,2014-03-26,61,0,194,0
天津,2014-03-27,122,0,171,0
天津,2014-03-28,119,0,197,0
天津,2014-03-29,57,0,173,0
天津,2014-03-30,117,0,170,0
天津,2014-03-31,114,0,181,0
天津,2014-04-01,60,0,198,0
天津,2014-04-02,114,0,198,0
天津,2014-04-03,57,0,186,0
天津,2014-04-04,63,0,156,0
天津,2014-04-05,114,0,155,0
天津,2014-04-06,117,0,154,0
天津,2014-04-07,116,57,166,0
天津,2014-04-08,115,0,194,0
天津,2014-04-09,118,0,173,0
天津,2014-04-10,122,0,196,57
天津,2014-04-11,57,0,183,0
天津,2014-04-12,115,0,152,0
天津,2014-04-13,57,0,184,0
天津,2014-04-14,57,0,218,0
天津,2014-04-15,124,0,180,0
天津,2014-04-16,59,0,204,0
天津,2014-04-17,130,0,196,0
天津,2014-04-18,61,0,174,0
天津,2014-04-19,118,0,153,0
天津,2014-04-20,124,0,176,0
天津,2014-04-21,59,0,185,0
天津,2014-04-22,116,0,164,0
天津,2014-04-23,124,0,182,0
天津,2014-04-24,114,0,167,0
天津,2014-04-25,123,0,157,0
天津,2014-04-26,118,0,146,0
天津,2014-04-27,118,0,190,0
天津,2014-04-28,59,0,159,0
天津,2014-04-29,114,0,145,0
天津,2014-04-30,60,0,160,0
天津,2014-05-01,59,0,156,0
天津,2014-05-02,114,0,161,0
天津,2014-05-03,122,0,151,0
天津,2014-05-04,130,0,209,0
天津,2014-05-05,121,0,208,0
天津,2014-05-06,126,0,170,0
天津,2014-05-07,61,0,172,0
天津,2014-05-08,122,0,197,0
天津,2014-05-09,122,0,175,0
天津,2014-05-10,119,0,169,0
天津,2014-05-11,125,0,188,0
天津,2014-05-12,116,0,194,0
天津,2014-05-13,121,0,187,0
天津,2014-05-14,121,0,176,0
天津,2014-05-15,122,0,171,0
天津,2014-05-16,118,0,183,0
天津,2014-05-17,122,0,166,0
天津,2014-05-18,114,0,169,0
天津,2014-05-19,127,0,179,0
天津,2014-05-20,121,0,156,0
天津,2014-05-21,124,0,188,0
天津,2014-05-22,61,0,188,0
天津,2014-05-23,117,0,172,0
天津,2014-05-24,59,57,172,0
天津,2014-05-25,122,0,164,0
天津,2014-05-26,118,0,180,0
天津,2014-05-27,122,0,188,0
天津,2014-05-28,59,0,207,0
天津,2014-05-29,59,0,180,0
天津,2014-05-30,57,0,167,0
天津,2014-05-31,57,0,125,0
天津,2014-06-01,0,0,130,0
天津,2014-06-02,116,0,164,0
天津,2014-06-03,135,0,172,0
天津,2014-06-04,116,0,173,0
天津,2014-06-05,116,0,199,0
天津,2014-06-06,57,0,178,0
天津,2014-06-07,115,0,160,0
天津,2014-06-08,128,0,165,57
天津,2014-06-09,63,0,194,0
天津,2014-06-10,61,0,178,0
天津,2014-06-11,116,0,172,0
天津,2014-06-12,118,0,186,57
天津,2014-06-13,114,0,167,0
天津,2014-06-14,0,0,130,0
天津,2014-06-15,117,0,231,0
天津,2014-06-16,118,0,166,0
天津,2014-06-17,0,0,182,0
天津,2014-06-18,114,0,184,0
天津,2014-06-19,66,0,191,0
天津,2014-06-20,61,0,162,0
天津,2014-06-21,67,0,152,0
天津,2014-06-22,120,0,149,0
天津,2014-06-23,126,0,178,0
天津,2014-06-24,57,0,167,0
天津,2014-06-25,59,0,161,0
天津,2014-06-26,114,0,161,0
天津,2014-06-27,57,0,152,0
天津,2014-06-28,0,0,148,0
天津,2014-06-29,61,0,145,0
天津,2014-06-30,61,0,156,0
天津,2014-07-01,0,0,173,0
天津,2014-07-02,0,0,175,0
天津,2014-07-03,57,0,172,0
天津,2014-07-04,57,0,172,0
天津,2014-07-05,57,0,138,0
天津,2014-07-06,63,0,140,0
天津,2014-07-07,61,0,173,0
天津,2014-07-08,57,0,137,0
天津,2014-07-09,61,0,155,0
天津,2014-07-10,57,0,143,0
天津,2014-07-11,57,0,137,0
天津,2014-07-12,114,0,129,0
天津,2014-07-13,57,0,156,0
天津,2014-07-14,64,0,143,0
天津,2014-07-15,59,0,138,0
天津,2014-07-16,120,0,149,0
天津,2014-07-17,63,0,129,0
天津,2014-07-18,116,0,133,0
天津,2014-07-19,0,0,137,0
天津,2014-07-20,57,0,138,0
天津,2014-07-21,59,0,164,0
天津,2014-07-22,118,63,155,0
天津,2014-07-23,121,0,173,0
天津,2014-07-24,114,0,150,0
天津,2014-07-25,61,0,133,0
天津,2014-07-26,118,0,133,0
天津,2014-07-27,59,0,154,0
天津,2014-07-28,63,0,150,0
天津,2014-07-29,59,0,137,0
天津,2014-07-30,59,0,147,57
天津,2014-07-31,61,0,159,0
天津,2014-08-01,57,0,131,0
天津,2014-08-02,116,0,143,0
天津,2014-08-03,116,0,145,0
天津,2014-08-04,120,0,146,0
天津,2014-08-05,121,0,147,0
天津,2014-08-06,57,0,150,0
天津,2014-08-07,121,0,150,0
天津,2014-08-08,59,0,158,0
天津,2014-08-09,122,0,135,0
天津,2014-08-10,57,0,138,0
天津,2014-08-11,59,0,141,0
天津,2014-08-12,116,57,163,0
天津,2014-08-13,61,0,179,0
天津,2014-08-14,61,0,165,0
天津,2014-08-15,0,0,157,0
天津,2014-08-16,57,0,127,0
天津,2014-08-17,115,0,135,0
天津,2014-08-18,119,57,155,0
天津,2014-08-19,60,0,152,0
天津,2014-08-20,120,0,155,0
天津,2014-08-21,57,0,167,0
天津,2014-08-22,60,0,146,0
天津,2014-08-23,115,57,152,0
天津,2014-08-24,63,0,141,0
天津,2014-08-25,57,0,147,0
天津,2014-08-26,66,0,159,0
天津,2014-08-27,118,57,154,0
天津,2014-08-28,126,0,175,0
天津,2014-08-29,115,0,163,0
天津,2014-08-30,115,0,135,0
天津,2014-08-31,122,0,153,0
天津,2014-09-01,59,0,172,0
天津,2014-09-02,59,0,155,0
天津,2014-09-03,0,0,148,0
天津,2014-09-04,0,0,139,0
天津,2014-09-05,57,0,146,0
天津,2014-09-06,57,0,139,0
天津,2014-09-07,0,0,70,0
天津,2014-09-08,57,0,133,0
天津,2014-09-09,114,0,155,0
天津,2014-09-10,114,0,172,0
天津,2014-09-11,61,0,140,0
天津,2014-09-12,114,0,148,0
天津,2014-09-13,114,0,145,0
天津,2014-09-14,59,0,136,0
天津,2014-09-15,114,57,174,0
天津,2014-09-16,59,0,164,0
天津,2014-09-17,116,57,152,0
天津,2014-09-18,59,0,136,0
天津,2014-09-19,114,0,152,0
天津,2014-09-20,0,0,135,0
天津,2014-09-21,61,0,137,0
天津,2014-09-22,57,0,143,0
天津,2014-09-23,120,0,196,0
天津,2014-09-24,61,0,167,0
天津,2014-09-25,61,0,170,0
天津,2014-09-26,116,0,165,0
天津,2014-09-27,0,0,132,0
天津,2014-09-28,118,0,142,0
天津,2014-09-29,57,0,153,0
天津,2014-09-30,57,0,138,0
天津,2014-10-01,0,0,125,0
天津,2014-10-02,57,0,142,0
天津,2014-10-03,0,0,127,0
天津,2014-10-04,57,0,136,0
天津,2014-10-05,0,0,131,0
天津,2014-10-06,57,57,140,0
天津,2014-10-07,64,0,138,0
天津,2014-10-08,124,0,169,0
天津,2014-10-09,61,0,175,0
天津,2014-10-10,114,0,144,0
天津,2014-10-11,114,0,184,0
天津,2014-10-12,57,0,160,0
天津,2014-10-13,57,57,181,0
天津,2014-10-14,0,0,181,0
天津,2014-10-15,63,0,158,0
天津,2014-10-16,57,0,162,0
天津,2014-10-17,57,0,155,0
天津,2014-10-18,59,0,145,0
天津,2014-10-19,57,57,146,0
天津,2014-10-20,116,0,171,0
天津,2014-10-21,57,0,180,0
天津,2014-10-22,114,57,174,0
天津,2014-10-23,120,0,146,0
天津,2014-10-24,57,0,159,0
天津,2014-10-25,0,0,129,0
天津,2014-10-26,0,0,146,0
天津,2014-10-27,121,0,170,0
天津,2014-10-28,57,0,177,0
天津,2014-10-29,119,0,178,0
天津,2014-10-30,63,57,175,0
天津,2014-10-31,119,0,182,0
天津,2014-11-01,57,57,154,0
天津,2014-11-02,0,0,138,0
天津,2014-11-03,116,0,161,0
天津,2014-11-04,126,57,161,0
天津,2014-11-05,0,0,161,0
天津,2014-11-06,59,59,188,0
天津,2014-11-07,57,0,155,0
天津,2014-11-08,116,0,181,0
天津,2014-11-09,0,0,157,0
天津,2014-11-10,0,0,155,0
天津,2014-11-11,0,0,154,0
天津,2014-11-12,0,0,178,0
天津,2014-11-13,114,0,179,0
天津,2014-11-14,57,0,181,0
天津,2014-11-15,59,61,167,0
天津,2014-11-16,0,59,156,0
天津,2014-11-17,63,59,182,0
天津,2014-11-18,125,59,157,0
天津,2014-11-19,57,114,214,0
天津,2014-11-20,57,0,224,0
天津,2014-11-21,116,57,172,0
天津,2014-11-22,121,0,167,0
天津,2014-11-23,0,59,193,0
天津,2014-11-24,0,57,195,0
天津,2014-11-25,57,59,189,0
天津,2014-11-26,59,57,203,0
天津,2014-11-27,59,0,171,0
天津,2014-11-28,57,57,178,0
天津,2014-11-29,118,57,171,0
天津,2014-11-30,118,0,182,0
天津,2014-12-01,0,57,192,0
天津,2014-12-02,118,57,219,0
天津,2014-12-03,127,0,228,0
天津,2014-12-04,57,0,192,0
天津,2014-12-05,120,0,172,0
天津,2014-12-06,66,0,189,0
天津,2014-12-07,0,0,163,0
天津,2014-12-08,116,0,184,0
天津,2014-12-09,0,125,191,0
天津,2014-12-10,59,63,202,0
天津,2014-12-11,59,121,170,0
天津,2014-12-12,0,68,188,0
天津,2014-12-13,57,57,163,0
天津,2014-12-14,57,0,165,0
天津,2014-12-15,116,116,189,0
天津,2014-12-16,57,114,197,0
天津,2014-12-17,114,0,180,0
天津,2014-12-18,59,0,195,0
天津,2014-12-19,121,61,193,0
天津,2014-12-20,61,0,157,0
天津,2014-12-21,120,0,136,0
天津,2014-12-22,59,0,168,0
天津,2014-12-23,57,114,149,0
天津,2014-12-24,114,0,192,0
天津,2014-12-25,57,114,181,0
天津,2014-12-26,0,0,142,0
天津,2014-12-27,57,0,151,0
天津,2014-12-28,59,0,148,0
天津,2014-12-29,57,0,176,0
天津,2014-12-30,0,57,166,0
天津,2014-12-31,0,0,180,0
天津,2015-01-01,0,0,132,0
天津,2015-01-02,57,0,159,0
天津,2015-01-03,57,0,155,0
天津,2015-01-04,57,0,184,0
天津,2015-01-05,59,0,289,0
天津,2015-01-06,57,0,181,0
天津,2015-01-07,0,0,172,0
天津,2015-01-08,114,57,178,0
天津,2015-01-09,61,0,180,0
天津,2015-01-10,57,57,150,0
天津,2015-01-11,114,0,148,0
天津,2015-01-12,0,0,182,0
天津,2015-01-13,57,0,184,0
天津,2015-01-14,64,57,205,0
天津,2015-01-15,57,0,179,0
天津,2015-01-16,0,0,216,0
天津,2015-01-17,57,0,170,0
天津,2015-01-18,0,57,219,0
天津,2015-01-19,57,0,179,0
天津,2015-01-20,0,0,186,0
天津,2015-01-21,0,0,214,0
天津,2015-01-22,59,0,246,0
天津,2015-01-23,57,0,165,0
天津,2015-01-24,0,0,165,0
天津,2015-01-25,0,0,168,0
天津,2015-01-26,59,0,205,0
天津,2015-01-27,0,0,178,0
天津,2015-01-28,59,65,155,0
天津,2015-01-29,57,57,172,0
天津,2015-01-30,57,0,159,0
天津,2015-01-31,57,0,136,0
天津,2015-02-01,0,57,150,0
天津,2015-02-02,61,57,157,0
天津,2015-02-03,0,57,170,0
天津,2015-02-04,78,57,186,0
天津,2015-02-05,133,116,199,0
天津,2015-02-06,114,57,161,0
天津,2015-02-07,57,0,145,0
天津,2015-02-08,57,59,158,0
天津,2015-02-09,0,0,164,0
天津,2015-02-10,57,0,182,0
天津,2015-02-11,61,127,234,0
天津,2015-02-12,63,123,211,0
天津,2015-02-13,64,57,165,0
天津,2015-02-14,57,57,180,0
天津,2015-02-15,59,0,166,0
天津,2015-02-16,0,57,172,0
天津,2015-02-17,119,0,156,0
天津,2015-02-18,0,0,123,0
天津,2015-02-19,0,57,141,0
天津,2015-02-20,57,0,130,0
天津,2015-02-21,0,59,142,0
天津,2015-02-22,57,0,136,0
天津,2015-02-23,57,57,161,0
天津,2015-02-24,61,0,169,0
天津,2015-02-25,116,59,214,0
天津,2015-02-26,57,59,179,0
天津,2015-02-27,59,59,176,0
天津,2015-02-28,57,0,159,0
天津,2015-03-01,57,57,174,0
天津,2015-03-02,116,0,213,0
天津,2015-03-03,114,57,207,0
天津,2015-03-04,57,0,280,0
天津,2015-03-05,57,0,209,0
天津,2015-03-06,0,0,223,0
天津,2015-03-07,60,57,214,0
天津,2015-03-08,114,0,204,0
天津,2015-03-09,114,0,250,0
天津,2015-03-10,116,57,267,0
天津,2015-03-11,116,73,222,59
天津,2015-03-12,0,64,275,0
天津,2015-03-13,72,117,214,0
天津,2015-03-14,114,57,211,0
天津,2015-03-15,59,0,239,0
天津,2015-03-16,0,57,243,0
天津,2015-03-17,0,0,254,0
天津,2015-03-18,57,123,241,0
天津,2015-03-19,0,121,218,0
天津,2015-03-20,59,59,169,0
天津,2015-03-21,57,0,156,0
天津,2015-03-22,0,0,230,0
天津,2015-03-23,0,124,263,0
天津,2015-03-24,59,59,227,0
天津,2015-03-25,0,0,227,0
天津,2015-03-26,57,57,218,0
天津,2015-03-27,57,57,197,0
天津,2015-03-28,0,61,172,0
天津,2015-03-29,59,0,179,0
天津,2015-03-30,0,57,202,0
天津,2015-03-31,57,0,217,0
天津,2015-04-01,0,0,232,0
天津,2015-04-02,57,57,198,57
天津,2015-04-03,0,114,190,0
天津,2015-04-04,57,0,155,0
天津,2015-04-05,0,0,149,0
天津,2015-04-06,0,0,149,0
天津,2015-04-07,114,57,181,0
天津,2015-04-08,0,59,193,0
天津,2015-04-09,57,0,176,0
天津,2015-04-10,61,0,223,0
天津,2015-04-11,0,0,188,0
天津,2015-04-12,57,0,180,0
天津,2015-04-13,57,116,174,0
天津,2015-04-14,57,59,189,0
天津,2015-04-15,60,0,197,0
天津,2015-04-16,0,0,187,57
天津,2015-04-17,0,0,150,0
天津,2015-04-18,61,0,164,61
天津,2015-04-19,57,0,164,0
天津,2015-04-20,0,0,158,0
天津,2015-04-21,57,0,212,0
天津,2015-04-22,0,64,176,0
天津,2015-04-23,57,0,195,0
天津,2015-04-24,0,59,165,0
天津,2015-04-25,59,0,162,0
天津,2015-04-26,60,0,174,0
天津,2015-04-27,57,0,146,57
天津,2015-04-28,59,57,172,0
天津,2015-04-29,0,141,175,0
天津,2015-04-30,0,118,159,0
天津,2015-05-01,0,60,154,0
天津,2015-05-02,57,57,162,0
天津,2015-05-03,61,0,140,0
天津,2015-05-04,57,0,185,0
天津,2015-05-05,124,59,200,0
天津,2015-05-06,63,59,168,0
天津,2015-05-07,57,0,191,0
天津,2015-05-08,57,0,176,0
天津,2015-05-09,57,57,196,0
天津,2015-05-10,0,0,175,0
天津,2015-05-11,57,57,189,0
天津,2015-05-12,57,0,178,0
天津,2015-05-13,57,0,180,0
天津,2015-05-14,0,0,213,0
天津,2015-05-15,0,57,202,0
天津,2015-05-16,0,0,181,0
天津,2015-05-17,0,0,155,0
天津,2015-05-18,0,57,204,0
天津,2015-05-19,57,57,193,0
天津,2015-05-20,0,0,238,0
天津,2015-05-21,57,61,203,0
天津,2015-05-22,114,57,197,0
天津,2015-05-23,57,57,178,57
天津,2015-05-24,57,0,163,0
天津,2015-05-25,0,59,171,0
天津,2015-05-26,61,57,206,0
天津,2015-05-27,59,59,254,0
天津,2015-05-28,0,57,172,0
天津,2015-05-29,0,0,157,0
天津,2015-05-30,114,57,147,0
天津,2015-05-31,0,0,176,0
天津,2015-06-01,57,0,156,0
天津,2015-06-02,57,57,216,0
天津,2015-06-03,114,0,193,0
天津,2015-06-04,0,0,201,0
天津,2015-06-05,59,61,171,0
天津,2015-06-06,0,0,174,0
天津,2015-06-07,118,61,180,0
天津,2015-06-08,61,57,180,0
天津,2015-06-09,119,0,182,0
天津,2015-06-10,116,57,215,0
天津,2015-06-11,0,57,225,57
天津,2015-06-12,57,0,164,0
天津,2015-06-13,0,0,163,0
天津,2015-06-14,0,0,211,0
天津,2015-06-15,61,0,206,0
天津,2015-06-16,0,0,216,0
天津,2015-06-17,65,0,211,59
天津,2015-06-18,114,0,185,0
天津,2015-06-19,57,118,162,0
天津,2015-06-20,59,57,137,0
天津,2015-06-21,119,57,178,0
天津,2015-06-22,59,57,143,0
天津,2015-06-23,61,0,175,0
天津,2015-06-24,117,0,224,0
天津,2015-06-25,114,57,184,0
天津,2015-06-26,66,0,163,0
天津,2015-06-27,57,0,162,0
天津,2015-06-28,0,60,151,0
天津,2015-06-29,57,59,202,0
天津,2015-06-30,119,138,199,0
天津,2015-07-01,122,120,208,0
天津,2015-07-02,0,57,197,0
天津,2015-07-03,0,0,178,0
天津,2015-07-04,57,0,172,0
天津,2015-07-05,59,0,158,0
天津,2015-07-06,114,57,203,0
天津,2015-07-07,57,57,196,0
天津,2015-07-08,57,0,187,0
天津,2015-07-09,0,0,188,0
天津,2015-07-10,117,57,181,0
天津,2015-07-11,0,0,135,0
天津,2015-07-12,0,0,155,0
天津,2015-07-13,121,59,191,0
天津,2015-07-14,57,116,223,57
天津,2015-07-15,59,120,185,0
天津,2015-07-16,57,121,208,0
天津,2015-07-17,0,0,163,0
天津,2015-07-18,59,114,273,0
天津,2015-07-19,0,59,293,0
天津,2015-07-20,114,124,330,0
天津,2015-07-21,114,128,234,0
天津,2015-07-22,117,57,235,0
天津,2015-07-23,59,0,208,0
天津,2015-07-24,114,0,203,0
天津,2015-07-25,57,57,164,0
天津,2015-07-26,61,133,185,0
天津,2015-07-27,114,121,168,0
天津,2015-07-28,57,119,206,0
天津,2015-07-29,121,57,211,0
天津,2015-07-30,57,63,183,0
天津,2015-07-31,57,61,194,0
天津,2015-08-01,0,0,183,0
天津,2015-08-02,57,0,155,0
天津,2015-08-03,69,59,232,0
天津,2015-08-04,60,0,198,0
天津,2015-08-05,57,0,198,0
天津,2015-08-06,0,114,183,0
天津,2015-08-07,57,0,161,0
天津,2015-08-08,0,57,159,0
天津,2015-08-09,118,57,163,0
天津,2015-08-10,0,0,183,0
天津,2015-08-11,61,0,178,0
天津,2015-08-12,57,57,183,0
天津,2015-08-13,57,0,143,0
天津,2015-08-14,57,63,149,0
天津,2015-08-15,57,0,143,0
天津,2015-08-16,57,0,171,0
天津,2015-08-17,0,57,191,0
天津,2015-08-18,59,57,192,0
天津,2015-08-19,0,61,208,0
天津,2015-08-20,118,59,180,0
天津,2015-08-21,0,57,183,0
天津,2015-08-22,0,0,142,0
天津,2015-08-23,57,0,164,0
天津,2015-08-24,0,57,205,0
天津,2015-08-25,118,57,180,0
天津,2015-08-26,120,59,170,0
天津,2015-08-27,116,59,198,0
天津,2015-08-28,118,57,179,0
天津,2015-08-29,0,0,174,0
天津,2015-08-30,0,0,161,0
天津,2015-08-31,0,0,163,0
天津,2015-09-01,57,57,157,0
天津,2015-09-02,61,59,166,0
天津,2015-09-03,61,60,145,0
天津,2015-09-04,60,57,157,0
天津,2015-09-05,57,57,154,0
天津,2015-09-06,0,59,169,0
天津,2015-09-07,59,0,188,0
天津,2015-09-08,57,59,195,0
天津,2015-09-09,57,61,204,0
天津,2015-09-10,0,0,198,0
天津,2015-09-11,0,57,180,0
天津,2015-09-12,57,0,170,0
天津,2015-09-13,119,57,159,0
天津,2015-09-14,0,59,197,0
天津,2015-09-15,59,59,173,0
天津,2015-09-16,116,0,180,0
天津,2015-09-17,60,0,186,0
天津,2015-09-18,116,57,204,0
天津,2015-09-19,57,0,160,0
天津,2015-09-20,114,0,166,0
天津,2015-09-21,59,0,193,0
天津,2015-09-22,0,57,229,0
天津,2015-09-23,0,0,213,0
天津,2015-09-24,57,57,219,0
天津,2015-09-25,120,59,192,0
天津,2015-09-26,0,57,159,0
天津,2015-09-27,57,0,129,0
天津,2015-09-28,114,123,171,0
天津,2015-09-29,57,59,159,0
天津,2015-09-30,116,57,160,0
天津,2015-10-01,59,0,131,0
天津,2015-10-02,60,0,140,0
天津,2015-10-03,0,57,143,0
天津,2015-10-04,122,0,158,0
天津,2015-10-05,57,57,138,0
天津,2015-10-06,118,57,151,0
天津,2015-10-07,60,63,165,0
天津,2015-10-08,122,61,206,0
天津,2015-10-09,116,59,197,0
天津,2015-10-10,57,0,193,0
天津,2015-10-11,117,0,172,0
天津,2015-10-12,66,57,238,0
天津,2015-10-13,120,0,198,0
天津,2015-10-14,61,0,209,0
天津,2015-10-15,123,0,224,0
天津,2015-10-16,114,63,219,0
天津,2015-10-17,117,0,173,0
天津,2015-10-18,114,0,188,0
天津,2015-10-19,116,59,198,0
天津,2015-10-20,117,61,190,0
天津,2015-10-21,57,0,196,0
天津,2015-10-22,0,61,192,0
天津,2015-10-23,57,57,230,0
天津,2015-10-24,57,0,187,0
天津,2015-10-25,118,114,187,0
天津,2015-10-26,114,0,219,0
天津,2015-10-27,61,0,232,0
天津,2015-10-28,0,116,216,0
天津,2015-10-29,69,116,194,0
天津,2015-10-30,57,59,196,0
天津,2015-10-31,0,0,178,0
天津,2015-11-01,114,57,161,0
天津,2015-11-02,60,114,256,0
天津,2015-11-03,123,57,229,0
天津,2015-11-04,114,0,241,0
天津,2015-11-05,57,57,277,0
天津,2015-11-06,114,0,235,0
天津,2015-11-07,61,57,190,0
天津,2015-11-08,0,0,208,0
天津,2015-11-09,118,114,225,0
天津,2015-11-10,61,57,208,0
天津,2015-11-11,120,114,219,0
天津,2015-11-12,118,57,243,0
天津,2015-11-13,114,118,229,0
天津,2015-11-14,60,57,197,0
天津,2015-11-15,61,0,177,0
天津,2015-11-16,57,59,249,0
天津,2015-11-17,114,61,222,0
天津,2015-11-18,119,57,207,0
天津,2015-11-19,57,57,206,0
天津,2015-11-20,65,57,244,0
天津,2015-11-21,57,57,223,0
天津,2015-11-22,57,59,227,0
天津,2015-11-23,57,57,254,0
天津,2015-11-24,57,59,261,0
天津,2015-11-25,60,114,291,0
天津,2015-11-26,60,57,270,0
天津,2015-11-27,60,59,215,0
天津,2015-11-28,117,114,199,0
天津,2015-11-29,57,0,230,57
天津,2015-11-30,117,0,213,0
天津,2015-12-01,114,0,251,0
天津,2015-12-02,126,59,222,0
天津,2015-12-03,118,116,244,0
天津,2015-12-04,57,0,208,0
天津,2015-12-05,61,0,203,0
天津,2015-12-06,60,57,206,0
天津,2015-12-07,57,114,238,0
天津,2015-12-08,114,57,224,0
天津,2015-12-09,114,57,255,0
天津,2015-12-10,59,0,244,0
天津,2015-12-11,121,0,237,0
天津,2015-12-12,61,0,181,0
天津,2015-12-13,119,0,243,0
天津,2015-12-14,114,114,226,0
天津,2015-12-15,114,57,250,0
天津,2015-12-16,59,116,295,60
天津,2015-12-17,122,116,240,0
天津,2015-12-18,118,0,244,0
天津,2015-12-19,120,57,207,0
天津,2015-12-20,57,57,218,0
天津,2015-12-21,57,0,214,0
天津,2015-12-22,57,0,265,0
天津,2015-12-23,118,0,222,0
天津,2015-12-24,116,57,195,63
天津,2015-12-25,116,114,183,0
天津,2015-12-26,57,0,171,0
天津,2015-12-27,57,57,192,0
天津,2015-12-28,66,121,177,0
天津,2015-12-29,114,0,182,0
天津,2015-12-30,57,0,215,0
天津,2015-12-31,57,57,142,0
天津,2016-01-01,57,0,150,0
天津,2016-01-02,65,0,154,0
天津,2016-01-03,0,114,179,0
天津,2016-01-04,116,61,196,0
天津,2016-01-05,0,57,213,0
天津,2016-01-06,57,57,191,0
天津,2016-01-07,57,0,210,0
天津,2016-01-08,119,0,200,0
天津,2016-01-09,60,0,160,0
天津,2016-01-10,0,0,153,0
天津,2016-01-11,0,124,206,0
天津,2016-01-12,57,61,191,57
天津,2016-01-13,118,59,169,0
天津,2016-01-14,57,59,195,0
天津,2016-01-15,0,61,154,0
天津,2016-01-16,57,0,140,0
天津,2016-01-17,0,0,165,0
天津,2016-01-18,60,59,174,0
天津,2016-01-19,0,0,174,0
天津,2016-01-20,0,0,189,0
天津,2016-01-21,0,64,185,0
天津,2016-01-22,0,57,157,0
天津,2016-01-23,59,0,157,0
天津,2016-01-24,57,57,154,0
天津,2016-01-25,0,0,172,0
天津,2016-01-26,0,0,185,0
天津,2016-01-27,0,57,178,0
天津,2016-01-28,57,0,176,0
天津,2016-01-29,114,59,149,0
天津,2016-01-30,0,0,135,0
天津,2016-01-31,57,57,141,0
天津,2016-02-01,0,57,175,0
天津,2016-02-02,0,57,154,0
天津,2016-02-03,57,0,163,0
天津,2016-02-04,59,0,142,57
天津,2016-02-05,114,0,153,57
天津,2016-02-06,117,0,131,0
天津,2016-02-07,0,57,140,0
天津,2016-02-08,57,0,65,0
天津,2016-02-09,57,0,70,0
天津,2016-02-10,0,0,136,0
天津,2016-02-11,0,0,140,0
天津,2016-02-12,60,57,139,0
天津,2016-02-13,57,0,137,0
天津,2016-02-14,57,0,146,0
天津,2016-02-15,0,0,181,0
天津,2016-02-16,118,61,163,0
天津,2016-02-17,118,57,172,0
天津,2016-02-18,57,0,195,0
天津,2016-02-19,57,57,155,0
天津,2016-02-20,57,0,152,0
天津,2016-02-21,60,0,140,0
天津,2016-02-22,114,0,182,0
天津,2016-02-23,57,0,165,0
天津,2016-02-24,117,0,168,0
天津,2016-02-25,0,57,178,0
天津,2016-02-26,57,59,183,0
天津,2016-02-27,57,0,149,0
天津,2016-02-28,114,0,163,0
天津,2016-02-29,59,57,165,0
天津,2016-03-01,60,0,163,0
天津,2016-03-02,57,0,183,57
天津,2016-03-03,59,57,177,0
天津,2016-03-04,0,63,176,57
天津,2016-03-05,0,57,155,0
天津,2016-03-06,0,0,174,57
天津,2016-03-07,0,116,188,0
天津,2016-03-08,57,57,188,57
天津,2016-03-09,114,0,178,0
天津,2016-03-10,57,57,172,0
天津,2016-03-11,0,114,180,0
天津,2016-03-12,114,59,168,0
天津,2016-03-13,57,59,191,0
天津,2016-03-14,59,59,210,0
天津,2016-03-15,57,57,209,0
天津,2016-03-16,0,0,185,0
天津,2016-03-17,57,59,205,0
天津,2016-03-18,57,114,205,0
天津,2016-03-19,0,57,205,0
天津,2016-03-20,60,0,186,0
天津,2016-03-21,117,57,222,0
天津,2016-03-22,0,0,211,0
天津,2016-03-23,61,59,224,57
天津,2016-03-24,0,57,212,0
天津,2016-03-25,57,60,217,0
天津,2016-03-26,57,60,172,57
天津,2016-03-27,57,60,186,0
天津,2016-03-28,0,114,193,0
天津,2016-03-29,57,61,222,0
天津,2016-03-30,0,61,181,0
天津,2016-03-31,0,0,186,61
天津,2016-04-01,57,57,148,0
天津,2016-04-02,59,0,148,0
天津,2016-04-03,114,116,154,0
天津,2016-04-04,0,57,167,0
天津,2016-04-05,114,57,189,0
天津,2016-04-06,116,57,188,0
天津,2016-04-07,57,118,218,0
天津,2016-04-08,60,57,191,0
天津,2016-04-09,66,57,166,0
天津,2016-04-10,60,0,170,0
天津,2016-04-11,0,0,190,0
天津,2016-04-12,0,57,171,57
天津,2016-04-13,57,61,189,0
天津,2016-04-14,0,0,181,0
天津,2016-04-15,59,63,170,0
天津,2016-04-16,0,57,153,0
天津,2016-04-17,0,57,140,0
天津,2016-04-18,57,0,157,0
天津,2016-04-19,0,117,165,0
天津,2016-04-20,0,57,165,0
天津,2016-04-21,0,57,151,0
天津,2016-04-22,57,59,164,0
天津,2016-04-23,0,57,175,0
天津,2016-04-24,0,0,153,0
天津,2016-04-25,57,57,189,0
天津,2016-04-26,0,0,187,0
天津,2016-04-27,0,59,162,0
天津,2016-04-28,0,61,176,0
天津,2016-04-29,114,57,161,0
天津,2016-04-30,57,0,133,0
天津,2016-05-01,0,0,144,0
天津,2016-05-02,57,61,160,0
天津,2016-05-03,59,57,182,0
天津,2016-05-04,0,57,183,0
天津,2016-05-05,0,0,174,0
天津,2016-05-06,57,0,164,0
天津,2016-05-07,0,0,146,57
天津,2016-05-08,0,0,153,0
天津,2016-05-09,57,59,167,0
天津,2016-05-10,0,57,167,0
天津,2016-05-11,57,57,156,0
天津,2016-05-12,0,59,178,0
天津,2016-05-13,60,63,159,0
天津,2016-05-14,0,0,146,0
天津,2016-05-15,0,0,168,0
天津,2016-05-16,57,57,169,0
天津,2016-05-17,0,57,197,0
天津,2016-05-18,57,120,176,63
天津,2016-05-19,0,118,159,0
天津,2016-05-20,0,118,190,0
天津,2016-05-21,0,0,168,0
天津,2016-05-22,57,57,159,0
天津,2016-05-23,0,118,196,0
天津,2016-05-24,0,61,177,0
天津,2016-05-25,116,61,175,0
天津,2016-05-26,57,118,194,0
天津,2016-05-27,114,120,166,0
天津,2016-05-28,0,57,160,57
天津,2016-05-29,0,59,167,0
天津,2016-05-30,0,59,192,0
天津,2016-05-31,0,59,182,0
天津,2016-06-01,0,57,168,0
天津,2016-06-02,119,0,199,0
天津,2016-06-03,57,59,221,0
天津,2016-06-04,57,0,178,0
天津,2016-06-05,57,0,150,0
天津,2016-06-06,57,59,187,0
天津,2016-06-07,0,57,187,0
天津,2016-06-08,57,61,155,59
天津,2016-06-09,0,0,150,0
天津,2016-06-10,0,57,158,0
天津,2016-06-11,57,0,153,0
天津,2016-06-12,0,57,160,57
天津,2016-06-13,0,57,185,0
天津,2016-06-14,0,120,160,0
天津,2016-06-15,57,0,181,0
天津,2016-06-16,57,63,151,0
天津,2016-06-17,57,57,156,57
天津,2016-06-18,0,0,145,0
天津,2016-06-19,0,57,168,0
天津,2016-06-20,61,61,178,0
天津,2016-06-21,0,57,163,0
天津,2016-06-22,0,0,170,57
天津,2016-06-23,0,0,145,59
天津,2016-06-24,0,0,149,0
天津,2016-06-25,0,0,153,0
天津,2016-06-26,57,0,161,0
天津,2016-06-27,57,57,163,59
天津,2016-06-28,57,59,178,0
天津,2016-06-29,0,0,193,0
天津,2016-06-30,117,59,159,0
天津,2016-07-01,57,57,138,0
天津,2016-07-02,0,0,142,0
天津,2016-07-03,0,0,150,0
天津,2016-07-04,57,0,153,0
天津,2016-07-05,0,57,140,61
天津,2016-07-06,0,118,147,0
天津,2016-07-07,57,57,163,0
天津,2016-07-08,57,57,169,57
天津,2016-07-09,0,0,153,0
天津,2016-07-10,57,57,153,0
天津,2016-07-11,0,61,152,61
天津,2016-07-12,57,59,156,0
天津,2016-07-13,0,57,145,57
天津,2016-07-14,0,57,145,0
天津,2016-07-15,57,0,145,61
天津,2016-07-16,57,57,138,0
天津,2016-07-17,57,0,140,0
天津,2016-07-18,114,57,152,83
天津,2016-07-19,57,57,143,63
天津,2016-07-20,57,57,147,57
天津,2016-07-21,57,0,150,57
天津,2016-07-22,0,0,157,57
天津,2016-07-23,0,0,142,0
天津,2016-07-24,57,0,140,0
天津,2016-07-25,0,0,159,0
天津,2016-07-26,59,0,146,0
天津,2016-07-27,57,57,193,0
天津,2016-07-28,0,57,190,0
天津,2016-07-29,0,0,140,0
天津,2016-07-30,0,57,145,0
天津,2016-07-31,116,57,157,0
天津,2016-08-01,0,57,147,0
天津,2016-08-02,57,0,159,0
天津,2016-08-03,0,57,185,0
天津,2016-08-04,0,0,157,0
天津,2016-08-05,0,57,144,57
天津,2016-08-06,57,59,133,0
天津,2016-08-07,57,57,122,0
天津,2016-08-08,57,57,150,59
天津,2016-08-09,57,119,165,0
天津,2016-08-10,0,0,142,0
天津,2016-08-11,0,0,162,0
天津,2016-08-12,0,57,124,59
天津,2016-08-13,0,57,135,0
天津,2016-08-14,0,0,133,0
天津,2016-08-15,57,0,143,57
天津,2016-08-16,0,57,147,59
天津,2016-08-17,57,0,167,0
天津,2016-08-18,0,118,168,0
天津,2016-08-19,0,0,171,57
天津,2016-08-20,0,0,140,0
天津,2016-08-21,57,57,169,57
天津,2016-08-22,0,114,166,57
天津,2016-08-23,0,57,171,0
天津,2016-08-24,57,57,168,0
天津,2016-08-25,57,63,145,57
天津,2016-08-26,0,59,145,0
天津,2016-08-27,57,57,141,0
天津,2016-08-28,57,0,131,0
天津,2016-08-29,0,0,130,59
天津,2016-08-30,0,0,131,57
天津,2016-08-31,0,59,149,57
天津,2016-09-01,0,0,135,0
天津,2016-09-02,57,57,142,0
天津,2016-09-03,0,0,74,0
天津,2016-09-04,0,0,118,0
天津,2016-09-05,0,0,141,0
天津,2016-09-06,0,68,169,0
天津,2016-09-07,57,120,149,0
天津,2016-09-08,57,57,139,0
天津,2016-09-09,57,0,151,114
天津,2016-09-10,0,0,145,57
天津,2016-09-11,57,0,148,0
天津,2016-09-12,117,57,156,0
天津,2016-09-13,114,0,146,61
天津,2016-09-14,114,57,138,57
天津,2016-09-15,59,59,136,0
天津,2016-09-16,0,57,135,0
天津,2016-09-17,0,114,133,0
天津,2016-09-18,57,61,142,57
天津,2016-09-19,0,57,137,0
天津,2016-09-20,116,57,149,0
天津,2016-09-21,57,57,157,59
天津,2016-09-22,0,57,140,0
天津,2016-09-23,0,0,146,61
天津,2016-09-24,0,0,139,0
天津,2016-09-25,0,57,121,0
天津,2016-09-26,59,57,145,57
天津,2016-09-27,0,57,143,0
天津,2016-09-28,0,61,158,57
天津,2016-09-29,57,0,127,59
天津,2016-09-30,57,0,137,59
天津,2016-10-01,0,0,124,0
天津,2016-10-02,57,57,61,0
天津,2016-10-03,0,0,124,0
天津,2016-10-04,0,0,120,0
天津,2016-10-05,0,0,131,0
天津,2016-10-06,0,0,133,0
天津,2016-10-07,0,0,132,0
天津,2016-10-08,57,59,147,0
天津,2016-10-09,57,0,158,57
天津,2016-10-10,59,0,151,0
天津,2016-10-11,59,114,148,0
天津,2016-10-12,57,59,134,0
天津,2016-10-13,57,0,152,0
天津,2016-10-14,57,0,174,0
天津,2016-10-15,60,0,137,0
天津,2016-10-16,0,0,138,0
天津,2016-10-17,0,114,155,57
天津,2016-10-18,0,61,158,57
天津,2016-10-19,57,59,155,0
天津,2016-10-20,61,59,161,0
天津,2016-10-21,60,57,145,0
天津,2016-10-22,57,120,145,0
天津,2016-10-23,0,60,134,0
天津,2016-10-24,116,119,140,0
天津,2016-10-25,57,59,148,59
天津,2016-10-26,57,0,161,0
天津,2016-10-27,0,0,144,0
天津,2016-10-28,0,57,158,57
天津,2016-10-29,0,0,134,0
天津,2016-10-30,0,0,146,57
天津,2016-10-31,114,0,163,0
天津,2016-11-01,0,57,167,0
天津,2016-11-02,0,0,150,0
天津,2016-11-03,0,59,148,0
天津,2016-11-04,63,59,138,0
天津,2016-11-05,0,0,148,0
天津,2016-11-06,0,0,160,0
天津,2016-11-07,114,114,154,0
天津,2016-11-08,0,0,83,0
天津,2016-11-09,57,0,74,0
天津,2016-11-10,0,59,132,0
天津,2016-11-11,57,0,136,114
天津,2016-11-12,0,0,129,57
天津,2016-11-13,0,0,149,57
天津,2016-11-14,0,114,145,0
天津,2016-11-15,116,114,161,57
天津,2016-11-16,57,0,151,0
天津,2016-11-17,0,57,169,57
天津,2016-11-18,57,59,154,0
天津,2016-11-19,114,57,134,0
天津,2016-11-20,57,61,133,0
天津,2016-11-21,0,114,171,114
天津,2016-11-22,114,0,165,0
天津,2016-11-23,0,63,162,0
天津,2016-11-24,0,57,164,0
天津,2016-11-25,59,0,144,0
天津,2016-11-26,114,57,142,0
天津,2016-11-27,0,0,132,0
天津,2016-11-28,57,61,145,0
天津,2016-11-29,0,59,144,0
天津,2016-11-30,61,114,158,57
天津,2016-12-01,57,59,140,0
天津,2016-12-02,0,0,136,57
天津,2016-12-03,0,0,138,61
天津,2016-12-04,114,59,129,0
天津,2016-12-05,0,57,135,0
天津,2016-12-06,59,59,150,57
天津,2016-12-07,0,61,154,57
天津,2016-12-08,0,0,162,0
天津,2016-12-09,0,57,168,57
天津,2016-12-10,59,57,137,57
天津,2016-12-11,57,118,154,57
天津,2016-12-12,0,66,160,57
天津,2016-12-13,0,114,146,0
天津,2016-12-14,0,57,169,57
天津,2016-12-15,0,57,157,57
天津,2016-12-16,0,0,140,57
天津,2016-12-17,57,0,144,0
天津,2016-12-18,57,0,160,0
天津,2016-12-19,0,59,167,0
天津,2016-12-20,59,59,144,57
天津,2016-12-21,0,59,165,0
天津,2016-12-22,57,0,155,0
天津,2016-12-23,57,0,140,0
天津,2016-12-24,117,0,133,0
天津,2016-12-25,0,0,137,0
天津,2016-12-26,0,57,145,57
天津,2016-12-27,60,0,155,0
天津,2016-12-28,0,59,143,57
天津,2016-12-29,0,57,157,0
天津,2016-12-30,57,0,143,0
天津,2016-12-31,60,57,151,0
天津,2017-01-01,57,0,74,57
天津,2017-01-02,61,57,136,0
天津,2017-01-03,60,57,155,0
天津,2017-01-04,57,0,150,0
天津,2017-01-05,57,57,160,0
天津,2017-01-06,114,57,141,57
天津,2017-01-07,60,114,155,57
天津,2017-01-08,66,0,117,0
天津,2017-01-09,65,0,158,57
天津,2017-01-10,65,59,145,0
天津,2017-01-11,149,0,156,0
天津,2017-01-12,73,0,144,0
天津,2017-01-13,140,57,142,0
天津,2017-01-14,61,0,144,0
天津,2017-01-15,61,0,141,0
天津,2017-01-16,65,0,135,0
天津,2017-01-17,60,0,143,57
天津,2017-01-18,74,57,163,0
天津,2017-01-19,122,0,158,0
天津,2017-01-20,123,0,146,0
天津,2017-01-21,82,0,135,0
天津,2017-01-22,86,0,140,0
天津,2017-01-23,83,57,153,0
天津,2017-01-24,118,59,139,57
天津,2017-01-25,65,0,200,0
天津,2017-01-26,144,57,178,0
天津,2017-01-27,61,0,149,0
天津,2017-01-28,66,0,99,0
天津,2017-01-29,61,0,95,0
天津,2017-01-30,127,0,95,0
天津,2017-01-31,78,0,166,0
天津,2017-02-01,57,0,131,0
天津,2017-02-02,61,0,79,0
天津,2017-02-03,114,0,157,0
天津,2017-02-04,0,57,140,57
天津,2017-02-05,0,0,143,57
天津,2017-02-06,0,0,140,0
天津,2017-02-07,114,0,137,57
天津,2017-02-08,117,0,142,0
天津,2017-02-09,57,0,155,57
天津,2017-02-10,61,0,138,0
天津,2017-02-11,65,0,118,0
天津,2017-02-12,61,0,74,0
天津,2017-02-13,118,0,134,0
天津,2017-02-14,122,0,124,0
天津,2017-02-15,57,57,137,114
天津,2017-02-16,0,57,146,114
天津,2017-02-17,0,0,139,114
天津,2017-02-18,57,0,129,57
天津,2017-02-19,60,0,125,57
天津,2017-02-20,61,0,140,57
天津,2017-02-21,0,63,158,61
天津,2017-02-22,114,59,125,0
天津,2017-02-23,0,57,131,59
天津,2017-02-24,57,0,138,0
天津,2017-02-25,57,0,137,0
天津,2017-02-26,0,0,150,57
天津,2017-02-27,57,59,137,0
天津,2017-02-28,0,57,147,59
天津,2017-03-01,0,59,181,57
天津,2017-03-02,0,57,157,0
天津,2017-03-03,57,0,160,57
天津,2017-03-04,57,0,135,114
天津,2017-03-05,0,57,157,57
天津,2017-03-06,61,59,170,0
天津,2017-03-07,0,0,146,57
天津,2017-03-08,59,0,161,57
天津,2017-03-09,0,0,147,57
天津,2017-03-10,0,57,159,0
天津,2017-03-11,0,0,157,0
天津,2017-03-12,0,57,142,57
天津,2017-03-13,57,0,174,57
天津,2017-03-14,0,57,163,57
天津,2017-03-15,57,57,160,57
天津,2017-03-16,57,57,146,57
天津,2017-03-17,0,63,171,59
天津,2017-03-18,57,0,155,0
天津,2017-03-19,0,0,146,0
天津,2017-03-20,0,57,157,0
天津,2017-03-21,0,114,176,59
天津,2017-03-22,0,114,162,57
天津,2017-03-23,0,118,178,0
天津,2017-03-24,114,57,159,119
天津,2017-03-25,132,0,162,0
天津,2017-03-26,61,60,142,57
天津,2017-03-27,57,116,146,0
天津,2017-03-28,0,59,163,0
天津,2017-03-29,57,60,188,118
天津,2017-03-30,0,57,161,57
天津,2017-03-31,57,63,148,114
天津,2017-04-01,57,57,142,0
天津,2017-04-02,0,0,135,0
天津,2017-04-03,0,0,87,0
天津,2017-04-04,57,0,157,60
天津,2017-04-05,57,57,153,57
天津,2017-04-06,0,0,160,61
天津,2017-04-07,59,0,144,114
天津,2017-04-08,57,57,170,114
天津,2017-04-09,0,57,158,0
天津,2017-04-10,0,57,161,0
天津,2017-04-11,0,0,159,57
天津,2017-04-12,0,57,160,59
天津,2017-04-13,0,59,187,57
天津,2017-04-14,59,0,168,0
天津,2017-04-15,0,0,155,0
天津,2017-04-16,57,0,160,57
天津,2017-04-17,57,116,184,59
天津,2017-04-18,57,114,184,0
天津,2017-04-19,0,57,159,0
天津,2017-04-20,0,114,176,0
天津,2017-04-21,0,0,153,63
天津,2017-04-22,0,0,138,0
天津,2017-04-23,57,0,143,0
天津,2017-04-24,57,0,149,0
天津,2017-04-25,0,57,137,57
天津,2017-04-26,0,61,168,57
天津,2017-04-27,59,0,157,118
天津,2017-04-28,57,114,137,57
天津,2017-04-29,61,61,133,0
天津,2017-04-30,68,0,132,0
天津,2017-05-01,0,0,134,0
天津,2017-05-02,0,61,145,0
天津,2017-05-03,57,59,156,114
天津,2017-05-04,0,114,151,57
天津,2017-05-05,57,0,168,0
天津,2017-05-06,0,57,145,0
天津,2017-05-07,114,0,155,59
天津,2017-05-08,57,57,174,60
天津,2017-05-09,0,57,170,0
天津,2017-05-10,57,57,155,0
天津,2017-05-11,0,61,168,59
天津,2017-05-12,0,0,147,57
天津,2017-05-13,57,116,156,0
天津,2017-05-14,0,57,137,0
天津,2017-05-15,0,0,155,114
天津,2017-05-16,0,114,158,57
天津,2017-05-17,0,0,156,57
天津,2017-05-18,57,0,168,0
天津,2017-05-19,0,57,157,57
天津,2017-05-20,0,57,172,59
天津,2017-05-21,0,118,151,57
天津,2017-05-22,0,116,171,0
天津,2017-05-23,0,61,153,68
天津,2017-05-24,0,57,155,0
天津,2017-05-25,0,57,180,63
天津,2017-05-26,0,118,166,59
天津,2017-05-27,0,57,140,57
天津,2017-05-28,0,0,143,0
天津,2017-05-29,57,0,131,0
天津,2017-05-30,0,0,137,57
天津,2017-05-31,0,59,136,0
天津,2017-06-01,0,66,144,59
天津,2017-06-02,57,57,140,127
天津,2017-06-03,0,0,156,57
天津,2017-06-04,0,0,153,57
天津,2017-06-05,0,57,169,114
天津,2017-06-06,57,0,176,0
天津,2017-06-07,0,0,166,59
天津,2017-06-08,57,61,159,57
天津,2017-06-09,116,0,161,59
天津,2017-06-10,0,60,139,63
天津,2017-06-11,0,57,146,57
天津,2017-06-12,57,65,155,57
天津,2017-06-13,57,0,158,61
天津,2017-06-14,57,57,168,0
天津,2017-06-15,0,0,156,0
天津,2017-06-16,0,57,140,57
天津,2017-06-17,0,57,138,0
天津,2017-06-18,0,60,137,116
天津,2017-06-19,0,59,140,0
天津,2017-06-20,59,57,157,57
天津,2017-06-21,0,129,144,57
天津,2017-06-22,0,0,156,114
天津,2017-06-23,0,0,152,114
天津,2017-06-24,0,0,134,114
天津,2017-06-25,57,0,147,0
天津,2017-06-26,57,57,160,116
天津,2017-06-27,0,57,153,59
天津,2017-06-28,57,116,166,0
天津,2017-06-29,0,0,161,0
天津,2017-06-30,114,114,155,114
天津,2017-07-01,57,0,140,57
天津,2017-07-02,0,59,168,0
天津,2017-07-03,57,118,179,57
天津,2017-07-04,0,57,162,123
天津,2017-07-05,57,57,155,63
天津,2017-07-06,0,57,161,68
天津,2017-07-07,0,57,156,57
天津,2017-07-08,0,0,143,0
天津,2017-07-09,57,0,124,0
天津,2017-07-10,57,0,150,127
天津,2017-07-11,57,57,171,59
天津,2017-07-12,0,0,136,63
天津,2017-07-13,0,57,161,120
天津,2017-07-14,0,57,154,0
天津,2017-07-15,0,0,66,57
天津,2017-07-16,0,0,134,57
天津,2017-07-17,0,0,149,0
天津,2017-07-18,0,63,140,59
天津,2017-07-19,0,0,150,0
天津,2017-07-20,0,0,131,57
天津,2017-07-21,0,0,140,57
天津,2017-07-22,0,0,147,0
天津,2017-07-23,0,0,135,0
天津,2017-07-24,114,0,146,114
天津,2017-07-25,0,114,129,63
天津,2017-07-26,119,0,147,59
天津,2017-07-27,126,57,163,57
天津,2017-07-28,118,57,148,57
天津,2017-07-29,60,0,136,0
天津,2017-07-30,0,0,137,0
天津,2017-07-31,61,0,158,57
天津,2017-08-01,66,0,136,57
天津,2017-08-02,57,57,163,64
天津,2017-08-03,0,114,152,68
天津,2017-08-04,57,57,159,0
天津,2017-08-05,0,57,146,57
天津,2017-08-06,57,0,143,0
天津,2017-08-07,0,60,164,116
天津,2017-08-08,116,0,148,0
天津,2017-08-09,114,0,140,63
天津,2017-08-10,118,0,174,0
天津,2017-08-11,118,59,143,122
天津,2017-08-12,57,57,125,61
天津,2017-08-13,118,57,137,0
天津,2017-08-14,114,57,133,57
天津,2017-08-15,114,0,143,117
天津,2017-08-16,57,0,134,59
天津,2017-08-17,114,0,137,59
天津,2017-08-18,120,57,149,0
天津,2017-08-19,123,0,136,57
天津,2017-08-20,122,0,129,57
天津,2017-08-21,61,61,141,0
天津,2017-08-22,143,57,148,68
天津,2017-08-23,153,57,130,61
天津,2017-08-24,127,59,136,61
天津,2017-08-25,59,57,146,0
天津,2017-08-26,57,0,124,57
天津,2017-08-27,66,57,133,0
天津,2017-08-28,123,61,134,82
天津,2017-08-29,114,0,152,123
天津,2017-08-30,0,57,149,0
天津,2017-08-31,69,57,139,61
天津,2017-09-01,57,57,127,57
天津,2017-09-02,57,57,144,0
天津,2017-09-03,0,0,133,0
天津,2017-09-04,60,57,155,57
天津,2017-09-05,118,0,168,59
天津,2017-09-06,126,0,134,57
天津,2017-09-07,86,0,145,57
天津,2017-09-08,69,0,130,114
天津,2017-09-09,122,0,141,57
天津,2017-09-10,57,57,121,59
天津,2017-09-11,65,59,132,68
天津,2017-09-12,117,0,144,57
天津,2017-09-13,61,114,157,0
天津,2017-09-14,0,57,140,63
天津,2017-09-15,57,63,144,61
天津,2017-09-16,0,0,137,57
天津,2017-09-17,0,60,130,57
天津,2017-09-18,57,59,148,116
天津,2017-09-19,57,66,151,114
天津,2017-09-20,69,0,161,118
天津,2017-09-21,61,57,134,116
天津,2017-09-22,60,0,152,118
天津,2017-09-23,116,0,142,0
天津,2017-09-24,118,57,132,0
天津,2017-09-25,57,57,153,59
天津,2017-09-26,0,57,154,57
天津,2017-09-27,57,0,151,121
天津,2017-09-28,0,0,152,0
天津,2017-09-29,114,0,133,114
天津,2017-09-30,61,0,130,57
天津,2017-10-01,60,0,132,0
天津,2017-10-02,122,0,70,60
天津,2017-10-03,69,0,65,0
天津,2017-10-04,83,0,114,57
天津,2017-10-05,61,0,114,57
天津,2017-10-06,122,0,118,61
天津,2017-10-07,61,59,129,57
天津,2017-10-08,66,57,129,0
天津,2017-10-09,99,57,146,63
天津,2017-10-10,70,57,153,114
天津,2017-10-11,79,61,153,61
天津,2017-10-12,79,114,146,120
天津,2017-10-13,66,120,152,116
天津,2017-10-14,61,57,133,0
天津,2017-10-15,69,57,139,114
天津,2017-10-16,66,124,154,118
天津,2017-10-17,66,128,153,57
天津,2017-10-18,125,119,191,114
天津,2017-10-19,70,57,144,121
天津,2017-10-20,65,114,134,63
天津,2017-10-21,66,65,140,57
天津,2017-10-22,135,0,146,123
天津,2017-10-23,78,0,159,57
天津,2017-10-24,139,0,155,61
天津,2017-10-25,92,61,145,120
天津,2017-10-26,66,120,176,120
天津,2017-10-27,61,114,170,116
天津,2017-10-28,60,0,153,114
天津,2017-10-29,130,118,145,59
天津,2017-10-30,60,0,152,123
天津,2017-10-31,66,0,154,118
天津,2017-11-01,73,0,149,57
天津,2017-11-02,66,66,160,114
天津,2017-11-03,61,59,144,114
天津,2017-11-04,65,57,138,120
天津,2017-11-05,60,116,140,57
天津,2017-11-06,61,60,151,57
天津,2017-11-07,122,114,178,116
天津,2017-11-08,69,57,159,121
天津,2017-11-09,69,57,162,123
天津,2017-11-10,60,0,166,116
天津,2017-11-11,69,0,70,114
天津,2017-11-12,118,0,149,118
天津,2017-11-13,125,57,168,114
天津,2017-11-14,118,129,164,57
天津,2017-11-15,79,60,170,68
天津,2017-11-16,124,0,157,57
天津,2017-11-17,130,118,168,114
天津,2017-11-18,57,57,136,0
天津,2017-11-19,57,59,146,57
天津,2017-11-20,115,65,165,121
天津,2017-11-21,61,60,170,0
天津,2017-11-22,61,57,177,116
天津,2017-11-23,66,0,177,121
天津,2017-11-24,65,123,169,57
天津,2017-11-25,67,114,165,63
天津,2017-11-26,57,0,169,64
天津,2017-11-27,57,0,178,116
天津,2017-11-28,58,118,167,57
天津,2017-11-29,57,134,187,133
天津,2017-11-30,58,59,188,125
天津,2017-12-01,60,0,150,116
天津,2017-12-02,61,61,145,57
天津,2017-12-03,67,59,158,59
天津,2017-12-04,57,0,161,119
天津,2017-12-05,0,0,155,76
天津,2017-12-06,0,58,208,118
天津,2017-12-07,118,0,175,116
天津,2017-12-08,117,0,171,121
天津,2017-12-09,0,114,168,0
天津,2017-12-10,57,61,167,60
天津,2017-12-11,61,57,175,59
天津,2017-12-12,57,57,167,117
天津,2017-12-13,57,57,155,118
天津,2017-12-14,58,61,183,119
天津,2017-12-15,58,59,177,122
天津,2017-12-16,60,0,162,118
天津,2017-12-17,61,118,187,63
天津,2017-12-18,57,0,175,71
天津,2017-12-19,66,63,189,121
天津,2017-12-20,63,0,163,57
天津,2017-12-21,60,0,156,116
天津,2017-12-22,57,57,169,117
天津,2017-12-23,0,61,132,57
天津,2017-12-24,58,70,152,115
天津,2017-12-25,57,61,167,122
天津,2017-12-26,0,57,168,57
天津,2017-12-27,117,91,164,63
天津,2017-12-28,0,57,156,114
天津,2017-12-29,118,59,144,57
天津,2017-12-30,0,0,139,57
天津,2017-12-31,57,0,148,57
天津,2018-01-01,115,57,135,0
天津,2018-01-02,119,59,138,124
天津,2018-01-03,0,63,141,59
天津,2018-01-04,57,0,153,116
天津,2018-01-05,57,0,135,116
天津,2018-01-06,58,57,145,0
天津,2018-01-07,0,0,132,0
天津,2018-01-08,0,0,145,61
天津,2018-01-09,57,59,133,61
天津,2018-01-10,57,59,155,64
天津,2018-01-11,114,0,156,118
天津,2018-01-12,0,0,160,58
天津,2018-01-13,58,0,130,0
天津,2018-01-14,57,0,131,57
天津,2018-01-15,57,61,140,59
天津,2018-01-16,118,0,137,126
天津,2018-01-17,61,57,148,0
天津,2018-01-18,58,59,135,63
天津,2018-01-19,0,57,132,64
天津,2018-01-20,114,0,66,57
天津,2018-01-21,58,57,122,115
天津,2018-01-22,63,59,142,121
天津,2018-01-23,63,114,131,118
天津,2018-01-24,57,0,137,117
天津,2018-01-25,0,0,143,0
天津,2018-01-26,0,0,140,61
天津,2018-01-27,0,57,132,0
天津,2018-01-28,0,0,70,59
天津,2018-01-29,58,0,137,57
天津,2018-01-30,66,0,145,63
天津,2018-01-31,65,57,139,0
天津,2018-02-01,63,0,129,60
天津,2018-02-02,73,0,133,116
天津,2018-02-03,74,0,125,57
天津,2018-02-04,57,0,69,0
天津,2018-02-05,118,118,127,57
天津,2018-02-06,60,57,147,0
天津,2018-02-07,58,0,129,116
天津,2018-02-08,57,57,123,59
天津,2018-02-09,58,57,134,57
天津,2018-02-10,57,0,133,118
天津,2018-02-11,0,0,135,59
天津,2018-02-12,57,0,132,114
天津,2018-02-13,0,59,67,0
天津,2018-02-14,0,0,65,0
天津,2018-02-15,0,0,80,0
天津,2018-02-16,0,0,127,57
天津,2018-02-17,58,0,131,57
天津,2018-02-18,0,0,70,0
天津,2018-02-19,60,0,76,0
天津,2018-02-20,0,0,133,0
天津,2018-02-21,61,57,131,0
天津,2018-02-22,0,0,158,122
天津,2018-02-23,0,0,145,116
天津,2018-02-24,57,0,143,57
天津,2018-02-25,114,0,87,115
天津,2018-02-26,117,0,152,57
天津,2018-02-27,57,59,150,57
天津,2018-02-28,59,63,156,59
天津,2018-03-01,0,63,134,57
天津,2018-03-02,0,0,142,57
天津,2018-03-03,58,57,148,118
天津,2018-03-04,57,0,147,0
天津,2018-03-05,57,0,148,118
天津,2018-03-06,0,0,159,120
天津,2018-03-07,117,59,143,120
天津,2018-03-08,0,116,148,58
天津,2018-03-09,57,57,175,59
天津,2018-03-10,0,57,159,119
天津,2018-03-11,60,59,163,0
天津,2018-03-12,57,57,160,119
天津,2018-03-13,116,57,194,121
天津,2018-03-14,57,0,175,119
天津,2018-03-15,57,57,157,114
天津,2018-03-16,57,57,150,119
天津,2018-03-17,58,58,159,57
天津,2018-03-18,60,116,147,120
天津,2018-03-19,57,57,168,63
天津,2018-03-20,0,57,159,120
天津,2018-03-21,0,59,170,61
天津,2018-03-22,0,0,181,122
天津,2018-03-23,0,57,170,114
天津,2018-03-24,0,116,141,59
天津,2018-03-25,0,0,151,57
天津,2018-03-26,57,59,168,57
天津,2018-03-27,0,59,156,124
天津,2018-03-28,0,57,176,115
天津,2018-03-29,57,59,166,119
天津,2018-03-30,0,57,144,57
天津,2018-03-31,57,0,150,114
天津,2018-04-01,0,114,146,0
天津,2018-04-02,0,0,159,57
天津,2018-04-03,57,59,184,116
天津,2018-04-04,57,0,174,0
天津,2018-04-05,0,0,137,115
天津,2018-04-06,0,59,148,57
天津,2018-04-07,114,0,165,61
天津,2018-04-08,0,0,172,116
天津,2018-04-09,0,0,161,114
天津,2018-04-10,0,59,185,115
天津,2018-04-11,59,0,155,63
天津,2018-04-12,57,0,171,61
天津,2018-04-13,57,0,168,58
天津,2018-04-14,59,57,182,0
天津,2018-04-15,57,0,150,57
天津,2018-04-16,0,114,171,124
天津,2018-04-17,0,59,165,117
天津,2018-04-18,57,57,163,61
天津,2018-04-19,0,59,142,124
天津,2018-04-20,114,57,155,63
天津,2018-04-21,59,0,151,118
天津,2018-04-22,0,0,180,58
天津,2018-04-23,119,57,154,124
天津,2018-04-24,57,59,148,57
天津,2018-04-25,57,0,163,119
天津,2018-04-26,0,61,137,116
天津,2018-04-27,57,61,143,61
天津,2018-04-28,0,0,154,64
天津,2018-04-29,0,0,141,0
天津,2018-04-30,0,0,65,0
天津,2018-05-01,57,59,148,57
天津,2018-05-02,57,61,154,61
天津,2018-05-03,57,0,84,114
天津,2018-05-04,0,0,168,114
天津,2018-05-05,57,57,93,59
天津,2018-05-06,57,0,140,57
天津,2018-05-07,0,57,145,64
天津,2018-05-08,0,0,141,68
天津,2018-05-09,0,0,146,122
天津,2018-05-10,0,59,165,122
天津,2018-05-11,0,57,156,116
天津,2018-05-12,0,0,148,116
天津,2018-05-13,0,0,131,117
天津,2018-05-14,59,0,154,57
天津,2018-05-15,0,0,84,61
天津,2018-05-16,0,57,141,123
天津,2018-05-17,0,0,148,124
天津,2018-05-18,58,59,141,61
天津,2018-05-19,0,57,148,0
天津,2018-05-20,0,0,127,121
天津,2018-05-21,57,59,146,128
天津,2018-05-22,0,0,151,121
天津,2018-05-23,57,118,149,124
天津,2018-05-24,0,57,135,120
天津,2018-05-25,0,61,73,122
天津,2018-05-26,59,57,82,59
天津,2018-05-27,0,61,137,59
天津,2018-05-28,0,59,165,57
天津,2018-05-29,0,116,143,115
天津,2018-05-30,0,121,148,121
天津,2018-05-31,0,121,139,120
天津,2018-06-01,57,61,148,0
天津,2018-06-02,58,0,70,57
天津,2018-06-03,0,57,131,117
天津,2018-06-04,57,57,156,114
天津,2018-06-05,57,114,178,59
天津,2018-06-06,114,57,147,121
天津,2018-06-07,0,0,141,115
天津,2018-06-08,0,0,167,128
天津,2018-06-09,0,57,162,66
天津,2018-06-10,114,0,150,65
天津,2018-06-11,118,0,157,117
天津,2018-06-12,57,118,161,124
天津,2018-06-13,57,61,141,124
天津,2018-06-14,58,0,148,57
天津,2018-06-15,57,0,152,0
天津,2018-06-16,58,59,74,63
天津,2018-06-17,132,0,140,59
天津,2018-06-18,124,57,147,60
天津,2018-06-19,114,57,154,61
天津,2018-06-20,57,0,158,120
天津,2018-06-21,119,0,165,58
天津,2018-06-22,117,57,141,114
天津,2018-06-23,137,0,133,120
天津,2018-06-24,124,0,145,122
天津,2018-06-25,57,0,157,125
天津,2018-06-26,0,57,148,117
天津,2018-06-27,57,114,130,61
天津,2018-06-28,0,0,83,127
天津,2018-06-29,0,57,139,57
天津,2018-06-30,57,0,73,61
天津,2018-07-01,0,0,132,57
天津,2018-07-02,59,0,140,0
天津,2018-07-03,0,0,141,115
天津,2018-07-04,57,0,140,122
天津,2018-07-05,0,0,141,0
天津,2018-07-06,58,0,128,57
天津,2018-07-07,0,0,69,57
天津,2018-07-08,0,57,78,57
天津,2018-07-09,0,0,137,114
天津,2018-07-10,0,59,152,57
天津,2018-07-11,58,0,135,115
天津,2018-07-12,0,57,161,118
天津,2018-07-13,57,57,146,116
天津,2018-07-14,0,0,86,116
天津,2018-07-15,0,0,91,114
天津,2018-07-16,0,114,74,114
天津,2018-07-17,0,59,146,0
天津,2018-07-18,0,0,128,116
天津,2018-07-19,57,0,149,59
天津,2018-07-20,126,57,133,129
天津,2018-07-21,114,57,143,57
天津,2018-07-22,115,57,74,57
天津,2018-07-23,0,61,139,116
天津,2018-07-24,57,0,126,57
天津,2018-07-25,59,57,142,61
天津,2018-07-26,60,117,161,63
天津,2018-07-27,0,57,136,0
天津,2018-07-28,0,57,135,116
天津,2018-07-29,0,57,132,61
天津,2018-07-30,57,0,132,57
天津,2018-07-31,0,0,144,120
天津,2018-08-01,57,57,142,58
天津,2018-08-02,0,59,129,116
天津,2018-08-03,0,0,130,57
天津,2018-08-04,0,57,82,59
天津,2018-08-05,0,0,141,61
天津,2018-08-06,0,57,135,57
天津,2018-08-07,0,57,139,57
天津,2018-08-08,57,114,143,0
天津,2018-08-09,0,59,128,59
天津,2018-08-10,0,57,132,119
天津,2018-08-11,0,0,129,115
天津,2018-08-12,0,0,117,0
天津,2018-08-13,114,58,143,0
天津,2018-08-14,0,0,124,61
天津,2018-08-15,0,0,131,57
天津,2018-08-16,57,0,126,59
天津,2018-08-17,0,0,127,57
天津,2018-08-18,57,57,120,59
天津,2018-08-19,0,0,123,57
天津,2018-08-20,114,114,129,0
天津,2018-08-21,0,0,119,117
天津,2018-08-22,57,57,128,0
天津,2018-08-23,0,63,120,59
天津,2018-08-24,57,0,120,59
天津,2018-08-25,0,57,59,61
天津,2018-08-26,0,59,120,57
天津,2018-08-27,0,57,117,61
天津,2018-08-28,0,59,127,116
天津,2018-08-29,0,57,67,119
天津,2018-08-30,0,0,126,59
天津,2018-08-31,58,57,60,59
天津,2018-09-01,0,0,124,58
天津,2018-09-02,0,0,126,59
天津,2018-09-03,0,0,128,57
天津,2018-09-04,0,0,133,117
天津,2018-09-05,57,0,71,0
天津,2018-09-06,0,0,137,117
天津,2018-09-07,0,61,60,0
天津,2018-09-08,0,0,119,114
天津,2018-09-09,57,0,123,58
天津,2018-09-10,57,57,129,117
天津,2018-09-11,0,59,130,61
天津,2018-09-12,58,59,129,119
天津,2018-09-13,0,59,140,119
天津,2018-09-14,0,57,131,58
天津,2018-09-15,0,0,61,57
天津,2018-09-16,0,0,121,114
天津,2018-09-17,0,59,128,63
天津,2018-09-18,0,59,119,57
天津,2018-09-19,0,57,118,117
天津,2018-09-20,0,0,124,58
天津,2018-09-21,0,0,61,0
天津,2018-09-22,60,0,117,0
天津,2018-09-23,114,0,117,58
天津,2018-09-24,0,0,114,114
天津,2018-09-25,0,57,126,0
天津,2018-09-26,0,57,127,71
天津,2018-09-27,57,0,124,65
天津,2018-09-28,57,59,130,120
天津,2018-09-29,0,0,132,63
天津,2018-09-30,0,57,119,115
天津,2018-10-01,0,0,60,0
天津,2018-10-02,0,0,69,0
天津,2018-10-03,0,0,0,0
天津,2018-10-04,0,57,128,57
天津,2018-10-05,0,0,66,59
天津,2018-10-06,0,61,124,0
天津,2018-10-07,0,59,120,0
天津,2018-10-08,0,114,140,57
天津,2018-10-09,0,63,142,115
天津,2018-10-10,0,117,139,117
天津,2018-10-11,0,0,133,122
天津,2018-10-12,0,0,127,118
天津,2018-10-13,0,0,128,114
天津,2018-10-14,0,0,140,114
天津,2018-10-15,0,116,139,123
天津,2018-10-16,0,57,135,0
天津,2018-10-17,0,61,141,115
天津,2018-10-18,0,114,148,124
天津,2018-10-19,0,57,139,58
天津,2018-10-20,58,59,138,57
天津,2018-10-21,0,57,140,0
天津,2018-10-22,0,0,152,63
天津,2018-10-23,0,58,130,120
天津,2018-10-24,0,57,128,57
天津,2018-10-25,57,118,97,120
天津,2018-10-26,0,0,70,68
天津,2018-10-27,0,0,131,59
天津,2018-10-28,0,57,122,114
天津,2018-10-29,0,0,128,115
天津,2018-10-30,0,57,131,114
天津,2018-10-31,0,57,139,116
天津,2018-11-01,0,0,139,115
天津,2018-11-02,0,57,135,124
天津,2018-11-03,0,0,130,63
天津,2018-11-04,0,59,123,0
天津,2018-11-05,0,118,152,122
天津,2018-11-06,0,115,73,117
天津,2018-11-07,0,57,134,124
天津,2018-11-08,0,57,146,118
天津,2018-11-09,0,57,122,120
天津,2018-11-10,0,0,60,117
天津,2018-11-11,0,0,57,57
天津,2018-11-12,0,61,122,124
天津,2018-11-13,0,58,129,120
天津,2018-11-14,0,0,132,61
天津,2018-11-15,0,57,122,58
天津,2018-11-16,0,114,137,61
天津,2018-11-17,0,57,65,120
天津,2018-11-18,57,0,71,114
天津,2018-11-19,0,0,128,118
天津,2018-11-20,0,57,135,125
天津,2018-11-21,0,65,125,118
天津,2018-11-22,0,57,129,59
天津,2018-11-23,0,57,74,58
天津,2018-11-24,0,0,67,57
天津,2018-11-25,0,0,124,57
天津,2018-11-26,57,0,117,119
天津,2018-11-27,0,0,78,125
天津,2018-11-28,0,0,71,58
天津,2018-11-29,0,0,67,128
天津,2018-11-30,59,0,126,114
天津,2018-12-01,0,0,58,58
天津,2018-12-02,0,0,73,58
天津,2018-12-03,0,61,61,115
天津,2018-12-04,0,0,125,63
天津,2018-12-05,0,58,127,115
天津,2018-12-06,0,0,134,119
天津,2018-12-07,0,0,70,61
天津,2018-12-08,0,57,135,71
天津,2018-12-09,0,0,133,58
天津,2018-12-10,0,0,73,114
天津,2018-12-11,0,61,67,0
天津,2018-12-12,0,0,149,76
天津,2018-12-13,0,0,70,122
天津,2018-12-14,57,116,65,57
天津,2018-12-15,0,57,60,0
天津,2018-12-16,0,58,137,0
天津,2018-12-17,0,114,70,126
天津,2018-12-18,0,59,61,60
天津,2018-12-19,57,0,79,120
天津,2018-12-20,57,0,76,115
天津,2018-12-21,57,57,130,0
天津,2018-12-22,0,0,126,58
天津,2018-12-23,0,0,73,63
天津,2018-12-24,0,57,127,0
天津,2018-12-25,0,57,125,57
天津,2018-12-26,0,57,117,65
天津,2018-12-27,57,57,76,57
天津,2018-12-28,0,0,66,58
天津,2018-12-29,0,0,63,116
天津,2018-12-30,0,0,61,57
天津,2018-12-31,57,0,61,0
天津,2019-01-01,0,58,69,0
天津,2019-01-02,0,57,67,63
天津,2019-01-03,0,57,127,0
天津,2019-01-04,0,57,135,59
天津,2019-01-05,0,57,82,114
天津,2019-01-06,0,60,135,57
天津,2019-01-07,0,0,73,120
天津,2019-01-08,0,60,141,0
天津,2019-01-09,57,0,65,61
天津,2019-01-10,0,0,67,61
天津,2019-01-11,58,57,63,0
天津,2019-01-12,0,0,57,57
天津,2019-01-13,57,57,63,0
天津,2019-01-14,0,57,63,60
天津,2019-01-15,0,0,61,0
天津,2019-01-16,0,0,57,58
天津,2019-01-17,0,57,63,0
天津,2019-01-18,0,57,120,57
天津,2019-01-19,0,0,65,57
天津,2019-01-20,58,0,60,0
天津,2019-01-21,0,0,61,0
天津,2019-01-22,0,0,58,57
天津,2019-01-23,0,0,117,57
天津,2019-01-24,0,57,124,58
天津,2019-01-25,0,0,120,59
天津,2019-01-26,0,0,57,57
天津,2019-01-27,0,0,63,0
天津,2019-01-28,0,0,63,57
天津,2019-01-29,0,0,58,57
天津,2019-01-30,0,0,65,0
天津,2019-01-31,0,57,61,60
天津,2019-02-01,0,0,0,0
天津,2019-02-02,0,114,58,0
天津,2019-02-03,0,0,58,0
天津,2019-02-04,0,0,0,0
天津,2019-02-05,0,0,0,0
天津,2019-02-06,0,0,57,0
天津,2019-02-07,0,57,58,0
天津,2019-02-08,0,0,61,57
天津,2019-02-09,0,0,65,57
天津,2019-02-10,0,0,63,0
天津,2019-02-11,0,0,67,60
天津,2019-02-12,0,58,118,0
天津,2019-02-13,0,57,60,61
天津,2019-02-14,0,0,127,0
天津,2019-02-15,0,57,66,116
天津,2019-02-16,0,0,63,0
天津,2019-02-17,0,0,71,0
天津,2019-02-18,57,57,66,116
天津,2019-02-19,0,57,124,58
天津,2019-02-20,0,57,125,115
天津,2019-02-21,0,57,67,57
天津,2019-02-22,0,57,71,0
天津,2019-02-23,0,0,127,57
天津,2019-02-24,0,0,73,57
天津,2019-02-25,114,116,141,119
天津,2019-02-26,0,59,146,115
天津,2019-02-27,57,114,135,121
天津,2019-02-28,0,58,73,61
天津,2019-03-01,57,0,79,0
天津,2019-03-02,0,57,65,58
天津,2019-03-03,0,57,74,59
天津,2019-03-04,57,63,87,0
天津,2019-03-05,0,59,79,58
天津,2019-03-06,0,57,127,63
天津,2019-03-07,57,114,84,57
天津,2019-03-08,0,58,146,60
天津,2019-03-09,0,0,122,57
天津,2019-03-10,0,57,133,122
天津,2019-03-11,0,0,142,63
天津,2019-03-12,57,58,129,59
天津,2019-03-13,0,59,70,0
天津,2019-03-14,0,0,127,63
天津,2019-03-15,57,114,66,124
天津,2019-03-16,58,0,133,61
天津,2019-03-17,0,0,63,115
天津,2019-03-18,0,0,128,116
天津,2019-03-19,0,57,136,117
天津,2019-03-20,0,57,76,126
天津,2019-03-21,0,63,123,57
天津,2019-03-22,0,0,73,114
天津,2019-03-23,0,58,127,61
天津,2019-03-24,0,0,124,63
天津,2019-03-25,58,0,135,117
天津,2019-03-26,0,61,74,0
天津,2019-03-27,0,122,127,61
天津,2019-03-28,0,0,135,114
天津,2019-03-29,0,0,73,57
天津,2019-03-30,0,57,139,60
天津,2019-03-31,0,57,80,57
天津,2019-04-01,59,0,132,121
天津,2019-04-02,0,116,140,63
天津,2019-04-03,57,114,130,60
天津,2019-04-04,57,0,74,114
天津,2019-04-05,0,0,66,58
天津,2019-04-06,0,0,130,0
天津,2019-04-07,57,116,66,57
天津,2019-04-08,0,0,129,57
天津,2019-04-09,0,0,133,59
天津,2019-04-10,0,57,71,117
天津,2019-04-11,0,0,122,124
天津,2019-04-12,0,57,79,58
天津,2019-04-13,0,61,117,57
天津,2019-04-14,0,57,57,58
天津,2019-04-15,0,58,147,0
天津,2019-04-16,0,57,66,63
天津,2019-04-17,0,63,131,59
天津,2019-04-18,0,0,74,119
天津,2019-04-19,0,0,87,128
天津,2019-04-20,0,0,127,57
天津,2019-04-21,0,0,63,114
天津,2019-04-22,0,57,130,130
天津,2019-04-23,57,57,121,114
天津,2019-04-24,0,0,63,60
天津,2019-04-25,0,0,69,118
天津,2019-04-26,0,57,80,126
天津,2019-04-27,0,115,124,57
天津,2019-04-28,57,57,66,117
天津,2019-04-29,0,0,57,60
天津,2019-04-30,0,57,57,60
天津,2019-05-01,0,0,58,0
天津,2019-05-02,0,0,58,0
天津,2019-05-03,0,0,58,57
天津,2019-05-04,0,0,67,0
天津,2019-05-05,0,0,67,114
天津,2019-05-06,57,0,126,119
天津,2019-05-07,0,57,130,117
天津,2019-05-08,0,57,137,120
天津,2019-05-09,0,0,135,58
天津,2019-05-10,0,0,73,117
天津,2019-05-11,0,0,125,0
天津,2019-05-12,0,0,67,57
天津,2019-05-13,57,0,76,67
天津,2019-05-14,0,57,73,123
天津,2019-05-15,0,60,139,69
天津,2019-05-16,0,0,78,121
天津,2019-05-17,0,58,128,0
天津,2019-05-18,0,57,124,117
天津,2019-05-19,57,57,131,63
天津,2019-05-20,0,0,84,0
天津,2019-05-21,0,57,122,118
天津,2019-05-22,0,57,66,57
天津,2019-05-23,0,0,79,0
天津,2019-05-24,0,0,130,122
天津,2019-05-25,0,0,66,0
天津,2019-05-26,0,57,63,61
天津,2019-05-27,0,0,131,58
天津,2019-05-28,57,0,84,60
天津,2019-05-29,0,57,131,120
天津,2019-05-30,0,0,139,58
天津,2019-05-31,0,57,122,0
天津,2019-06-01,0,0,70,57
天津,2019-06-02,57,0,66,0
天津,2019-06-03,0,57,73,0
天津,2019-06-04,0,115,136,57
天津,2019-06-05,0,57,141,59
天津,2019-06-06,0,0,126,117
天津,2019-06-07,0,0,126,114
天津,2019-06-08,0,0,58,58
天津,2019-06-09,0,57,61,58
天津,2019-06-10,0,59,65,57
天津,2019-06-11,0,59,131,58
天津,2019-06-12,0,63,118,115
天津,2019-06-13,0,0,136,128
天津,2019-06-14,57,0,73,58
天津,2019-06-15,0,57,65,58
天津,2019-06-16,0,57,76,60
天津,2019-06-17,0,57,122,60
天津,2019-06-18,0,58,63,57
天津,2019-06-19,0,58,66,63
天津,2019-06-20,0,0,67,57
天津,2019-06-21,0,0,63,57
天津,2019-06-22,0,0,67,57
天津,2019-06-23,0,0,79,60
天津,2019-06-24,0,0,80,63
天津,2019-06-25,0,60,95,61
天津,2019-06-26,0,57,100,130
天津,2019-06-27,0,0,147,60
天津,2019-06-28,0,0,79,116
天津,2019-06-29,0,0,76,0
天津,2019-06-30,0,0,65,114
天津,2019-07-01,0,57,124,115
天津,2019-07-02,0,0,139,115
天津,2019-07-03,0,0,67,117
天津,2019-07-04,57,0,118,57
天津,2019-07-05,0,0,57,0
天津,2019-07-06,0,0,130,0
天津,2019-07-07,0,0,63,0
天津,2019-07-08,0,0,65,115
天津,2019-07-09,0,0,65,0
天津,2019-07-10,0,0,114,122
天津,2019-07-11,0,0,70,114
天津,2019-07-12,0,57,57,114
天津,2019-07-13,0,0,65,57
天津,2019-07-14,0,57,58,61
天津,2019-07-15,0,0,60,63
天津,2019-07-16,0,0,124,60
天津,2019-07-17,0,114,66,117
天津,2019-07-18,0,57,128,59
天津,2019-07-19,0,61,127,116
天津,2019-07-20,0,0,118,57
天津,2019-07-21,0,0,73,57
天津,2019-07-22,0,0,71,58
天津,2019-07-23,0,57,66,115
天津,2019-07-24,0,114,127,61
天津,2019-07-25,0,0,89,60
天津,2019-07-26,0,57,159,57
天津,2019-07-27,0,57,76,67
天津,2019-07-28,0,57,126,63
天津,2019-07-29,0,0,78,0
天津,2019-07-30,0,0,76,114
天津,2019-07-31,0,0,67,60
天津,2019-08-01,0,0,128,114
天津,2019-08-02,0,57,70,57
天津,2019-08-03,0,0,61,63
天津,2019-08-04,0,57,67,58
天津,2019-08-05,0,0,71,0
天津,2019-08-06,0,0,69,117
天津,2019-08-07,0,0,123,63
天津,2019-08-08,0,118,120,57
天津,2019-08-09,0,0,67,0
天津,2019-08-10,0,0,120,0
天津,2019-08-11,0,0,60,119
天津,2019-08-12,0,57,123,61
天津,2019-08-13,0,57,128,0
天津,2019-08-14,0,57,67,57
天津,2019-08-15,57,57,119,118
天津,2019-08-16,0,0,131,59
天津,2019-08-17,0,57,120,58
天津,2019-08-18,0,0,60,57
天津,2019-08-19,0,119,124,57
天津,2019-08-20,0,0,117,114
天津,2019-08-21,0,57,66,60
天津,2019-08-22,57,0,61,126
天津,2019-08-23,0,0,60,138
天津,2019-08-24,0,0,60,115
天津,2019-08-25,0,0,123,114
天津,2019-08-26,0,0,74,60
天津,2019-08-27,0,0,69,57
天津,2019-08-28,0,0,117,58
天津,2019-08-29,0,57,118,57
天津,2019-08-30,0,57,61,119
天津,2019-08-31,0,0,58,58
天津,2019-09-01,0,0,66,118
天津,2019-09-02,0,114,130,59
天津,2019-09-03,0,118,137,57
天津,2019-09-04,0,0,87,114
天津,2019-09-05,0,58,143,117
天津,2019-09-06,0,120,79,122
天津,2019-09-07,0,0,79,60
天津,2019-09-08,0,0,78,121
天津,2019-09-09,0,0,159,117
天津,2019-09-10,0,119,154,120
天津,2019-09-11,0,57,79,0
天津,2019-09-12,0,115,126,0
天津,2019-09-13,0,57,122,61
天津,2019-09-14,0,0,131,66
天津,2019-09-15,0,57,127,130
天津,2019-09-16,0,57,80,119
天津,2019-09-17,0,0,137,66
天津,2019-09-18,0,0,130,70
天津,2019-09-19,0,57,74,60
天津,2019-09-20,0,57,79,57
天津,2019-09-21,0,0,80,65
天津,2019-09-22,0,0,69,57
天津,2019-09-23,0,0,76,66
天津,2019-09-24,0,58,123,125
天津,2019-09-25,0,0,80,61
天津,2019-09-26,0,0,132,57
天津,2019-09-27,0,57,131,126
天津,2019-09-28,0,0,70,63
天津,2019-09-29,0,0,58,115
天津,2019-09-30,57,0,117,0
天津,2019-10-01,0,0,117,57
天津,2019-10-02,0,0,66,58
天津,2019-10-03,0,57,78,57
天津,2019-10-04,0,0,60,120
天津,2019-10-05,0,0,66,0
天津,2019-10-06,0,0,61,122
天津,2019-10-07,0,0,117,0
天津,2019-10-08,0,0,86,118
天津,2019-10-09,0,59,135,119
天津,2019-10-10,57,0,139,115
天津,2019-10-11,0,0,79,120
天津,2019-10-12,0,0,74,118
天津,2019-10-13,0,0,66,65
天津,2019-10-14,0,57,67,57
天津,2019-10-15,0,57,123,0
天津,2019-10-16,0,58,120,114
天津,2019-10-17,0,57,74,67
天津,2019-10-18,0,0,70,58
天津,2019-10-19,0,0,78,58
天津,2019-10-20,0,0,73,0
天津,2019-10-21,0,115,73,0
天津,2019-10-22,0,117,70,60
天津,2019-10-23,0,57,127,63
天津,2019-10-24,0,57,67,58
天津,2019-10-25,57,0,70,63
天津,2019-10-26,0,58,63,60
天津,2019-10-27,0,0,66,0
天津,2019-10-28,0,0,135,0
天津,2019-10-29,0,57,158,146
天津,2019-10-30,0,0,67,114
天津,2019-10-31,0,0,131,114
天津,2019-11-01,0,0,61,115
天津,2019-11-02,0,0,69,0
天津,2019-11-03,0,0,126,118
天津,2019-11-04,0,122,137,118
天津,2019-11-05,0,116,127,130
天津,2019-11-06,0,0,130,128
天津,2019-11-07,0,58,130,120
天津,2019-11-08,0,57,132,122
天津,2019-11-09,0,0,131,63
天津,2019-11-10,0,57,84,117
天津,2019-11-11,0,114,130,116
天津,2019-11-12,0,0,135,122
天津,2019-11-13,0,57,134,67
天津,2019-11-14,0,59,125,58
天津,2019-11-15,0,57,70,117
天津,2019-11-16,0,0,66,63
天津,2019-11-17,0,0,78,65
天津,2019-11-18,57,0,148,60
天津,2019-11-19,0,57,71,66
天津,2019-11-20,0,0,124,129
天津,2019-11-21,0,0,67,126
天津,2019-11-22,0,0,65,58
天津,2019-11-23,0,0,150,61
天津,2019-11-24,0,57,78,124
天津,2019-11-25,0,57,99,124
天津,2019-11-26,0,63,143,127
天津,2019-11-27,57,0,137,66
天津,2019-11-28,0,58,120,117
天津,2019-11-29,0,114,60,120
天津,2019-11-30,0,0,61,63
天津,2019-12-01,57,58,60,58
天津,2019-12-02,0,60,82,120
天津,2019-12-03,0,59,135,73
天津,2019-12-04,0,59,92,63
天津,2019-12-05,0,57,66,116
天津,2019-12-06,0,57,128,65
天津,2019-12-07,0,0,61,61
天津,2019-12-08,0,0,70,58
天津,2019-12-09,57,0,86,66
天津,2019-12-10,0,57,128,70
天津,2019-12-11,0,0,67,60
天津,2019-12-12,0,0,128,65
天津,2019-12-13,0,59,67,60
天津,2019-12-14,0,57,117,63
天津,2019-12-15,0,57,73,65
天津,2019-12-16,0,57,128,124
天津,2019-12-17,57,0,127,128
天津,2019-12-18,0,0,146,119
天津,2019-12-19,0,0,139,57
天津,2019-12-20,0,59,67,61
天津,2019-12-21,0,0,63,58
天津,2019-12-22,0,57,124,57
天津,2019-12-23,0,0,128,120
天津,2019-12-24,0,114,137,65
天津,2019-12-25,0,0,134,122
天津,2019-12-26,0,57,128,117
天津,2019-12-27,0,0,61,0
天津,2019-12-28,0,0,67,60
天津,2019-12-29,0,0,60,58
天津,2019-12-30,0,0,67,61
天津,2019-12-31,0,57,61,114
天津,2020-01-01,0,0,60,58
天津,2020-01-02,57,0,126,61
天津,2020-01-03,0,0,124,61
天津,2020-01-04,57,0,66,57
天津,2020-01-05,57,0,65,58
天津,2020-01-06,0,58,63,67
天津,2020-01-07,0,116,126,124
天津,2020-01-08,0,114,130,117
天津,2020-01-09,0,0,124,114
天津,2020-01-10,0,0,128,60
天津,2020-01-11,0,0,71,60
天津,2020-01-12,0,0,126,57
天津,2020-01-13,0,57,120,58
天津,2020-01-14,0,59,65,66
天津,2020-01-15,0,57,61,61
天津,2020-01-16,0,0,118,117
天津,2020-01-17,0,0,124,63
天津,2020-01-18,0,0,122,58
天津,2020-01-19,0,0,69,120
天津,2020-01-20,0,114,66,57
天津,2020-01-21,0,0,60,0
天津,2020-01-22,0,0,65,57
天津,2020-01-23,0,0,57,115
天津,2020-01-24,0,0,58,57
天津,2020-01-25,0,0,58,57
天津,2020-01-26,0,0,66,60
天津,2020-01-27,0,0,0,57
天津,2020-01-28,0,0,120,61
天津,2020-01-29,0,0,119,61
天津,2020-01-30,0,0,60,61
天津,2020-01-31,0,0,58,58
天津,2020-02-01,0,59,60,59
天津,2020-02-02,0,0,57,57
天津,2020-02-03,0,59,114,0
天津,2020-02-04,0,0,63,57
天津,2020-02-05,0,0,60,57
天津,2020-02-06,0,0,63,58
天津,2020-02-07,0,0,114,57
天津,2020-02-08,57,0,115,58
天津,2020-02-09,0,0,118,0
天津,2020-02-10,0,0,57,57
天津,2020-02-11,0,0,120,60
天津,2020-02-12,0,117,117,57
天津,2020-02-13,0,57,57,0
天津,2020-02-14,0,0,123,58
天津,2020-02-15,0,0,124,0
天津,2020-02-16,0,0,117,117
天津,2020-02-17,0,0,124,0
天津,2020-02-18,0,57,120,58
天津,2020-02-19,0,57,125,58
天津,2020-02-20,0,114,128,120
天津,2020-02-21,0,0,128,57
天津,2020-02-22,0,0,117,120
天津,2020-02-23,0,0,126,57
天津,2020-02-24,0,57,132,57
天津,2020-02-25,0,116,137,60
天津,2020-02-26,0,0,123,117
天津,2020-02-27,0,57,142,57
天津,2020-02-28,0,0,124,63
天津,2020-02-29,0,0,127,63
天津,2020-03-01,0,0,63,60
天津,2020-03-02,57,57,126,57
天津,2020-03-03,0,0,124,69
天津,2020-03-04,0,57,131,117
天津,2020-03-05,0,57,122,65
天津,2020-03-06,0,0,126,63
天津,2020-03-07,0,57,116,0
天津,2020-03-08,0,0,127,61
天津,2020-03-09,0,0,141,116
天津,2020-03-10,0,57,140,119
天津,2020-03-11,0,0,127,58
天津,2020-03-12,0,0,124,119
天津,2020-03-13,57,0,125,58
天津,2020-03-14,0,0,119,60
天津,2020-03-15,57,0,122,117
天津,2020-03-16,0,114,122,59
天津,2020-03-17,0,0,66,61
天津,2020-03-18,0,0,69,65
天津,2020-03-19,0,59,128,117
天津,2020-03-20,0,0,61,61
天津,2020-03-21,0,0,116,57
天津,2020-03-22,0,117,124,61
天津,2020-03-23,0,0,117,60
天津,2020-03-24,0,114,58,58
天津,2020-03-25,0,57,140,57
天津,2020-03-26,0,0,117,61
天津,2020-03-27,0,57,60,114
天津,2020-03-28,0,59,65,0
天津,2020-03-29,0,59,128,60
天津,2020-03-30,0,118,137,115
天津,2020-03-31,0,57,127,60
天津,2020-04-01,0,57,124,57
天津,2020-04-02,0,114,124,57
天津,2020-04-03,0,0,60,57
天津,2020-04-04,57,0,61,57
天津,2020-04-05,0,0,57,0
天津,2020-04-06,57,0,69,58
天津,2020-04-07,0,0,123,57
天津,2020-04-08,0,59,119,61
天津,2020-04-09,0,57,122,57
天津,2020-04-10,0,57,114,57
天津,2020-04-11,57,0,58,0
天津,2020-04-12,0,0,58,0
天津,2020-04-13,0,57,66,0
天津,2020-04-14,0,57,60,117
天津,2020-04-15,0,57,60,57
天津,2020-04-16,0,0,122,0
天津,2020-04-17,0,116,60,59
天津,2020-04-18,58,0,117,58
天津,2020-04-19,0,0,63,115
天津,2020-04-20,0,0,121,63
天津,2020-04-21,0,0,126,114
天津,2020-04-22,0,57,124,61
天津,2020-04-23,0,61,120,114
天津,2020-04-24,0,57,124,60
天津,2020-04-25,0,0,120,0
天津,2020-04-26,0,0,126,57
天津,2020-04-27,0,57,126,59
天津,2020-04-28,0,0,126,123
天津,2020-04-29,0,57,129,57
天津,2020-04-30,0,59,63,0
天津,2020-05-01,0,0,60,57
天津,2020-05-02,0,57,117,0
天津,2020-05-03,0,0,0,117
天津,2020-05-04,0,0,120,58
天津,2020-05-05,0,59,122,0
天津,2020-05-06,0,57,123,120
天津,2020-05-07,0,0,122,114
天津,2020-05-08,0,0,115,118
天津,2020-05-09,0,0,122,124
天津,2020-05-10,0,59,121,116
天津,2020-05-11,0,0,122,61
天津,2020-05-12,0,57,127,61
天津,2020-05-13,59,57,124,114
天津,2020-05-14,0,57,131,129
天津,2020-05-15,0,59,70,122
天津,2020-05-16,0,0,120,114
天津,2020-05-17,0,0,57,57
天津,2020-05-18,0,57,124,116
天津,2020-05-19,0,57,124,116
天津,2020-05-20,0,59,115,128
天津,2020-05-21,0,0,118,0
天津,2020-05-22,0,0,124,58
天津,2020-05-23,0,0,124,120
天津,2020-05-24,0,0,121,57
天津,2020-05-25,57,57,131,117
天津,2020-05-26,0,59,122,59
天津,2020-05-27,0,59,131,121
天津,2020-05-28,0,59,123,126
天津,2020-05-29,0,0,120,64
天津,2020-05-30,0,57,119,116
天津,2020-05-31,0,0,119,57
天津,2020-06-01,0,57,130,119
天津,2020-06-02,0,59,126,118
天津,2020-06-03,0,120,60,63
天津,2020-06-04,0,0,122,115
天津,2020-06-05,0,0,124,122
天津,2020-06-06,0,59,122,117
天津,2020-06-07,0,0,133,0
天津,2020-06-08,0,0,129,120
天津,2020-06-09,0,0,67,122
天津,2020-06-10,0,0,124,122
天津,2020-06-11,0,57,123,121
天津,2020-06-12,0,57,125,64
天津,2020-06-13,0,0,127,119
天津,2020-06-14,0,117,124,0
天津,2020-06-15,0,0,135,115
天津,2020-06-16,0,121,117,117
天津,2020-06-17,0,57,135,121
天津,2020-06-18,0,0,130,57
天津,2020-06-19,0,57,139,117
天津,2020-06-20,0,63,131,114
天津,2020-06-21,0,0,127,114
天津,2020-06-22,0,58,136,117
天津,2020-06-23,0,0,122,116
天津,2020-06-24,0,0,118,117
天津,2020-06-25,0,0,123,60
天津,2020-06-26,0,0,60,61
天津,2020-06-27,0,57,124,123
天津,2020-06-28,0,0,66,126
天津,2020-06-29,0,0,127,59
天津,2020-06-30,0,57,134,121
天津,2020-07-01,0,0,131,57
天津,2020-07-02,0,59,119,57
天津,2020-07-03,57,119,66,124
天津,2020-07-04,0,0,57,124
天津,2020-07-05,0,0,120,63
天津,2020-07-06,0,114,66,127
天津,2020-07-07,0,0,128,128
天津,2020-07-08,0,114,118,118
天津,2020-07-09,57,0,126,132
天津,2020-07-10,0,0,129,122
天津,2020-07-11,0,0,122,63
天津,2020-07-12,0,0,117,117
天津,2020-07-13,0,0,115,129
天津,2020-07-14,0,0,130,122
天津,2020-07-15,0,0,65,61
天津,2020-07-16,0,0,126,122
天津,2020-07-17,0,0,128,124
天津,2020-07-18,0,57,61,117
天津,2020-07-19,0,0,132,115
天津,2020-07-20,0,57,116,121
天津,2020-07-21,0,59,63,127
天津,2020-07-22,0,0,114,133
天津,2020-07-23,116,61,129,128
天津,2020-07-24,0,0,130,133
天津,2020-07-25,0,0,128,134
天津,2020-07-26,0,0,150,143
天津,2020-07-27,0,0,155,146
天津,2020-07-28,0,0,163,157
天津,2020-07-29,0,57,183,153
天津,2020-07-30,57,59,163,172
天津,2020-07-31,57,57,152,163
天津,2020-08-01,0,0,134,126
天津,2020-08-02,0,0,123,115
天津,2020-08-03,0,59,118,122
天津,2020-08-04,0,59,134,114
天津,2020-08-05,0,58,121,124
天津,2020-08-06,0,57,63,116
天津,2020-08-07,0,57,70,118
天津,2020-08-08,0,57,118,0
天津,2020-08-09,0,0,65,60
天津,2020-08-10,0,57,120,59
天津,2020-08-11,0,57,122,117
天津,2020-08-12,57,57,58,0
天津,2020-08-13,0,0,63,57
天津,2020-08-14,0,57,120,117
天津,2020-08-15,0,0,124,121
天津,2020-08-16,0,0,114,63
天津,2020-08-17,0,61,123,66
天津,2020-08-18,0,59,61,127
天津,2020-08-19,0,57,63,119
天津,2020-08-20,0,57,67,134
天津,2020-08-21,0,57,76,127
天津,2020-08-22,0,0,74,121
天津,2020-08-23,0,63,63,57
天津,2020-08-24,57,57,123,125
天津,2020-08-25,0,0,126,124
天津,2020-08-26,0,57,132,124
天津,2020-08-27,0,57,142,136
天津,2020-08-28,57,0,163,128
天津,2020-08-29,0,57,168,128
天津,2020-08-30,57,57,137,130
天津,2020-08-31,0,57,126,126
天津,2020-09-01,0,57,124,60
天津,2020-09-02,0,0,118,122
天津,2020-09-03,0,118,127,133
天津,2020-09-04,0,63,124,59
天津,2020-09-05,0,57,66,117
天津,2020-09-06,57,0,134,117
天津,2020-09-07,0,57,120,135
天津,2020-09-08,0,0,125,130
天津,2020-09-09,57,0,130,129
天津,2020-09-10,0,0,67,132
天津,2020-09-11,0,57,132,122
天津,2020-09-12,0,0,61,129
天津,2020-09-13,0,0,124,125
天津,2020-09-14,0,118,133,135
天津,2020-09-15,0,0,122,132
天津,2020-09-16,0,0,132,117
天津,2020-09-17,0,59,123,129
天津,2020-09-18,0,59,126,121
天津,2020-09-19,0,0,120,117
天津,2020-09-20,57,0,124,122
天津,2020-09-21,0,57,126,135
天津,2020-09-22,0,0,144,133
天津,2020-09-23,0,57,130,163
天津,2020-09-24,0,0,136,147
天津,2020-09-25,0,0,65,143
天津,2020-09-26,0,57,61,124
天津,2020-09-27,0,57,120,126
天津,2020-09-28,0,57,125,126
天津,2020-09-29,0,61,131,134
天津,2020-09-30,0,70,66,117
天津,2020-10-01,0,0,58,115
天津,2020-10-02,0,57,57,129
天津,2020-10-03,0,61,122,134
天津,2020-10-04,0,57,114,61
天津,2020-10-05,0,59,120,61
天津,2020-10-06,0,57,65,61
天津,2020-10-07,57,120,122,119
天津,2020-10-08,0,59,65,127
天津,2020-10-09,57,0,117,139
天津,2020-10-10,0,57,124,114
天津,2020-10-11,0,57,122,124
天津,2020-10-12,0,65,121,126
天津,2020-10-13,0,57,124,129
天津,2020-10-14,0,57,131,130
天津,2020-10-15,0,0,126,60
天津,2020-10-16,0,0,120,126
天津,2020-10-17,0,0,0,122
天津,2020-10-18,0,57,57,124
天津,2020-10-19,0,57,132,125
天津,2020-10-20,0,0,125,133
天津,2020-10-21,0,0,124,125
天津,2020-10-22,0,0,123,137
天津,2020-10-23,0,58,118,126
天津,2020-10-24,0,0,79,119
天津,2020-10-25,0,0,124,118
天津,2020-10-26,0,57,143,126
天津,2020-10-27,0,0,129,122
天津,2020-10-28,0,57,126,143
天津,2020-10-29,0,0,138,128
天津,2020-10-30,0,59,136,126
天津,2020-10-31,0,58,132,122
天津,2020-11-01,0,0,131,134
天津,2020-11-02,0,114,140,126
天津,2020-11-03,0,0,129,132
天津,2020-11-04,0,116,139,135
天津,2020-11-05,0,57,139,122
天津,2020-11-06,0,114,129,125
天津,2020-11-07,0,0,140,127
天津,2020-11-08,0,0,134,141
天津,2020-11-09,0,57,132,135
天津,2020-11-10,0,59,126,137
天津,2020-11-11,0,63,130,132
天津,2020-11-12,0,57,133,138
天津,2020-11-13,0,0,127,130
天津,2020-11-14,0,57,135,125
天津,2020-11-15,0,57,134,126
天津,2020-11-16,0,0,134,133
天津,2020-11-17,0,59,129,132
天津,2020-11-18,0,57,135,123
天津,2020-11-19,0,57,130,133
天津,2020-11-20,0,0,122,130
天津,2020-11-21,0,0,117,135
天津,2020-11-22,0,0,122,59
天津,2020-11-23,0,0,127,128
天津,2020-11-24,0,57,137,130
天津,2020-11-25,0,0,130,141
天津,2020-11-26,0,57,124,124
天津,2020-11-27,0,0,65,117
天津,2020-11-28,0,57,134,115
天津,2020-11-29,0,0,137,117
天津,2020-11-30,57,0,143,130
天津,2020-12-01,0,57,128,119
天津,2020-12-02,57,57,130,129
天津,2020-12-03,0,0,124,119
天津,2020-12-04,0,0,147,126
天津,2020-12-05,0,0,124,119
天津,2020-12-06,0,57,119,61
天津,2020-12-07,0,0,127,115
天津,2020-12-08,0,0,60,143
天津,2020-12-09,0,0,122,131
天津,2020-12-10,0,0,131,137
天津,2020-12-11,0,57,127,131
天津,2020-12-12,0,57,59,124
天津,2020-12-13,0,0,126,126
天津,2020-12-14,0,57,122,126
天津,2020-12-15,0,58,122,129
天津,2020-12-16,0,123,118,120
天津,2020-12-17,0,57,118,121
天津,2020-12-18,0,57,124,126
天津,2020-12-19,0,57,117,67
天津,2020-12-20,57,0,58,117
天津,2020-12-21,64,59,133,127
天津,2020-12-22,0,58,126,115
天津,2020-12-23,0,0,120,127
天津,2020-12-24,0,57,123,59
天津,2020-12-25,0,0,121,60
天津,2020-12-26,57,57,114,63
天津,2020-12-27,0,0,122,128
天津,2020-12-28,0,59,119,124
天津,2020-12-29,0,0,118,149
天津,2020-12-30,0,57,64,130
天津,2020-12-31,0,0,117,121
