area,time,物联网,分布式,数字化,智能化,点对点网络
台湾,2011-01-01,0,0,0,0,0
台湾,2011-01-02,0,0,0,0,0
台湾,2011-01-03,59,0,0,0,0
台湾,2011-01-04,0,0,0,0,0
台湾,2011-01-05,57,0,0,0,0
台湾,2011-01-06,57,0,0,0,0
台湾,2011-01-07,0,0,0,0,0
台湾,2011-01-08,57,0,0,0,0
台湾,2011-01-09,57,0,0,0,0
台湾,2011-01-10,57,0,0,0,0
台湾,2011-01-11,0,0,0,0,0
台湾,2011-01-12,0,0,0,0,0
台湾,2011-01-13,0,0,0,0,0
台湾,2011-01-14,0,0,0,0,0
台湾,2011-01-15,0,0,0,0,0
台湾,2011-01-16,0,0,0,0,0
台湾,2011-01-17,0,0,0,0,0
台湾,2011-01-18,59,0,0,0,0
台湾,2011-01-19,0,0,0,0,0
台湾,2011-01-20,0,0,0,0,0
台湾,2011-01-21,57,0,0,0,0
台湾,2011-01-22,0,0,0,0,0
台湾,2011-01-23,0,0,0,0,0
台湾,2011-01-24,0,0,0,0,0
台湾,2011-01-25,0,0,0,0,0
台湾,2011-01-26,0,0,0,0,0
台湾,2011-01-27,0,0,0,0,0
台湾,2011-01-28,0,0,0,0,0
台湾,2011-01-29,0,0,0,0,0
台湾,2011-01-30,57,0,0,0,0
台湾,2011-01-31,57,0,0,0,0
台湾,2011-02-01,63,0,0,0,0
台湾,2011-02-02,0,0,0,0,0
台湾,2011-02-03,0,0,0,0,0
台湾,2011-02-04,0,0,0,0,0
台湾,2011-02-05,0,0,0,0,0
台湾,2011-02-06,0,0,0,0,0
台湾,2011-02-07,0,0,0,0,0
台湾,2011-02-08,0,0,0,0,0
台湾,2011-02-09,57,0,0,0,0
台湾,2011-02-10,57,0,0,0,0
台湾,2011-02-11,59,0,0,0,0
台湾,2011-02-12,0,0,0,0,0
台湾,2011-02-13,57,0,0,0,0
台湾,2011-02-14,59,0,0,0,0
台湾,2011-02-15,0,0,0,0,0
台湾,2011-02-16,57,0,0,0,0
台湾,2011-02-17,57,0,0,0,0
台湾,2011-02-18,57,0,0,0,0
台湾,2011-02-19,0,0,0,0,0
台湾,2011-02-20,0,0,0,0,0
台湾,2011-02-21,0,0,0,0,0
台湾,2011-02-22,0,0,0,0,0
台湾,2011-02-23,63,0,0,0,0
台湾,2011-02-24,0,0,0,0,0
台湾,2011-02-25,61,0,0,0,0
台湾,2011-02-26,0,0,0,0,0
台湾,2011-02-27,0,0,0,0,0
台湾,2011-02-28,57,0,0,0,0
台湾,2011-03-01,57,0,0,0,0
台湾,2011-03-02,0,0,0,0,0
台湾,2011-03-03,0,0,0,0,0
台湾,2011-03-04,0,0,0,0,0
台湾,2011-03-05,0,0,0,0,0
台湾,2011-03-06,0,0,0,0,0
台湾,2011-03-07,57,0,0,0,0
台湾,2011-03-08,0,0,0,0,0
台湾,2011-03-09,57,0,0,0,0
台湾,2011-03-10,63,0,0,0,0
台湾,2011-03-11,57,0,0,0,0
台湾,2011-03-12,0,0,0,0,0
台湾,2011-03-13,0,0,0,0,0
台湾,2011-03-14,57,0,0,0,0
台湾,2011-03-15,0,0,0,0,0
台湾,2011-03-16,0,0,0,0,0
台湾,2011-03-17,0,0,0,0,0
台湾,2011-03-18,57,0,0,0,0
台湾,2011-03-19,0,0,0,0,0
台湾,2011-03-20,0,0,0,0,0
台湾,2011-03-21,0,0,0,0,0
台湾,2011-03-22,57,0,0,0,0
台湾,2011-03-23,0,0,0,0,0
台湾,2011-03-24,59,0,0,0,0
台湾,2011-03-25,0,0,0,0,0
台湾,2011-03-26,0,0,0,0,0
台湾,2011-03-27,0,0,0,0,0
台湾,2011-03-28,0,0,57,0,0
台湾,2011-03-29,57,0,0,0,0
台湾,2011-03-30,0,0,0,0,0
台湾,2011-03-31,0,0,0,0,0
台湾,2011-04-01,0,0,0,0,0
台湾,2011-04-02,0,0,0,0,0
台湾,2011-04-03,0,0,0,0,0
台湾,2011-04-04,0,0,0,0,0
台湾,2011-04-05,0,0,0,0,0
台湾,2011-04-06,0,0,0,0,0
台湾,2011-04-07,57,0,0,0,0
台湾,2011-04-08,0,0,0,0,0
台湾,2011-04-09,59,0,0,0,0
台湾,2011-04-10,57,0,0,0,0
台湾,2011-04-11,0,0,0,0,0
台湾,2011-04-12,0,0,0,0,0
台湾,2011-04-13,0,0,0,0,0
台湾,2011-04-14,0,0,0,0,0
台湾,2011-04-15,0,0,0,0,0
台湾,2011-04-16,0,0,0,0,0
台湾,2011-04-17,0,0,0,0,0
台湾,2011-04-18,0,0,0,0,0
台湾,2011-04-19,57,0,0,0,0
台湾,2011-04-20,57,0,0,0,0
台湾,2011-04-21,0,0,0,0,0
台湾,2011-04-22,0,0,0,0,0
台湾,2011-04-23,0,0,0,0,0
台湾,2011-04-24,0,0,0,0,0
台湾,2011-04-25,61,0,57,0,0
台湾,2011-04-26,0,0,0,0,0
台湾,2011-04-27,0,0,0,0,0
台湾,2011-04-28,0,0,0,0,0
台湾,2011-04-29,0,0,0,0,0
台湾,2011-04-30,0,0,0,0,0
台湾,2011-05-01,0,0,0,0,0
台湾,2011-05-02,0,0,0,0,0
台湾,2011-05-03,57,0,0,0,0
台湾,2011-05-04,57,0,0,0,0
台湾,2011-05-05,63,0,0,0,0
台湾,2011-05-06,0,0,0,0,0
台湾,2011-05-07,0,0,0,0,0
台湾,2011-05-08,57,0,0,0,0
台湾,2011-05-09,0,0,0,0,0
台湾,2011-05-10,57,0,0,0,0
台湾,2011-05-11,59,0,0,0,0
台湾,2011-05-12,0,0,0,0,0
台湾,2011-05-13,0,0,0,0,0
台湾,2011-05-14,59,0,0,0,0
台湾,2011-05-15,0,0,0,0,0
台湾,2011-05-16,61,0,0,0,0
台湾,2011-05-17,0,0,0,0,0
台湾,2011-05-18,0,0,0,0,0
台湾,2011-05-19,0,0,0,0,0
台湾,2011-05-20,0,0,0,0,0
台湾,2011-05-21,0,0,0,0,0
台湾,2011-05-22,0,0,0,0,0
台湾,2011-05-23,0,0,0,0,0
台湾,2011-05-24,57,0,0,0,0
台湾,2011-05-25,0,0,0,0,0
台湾,2011-05-26,0,0,0,0,0
台湾,2011-05-27,0,0,0,0,0
台湾,2011-05-28,0,0,0,0,0
台湾,2011-05-29,0,0,0,0,0
台湾,2011-05-30,0,0,0,0,0
台湾,2011-05-31,57,0,0,0,0
台湾,2011-06-01,0,0,0,0,0
台湾,2011-06-02,57,0,0,0,0
台湾,2011-06-03,59,0,0,0,0
台湾,2011-06-04,0,0,0,0,0
台湾,2011-06-05,0,0,0,0,0
台湾,2011-06-06,0,0,0,0,0
台湾,2011-06-07,57,0,0,0,0
台湾,2011-06-08,0,0,0,0,0
台湾,2011-06-09,0,0,0,0,0
台湾,2011-06-10,57,0,0,0,0
台湾,2011-06-11,0,0,0,0,0
台湾,2011-06-12,0,0,0,0,0
台湾,2011-06-13,0,0,0,0,0
台湾,2011-06-14,0,0,0,0,0
台湾,2011-06-15,0,0,0,0,0
台湾,2011-06-16,0,0,0,0,0
台湾,2011-06-17,57,0,0,0,0
台湾,2011-06-18,0,0,0,0,0
台湾,2011-06-19,59,0,0,0,0
台湾,2011-06-20,0,0,0,0,0
台湾,2011-06-21,0,0,0,0,0
台湾,2011-06-22,57,0,0,0,0
台湾,2011-06-23,0,0,0,0,0
台湾,2011-06-24,0,0,0,0,0
台湾,2011-06-25,0,0,0,0,0
台湾,2011-06-26,0,0,0,0,0
台湾,2011-06-27,0,0,0,0,0
台湾,2011-06-28,0,0,0,0,0
台湾,2011-06-29,0,0,0,0,0
台湾,2011-06-30,0,0,0,0,0
台湾,2011-07-01,57,0,0,0,0
台湾,2011-07-02,0,0,0,0,0
台湾,2011-07-03,0,0,0,0,0
台湾,2011-07-04,59,0,0,0,0
台湾,2011-07-05,57,0,0,0,0
台湾,2011-07-06,0,0,0,0,0
台湾,2011-07-07,0,0,0,0,0
台湾,2011-07-08,0,0,0,0,0
台湾,2011-07-09,57,0,0,0,0
台湾,2011-07-10,0,0,0,0,0
台湾,2011-07-11,0,0,0,0,0
台湾,2011-07-12,0,0,0,0,0
台湾,2011-07-13,57,0,0,0,0
台湾,2011-07-14,0,0,0,0,0
台湾,2011-07-15,0,0,0,0,0
台湾,2011-07-16,57,0,0,0,0
台湾,2011-07-17,0,0,0,0,0
台湾,2011-07-18,0,0,0,0,0
台湾,2011-07-19,59,0,0,0,0
台湾,2011-07-20,0,0,0,0,0
台湾,2011-07-21,57,0,0,0,0
台湾,2011-07-22,57,0,0,0,0
台湾,2011-07-23,0,0,0,0,0
台湾,2011-07-24,0,0,0,0,0
台湾,2011-07-25,0,0,0,0,0
台湾,2011-07-26,0,0,0,0,0
台湾,2011-07-27,0,0,0,0,0
台湾,2011-07-28,0,0,0,0,0
台湾,2011-07-29,0,0,0,0,0
台湾,2011-07-30,0,0,0,0,0
台湾,2011-07-31,57,0,0,0,0
台湾,2011-08-01,0,0,0,0,0
台湾,2011-08-02,0,0,0,0,0
台湾,2011-08-03,57,0,0,0,0
台湾,2011-08-04,0,0,0,0,0
台湾,2011-08-05,59,0,0,0,0
台湾,2011-08-06,0,0,0,0,0
台湾,2011-08-07,0,0,0,0,0
台湾,2011-08-08,0,0,0,0,0
台湾,2011-08-09,57,0,0,0,0
台湾,2011-08-10,0,0,0,0,0
台湾,2011-08-11,0,0,0,0,0
台湾,2011-08-12,0,0,0,0,0
台湾,2011-08-13,0,0,0,0,0
台湾,2011-08-14,0,0,0,0,0
台湾,2011-08-15,0,0,0,0,0
台湾,2011-08-16,0,0,0,0,0
台湾,2011-08-17,0,0,0,0,0
台湾,2011-08-18,0,0,0,0,0
台湾,2011-08-19,63,0,0,0,0
台湾,2011-08-20,0,0,0,0,0
台湾,2011-08-21,0,0,0,0,0
台湾,2011-08-22,57,0,57,0,0
台湾,2011-08-23,59,0,0,0,0
台湾,2011-08-24,57,0,0,0,0
台湾,2011-08-25,57,0,0,0,0
台湾,2011-08-26,0,0,0,0,0
台湾,2011-08-27,57,0,0,0,0
台湾,2011-08-28,57,0,0,0,0
台湾,2011-08-29,59,0,0,0,0
台湾,2011-08-30,61,0,0,0,0
台湾,2011-08-31,61,0,0,0,0
台湾,2011-09-01,57,0,0,0,0
台湾,2011-09-02,57,0,0,0,0
台湾,2011-09-03,0,0,0,0,0
台湾,2011-09-04,0,0,0,0,0
台湾,2011-09-05,0,0,0,0,0
台湾,2011-09-06,0,0,0,0,0
台湾,2011-09-07,0,0,0,0,0
台湾,2011-09-08,0,0,0,0,0
台湾,2011-09-09,0,0,0,0,0
台湾,2011-09-10,0,0,0,0,0
台湾,2011-09-11,0,0,0,0,0
台湾,2011-09-12,0,0,0,0,0
台湾,2011-09-13,57,0,0,0,0
台湾,2011-09-14,0,0,0,0,0
台湾,2011-09-15,0,0,0,0,0
台湾,2011-09-16,0,0,0,0,0
台湾,2011-09-17,0,0,0,0,0
台湾,2011-09-18,0,0,0,0,0
台湾,2011-09-19,57,0,0,0,0
台湾,2011-09-20,57,0,0,0,0
台湾,2011-09-21,57,0,0,0,0
台湾,2011-09-22,0,0,0,0,0
台湾,2011-09-23,0,0,0,0,0
台湾,2011-09-24,0,0,0,0,0
台湾,2011-09-25,0,0,0,0,0
台湾,2011-09-26,0,0,0,0,0
台湾,2011-09-27,0,0,0,0,0
台湾,2011-09-28,0,0,0,0,0
台湾,2011-09-29,59,0,0,0,0
台湾,2011-09-30,57,0,0,0,0
台湾,2011-10-01,0,0,0,0,0
台湾,2011-10-02,0,0,0,0,0
台湾,2011-10-03,0,0,0,0,0
台湾,2011-10-04,0,0,0,0,0
台湾,2011-10-05,0,0,0,0,0
台湾,2011-10-06,0,0,0,0,0
台湾,2011-10-07,57,0,0,0,0
台湾,2011-10-08,59,0,0,0,0
台湾,2011-10-09,0,0,0,0,0
台湾,2011-10-10,63,0,0,0,0
台湾,2011-10-11,0,0,0,0,0
台湾,2011-10-12,0,0,0,0,0
台湾,2011-10-13,0,0,0,0,0
台湾,2011-10-14,0,0,0,0,0
台湾,2011-10-15,0,0,0,0,0
台湾,2011-10-16,0,0,0,0,0
台湾,2011-10-17,57,0,0,0,0
台湾,2011-10-18,57,0,0,0,0
台湾,2011-10-19,57,0,0,0,0
台湾,2011-10-20,57,0,0,0,0
台湾,2011-10-21,0,0,0,0,0
台湾,2011-10-22,59,0,0,0,0
台湾,2011-10-23,57,0,0,0,0
台湾,2011-10-24,57,0,0,0,0
台湾,2011-10-25,57,0,0,0,0
台湾,2011-10-26,0,0,0,0,0
台湾,2011-10-27,0,0,57,0,0
台湾,2011-10-28,57,0,0,0,0
台湾,2011-10-29,0,0,0,0,0
台湾,2011-10-30,57,0,0,0,0
台湾,2011-10-31,57,0,0,0,0
台湾,2011-11-01,0,0,0,0,0
台湾,2011-11-02,57,0,0,0,0
台湾,2011-11-03,0,0,0,0,0
台湾,2011-11-04,57,0,0,0,0
台湾,2011-11-05,0,0,0,0,0
台湾,2011-11-06,57,0,0,0,0
台湾,2011-11-07,57,0,0,0,0
台湾,2011-11-08,0,0,0,0,0
台湾,2011-11-09,0,0,0,0,0
台湾,2011-11-10,0,0,0,0,0
台湾,2011-11-11,57,0,0,0,0
台湾,2011-11-12,0,0,0,0,0
台湾,2011-11-13,0,0,0,0,0
台湾,2011-11-14,57,0,0,0,0
台湾,2011-11-15,0,0,0,0,0
台湾,2011-11-16,57,0,0,0,0
台湾,2011-11-17,57,0,0,0,0
台湾,2011-11-18,59,0,0,0,0
台湾,2011-11-19,57,0,0,0,0
台湾,2011-11-20,57,0,0,0,0
台湾,2011-11-21,0,0,0,0,0
台湾,2011-11-22,0,0,0,0,0
台湾,2011-11-23,59,0,0,0,0
台湾,2011-11-24,0,0,0,0,0
台湾,2011-11-25,59,0,0,0,0
台湾,2011-11-26,0,0,0,0,0
台湾,2011-11-27,0,0,0,0,0
台湾,2011-11-28,0,0,0,0,0
台湾,2011-11-29,0,0,0,0,0
台湾,2011-11-30,59,0,0,0,0
台湾,2011-12-01,0,0,0,0,0
台湾,2011-12-02,0,0,0,0,0
台湾,2011-12-03,57,0,0,0,0
台湾,2011-12-04,0,0,0,0,0
台湾,2011-12-05,0,0,0,0,0
台湾,2011-12-06,0,0,0,0,0
台湾,2011-12-07,0,0,0,0,0
台湾,2011-12-08,0,0,0,0,0
台湾,2011-12-09,0,0,0,0,0
台湾,2011-12-10,0,0,0,0,0
台湾,2011-12-11,57,0,0,0,0
台湾,2011-12-12,57,0,0,0,0
台湾,2011-12-13,59,0,0,0,0
台湾,2011-12-14,0,0,0,0,0
台湾,2011-12-15,0,0,0,0,0
台湾,2011-12-16,0,0,0,0,0
台湾,2011-12-17,0,0,0,0,0
台湾,2011-12-18,0,0,0,0,0
台湾,2011-12-19,0,0,0,0,0
台湾,2011-12-20,57,0,0,0,0
台湾,2011-12-21,57,0,0,0,0
台湾,2011-12-22,0,0,57,0,0
台湾,2011-12-23,0,0,0,0,0
台湾,2011-12-24,0,0,0,0,0
台湾,2011-12-25,0,0,0,0,0
台湾,2011-12-26,0,0,0,0,0
台湾,2011-12-27,0,0,0,0,0
台湾,2011-12-28,0,0,0,0,0
台湾,2011-12-29,0,0,0,0,0
台湾,2011-12-30,59,0,0,0,0
台湾,2011-12-31,0,0,0,0,0
台湾,2012-01-01,0,0,0,0,0
台湾,2012-01-02,0,0,0,0,0
台湾,2012-01-03,0,0,0,0,0
台湾,2012-01-04,0,0,0,0,0
台湾,2012-01-05,0,0,0,0,0
台湾,2012-01-06,0,0,0,0,0
台湾,2012-01-07,0,0,0,0,0
台湾,2012-01-08,0,0,0,0,0
台湾,2012-01-09,0,0,0,0,0
台湾,2012-01-10,57,0,0,0,0
台湾,2012-01-11,0,0,0,0,0
台湾,2012-01-12,57,0,0,0,0
台湾,2012-01-13,0,0,0,0,0
台湾,2012-01-14,0,0,0,0,0
台湾,2012-01-15,0,0,0,0,0
台湾,2012-01-16,0,0,0,0,0
台湾,2012-01-17,0,0,0,0,0
台湾,2012-01-18,0,0,0,0,0
台湾,2012-01-19,0,0,57,0,0
台湾,2012-01-20,0,0,0,0,0
台湾,2012-01-21,0,0,0,0,0
台湾,2012-01-22,0,0,0,0,0
台湾,2012-01-23,0,0,0,0,0
台湾,2012-01-24,0,0,0,0,0
台湾,2012-01-25,0,0,0,0,0
台湾,2012-01-26,0,0,0,0,0
台湾,2012-01-27,0,0,0,0,0
台湾,2012-01-28,0,0,0,0,0
台湾,2012-01-29,0,0,0,0,0
台湾,2012-01-30,0,0,0,0,0
台湾,2012-01-31,0,0,0,0,0
台湾,2012-02-01,57,0,0,0,0
台湾,2012-02-02,57,0,0,0,0
台湾,2012-02-03,57,0,0,0,0
台湾,2012-02-04,0,0,0,0,0
台湾,2012-02-05,0,0,0,0,0
台湾,2012-02-06,57,0,0,0,0
台湾,2012-02-07,57,0,0,0,0
台湾,2012-02-08,0,0,0,0,0
台湾,2012-02-09,0,0,0,0,0
台湾,2012-02-10,57,0,0,0,0
台湾,2012-02-11,0,0,0,0,0
台湾,2012-02-12,0,0,0,0,0
台湾,2012-02-13,0,0,0,0,0
台湾,2012-02-14,57,0,0,0,0
台湾,2012-02-15,0,0,0,0,0
台湾,2012-02-16,57,0,0,0,0
台湾,2012-02-17,57,0,0,0,0
台湾,2012-02-18,0,0,0,0,0
台湾,2012-02-19,57,0,0,0,0
台湾,2012-02-20,57,0,0,0,0
台湾,2012-02-21,57,0,0,0,0
台湾,2012-02-22,0,0,0,0,0
台湾,2012-02-23,57,0,0,0,0
台湾,2012-02-24,0,0,0,0,0
台湾,2012-02-25,0,0,0,0,0
台湾,2012-02-26,0,0,0,0,0
台湾,2012-02-27,0,0,0,0,0
台湾,2012-02-28,0,0,0,0,0
台湾,2012-02-29,0,0,0,0,0
台湾,2012-03-01,0,0,0,0,0
台湾,2012-03-02,0,0,0,0,0
台湾,2012-03-03,57,0,0,0,0
台湾,2012-03-04,0,0,0,0,0
台湾,2012-03-05,57,0,0,0,0
台湾,2012-03-06,59,0,0,0,0
台湾,2012-03-07,0,0,0,0,0
台湾,2012-03-08,57,0,0,0,0
台湾,2012-03-09,0,0,0,0,0
台湾,2012-03-10,0,0,0,0,0
台湾,2012-03-11,57,0,0,0,0
台湾,2012-03-12,57,0,0,0,0
台湾,2012-03-13,59,0,0,0,0
台湾,2012-03-14,57,0,0,0,0
台湾,2012-03-15,0,0,0,0,0
台湾,2012-03-16,0,0,0,0,0
台湾,2012-03-17,0,0,0,0,0
台湾,2012-03-18,57,0,0,0,0
台湾,2012-03-19,57,0,0,0,0
台湾,2012-03-20,0,0,0,0,0
台湾,2012-03-21,0,0,0,0,0
台湾,2012-03-22,0,0,0,0,0
台湾,2012-03-23,0,0,0,0,0
台湾,2012-03-24,0,0,0,0,0
台湾,2012-03-25,0,0,0,0,0
台湾,2012-03-26,61,0,0,0,0
台湾,2012-03-27,0,0,0,0,0
台湾,2012-03-28,63,0,0,0,0
台湾,2012-03-29,0,0,0,0,0
台湾,2012-03-30,0,0,0,0,0
台湾,2012-03-31,0,0,0,0,0
台湾,2012-04-01,0,0,0,0,0
台湾,2012-04-02,57,0,0,0,0
台湾,2012-04-03,57,0,0,0,0
台湾,2012-04-04,0,0,0,0,0
台湾,2012-04-05,57,0,0,0,0
台湾,2012-04-06,0,0,0,0,0
台湾,2012-04-07,57,0,0,0,0
台湾,2012-04-08,0,0,0,0,0
台湾,2012-04-09,0,0,0,0,0
台湾,2012-04-10,0,0,0,0,0
台湾,2012-04-11,57,0,0,0,0
台湾,2012-04-12,0,0,0,0,0
台湾,2012-04-13,0,0,0,0,0
台湾,2012-04-14,0,0,0,0,0
台湾,2012-04-15,57,0,0,0,0
台湾,2012-04-16,0,0,0,0,0
台湾,2012-04-17,57,0,0,0,0
台湾,2012-04-18,59,0,0,0,0
台湾,2012-04-19,57,0,0,0,0
台湾,2012-04-20,0,0,0,0,0
台湾,2012-04-21,57,0,0,0,0
台湾,2012-04-22,57,0,0,0,0
台湾,2012-04-23,57,0,0,0,0
台湾,2012-04-24,59,0,0,0,0
台湾,2012-04-25,59,0,0,0,0
台湾,2012-04-26,57,0,0,0,0
台湾,2012-04-27,59,0,0,0,0
台湾,2012-04-28,0,0,0,0,0
台湾,2012-04-29,59,0,0,0,0
台湾,2012-04-30,0,0,0,0,0
台湾,2012-05-01,59,0,0,0,0
台湾,2012-05-02,59,0,0,0,0
台湾,2012-05-03,61,0,0,0,0
台湾,2012-05-04,0,0,0,0,0
台湾,2012-05-05,0,0,0,0,0
台湾,2012-05-06,0,0,57,0,0
台湾,2012-05-07,0,0,0,0,0
台湾,2012-05-08,0,0,0,0,0
台湾,2012-05-09,61,0,0,0,0
台湾,2012-05-10,59,0,0,0,0
台湾,2012-05-11,57,0,0,0,0
台湾,2012-05-12,0,0,0,0,0
台湾,2012-05-13,0,0,0,0,0
台湾,2012-05-14,0,0,0,0,0
台湾,2012-05-15,59,0,0,0,0
台湾,2012-05-16,0,0,0,0,0
台湾,2012-05-17,0,0,0,0,0
台湾,2012-05-18,0,0,0,0,0
台湾,2012-05-19,0,0,0,0,0
台湾,2012-05-20,0,0,0,0,0
台湾,2012-05-21,59,0,0,0,0
台湾,2012-05-22,0,0,0,0,0
台湾,2012-05-23,0,0,0,0,0
台湾,2012-05-24,0,0,0,0,0
台湾,2012-05-25,57,0,0,0,0
台湾,2012-05-26,0,0,0,0,0
台湾,2012-05-27,0,0,0,0,0
台湾,2012-05-28,0,0,0,0,0
台湾,2012-05-29,0,0,0,0,0
台湾,2012-05-30,0,0,0,0,0
台湾,2012-05-31,0,0,0,0,0
台湾,2012-06-01,59,0,0,0,0
台湾,2012-06-02,0,0,0,0,0
台湾,2012-06-03,0,0,0,0,0
台湾,2012-06-04,0,0,0,0,0
台湾,2012-06-05,57,0,0,0,0
台湾,2012-06-06,0,0,0,0,0
台湾,2012-06-07,57,0,0,0,0
台湾,2012-06-08,61,0,0,0,0
台湾,2012-06-09,0,0,0,0,0
台湾,2012-06-10,0,0,0,0,0
台湾,2012-06-11,0,0,0,0,0
台湾,2012-06-12,57,0,0,0,0
台湾,2012-06-13,0,0,0,0,0
台湾,2012-06-14,0,0,0,0,0
台湾,2012-06-15,0,0,0,0,0
台湾,2012-06-16,0,0,0,0,0
台湾,2012-06-17,0,0,0,0,0
台湾,2012-06-18,0,0,0,0,0
台湾,2012-06-19,0,0,0,0,0
台湾,2012-06-20,57,0,0,0,0
台湾,2012-06-21,59,0,0,0,0
台湾,2012-06-22,57,0,0,0,0
台湾,2012-06-23,0,0,0,0,0
台湾,2012-06-24,0,0,0,0,0
台湾,2012-06-25,57,0,0,0,0
台湾,2012-06-26,0,0,0,0,0
台湾,2012-06-27,0,0,0,0,0
台湾,2012-06-28,59,0,0,0,0
台湾,2012-06-29,0,0,0,0,0
台湾,2012-06-30,0,0,0,0,0
台湾,2012-07-01,0,0,0,0,0
台湾,2012-07-02,0,0,0,0,0
台湾,2012-07-03,0,0,0,0,0
台湾,2012-07-04,0,0,0,0,0
台湾,2012-07-05,57,0,0,0,0
台湾,2012-07-06,0,0,0,0,0
台湾,2012-07-07,0,0,0,0,0
台湾,2012-07-08,57,0,0,0,0
台湾,2012-07-09,57,0,0,0,0
台湾,2012-07-10,0,0,0,0,0
台湾,2012-07-11,0,0,0,0,0
台湾,2012-07-12,0,0,0,0,0
台湾,2012-07-13,0,0,0,0,0
台湾,2012-07-14,0,0,0,0,0
台湾,2012-07-15,0,0,0,0,0
台湾,2012-07-16,57,0,0,0,0
台湾,2012-07-17,0,0,0,0,0
台湾,2012-07-18,57,0,0,0,0
台湾,2012-07-19,0,0,0,0,0
台湾,2012-07-20,57,0,0,0,0
台湾,2012-07-21,0,0,0,0,0
台湾,2012-07-22,0,0,0,0,0
台湾,2012-07-23,57,0,0,0,0
台湾,2012-07-24,57,0,0,0,0
台湾,2012-07-25,0,0,0,0,0
台湾,2012-07-26,0,0,0,0,0
台湾,2012-07-27,0,0,0,0,0
台湾,2012-07-28,0,0,0,0,0
台湾,2012-07-29,0,0,0,0,0
台湾,2012-07-30,0,0,0,0,0
台湾,2012-07-31,57,0,0,0,0
台湾,2012-08-01,0,0,0,0,0
台湾,2012-08-02,57,0,0,0,0
台湾,2012-08-03,0,0,0,0,0
台湾,2012-08-04,0,0,0,0,0
台湾,2012-08-05,0,0,0,0,0
台湾,2012-08-06,0,0,0,0,0
台湾,2012-08-07,57,0,0,0,0
台湾,2012-08-08,0,0,0,0,0
台湾,2012-08-09,0,0,0,0,0
台湾,2012-08-10,0,0,0,0,0
台湾,2012-08-11,0,0,0,0,0
台湾,2012-08-12,0,0,0,0,0
台湾,2012-08-13,57,0,0,0,0
台湾,2012-08-14,0,0,0,0,0
台湾,2012-08-15,0,0,0,0,0
台湾,2012-08-16,0,0,0,0,0
台湾,2012-08-17,0,0,0,0,0
台湾,2012-08-18,0,0,0,0,0
台湾,2012-08-19,0,0,0,0,0
台湾,2012-08-20,0,0,0,0,0
台湾,2012-08-21,0,0,0,0,0
台湾,2012-08-22,0,0,0,0,0
台湾,2012-08-23,0,0,0,0,0
台湾,2012-08-24,0,0,0,0,0
台湾,2012-08-25,0,0,0,0,0
台湾,2012-08-26,0,0,0,0,0
台湾,2012-08-27,57,0,0,0,0
台湾,2012-08-28,0,0,0,0,0
台湾,2012-08-29,0,0,0,0,0
台湾,2012-08-30,0,0,0,0,0
台湾,2012-08-31,0,0,0,0,0
台湾,2012-09-01,0,0,0,0,0
台湾,2012-09-02,0,0,0,0,0
台湾,2012-09-03,0,0,0,0,0
台湾,2012-09-04,0,0,0,0,0
台湾,2012-09-05,0,0,0,0,0
台湾,2012-09-06,0,0,0,0,0
台湾,2012-09-07,57,0,0,0,0
台湾,2012-09-08,0,0,0,0,0
台湾,2012-09-09,0,0,0,0,0
台湾,2012-09-10,0,0,0,0,0
台湾,2012-09-11,57,0,0,0,0
台湾,2012-09-12,59,0,0,0,0
台湾,2012-09-13,0,0,0,0,0
台湾,2012-09-14,0,0,0,0,0
台湾,2012-09-15,0,0,0,0,0
台湾,2012-09-16,0,0,0,0,0
台湾,2012-09-17,59,0,0,0,0
台湾,2012-09-18,57,0,0,0,0
台湾,2012-09-19,0,0,0,0,0
台湾,2012-09-20,0,0,0,0,0
台湾,2012-09-21,57,0,0,0,0
台湾,2012-09-22,0,0,0,0,0
台湾,2012-09-23,0,0,0,0,0
台湾,2012-09-24,0,0,0,0,0
台湾,2012-09-25,0,0,0,0,0
台湾,2012-09-26,57,0,0,0,0
台湾,2012-09-27,0,0,0,0,0
台湾,2012-09-28,0,0,0,0,0
台湾,2012-09-29,0,0,0,0,0
台湾,2012-09-30,0,0,0,0,0
台湾,2012-10-01,0,0,0,0,0
台湾,2012-10-02,0,0,0,0,0
台湾,2012-10-03,57,0,0,0,0
台湾,2012-10-04,0,0,0,0,0
台湾,2012-10-05,0,0,0,0,0
台湾,2012-10-06,0,0,0,0,0
台湾,2012-10-07,0,0,0,0,0
台湾,2012-10-08,0,0,0,0,0
台湾,2012-10-09,57,0,0,0,0
台湾,2012-10-10,0,0,0,0,0
台湾,2012-10-11,59,0,0,0,0
台湾,2012-10-12,0,0,0,0,0
台湾,2012-10-13,0,0,0,0,0
台湾,2012-10-14,57,0,0,0,0
台湾,2012-10-15,64,0,0,0,0
台湾,2012-10-16,0,0,0,0,0
台湾,2012-10-17,64,0,0,0,0
台湾,2012-10-18,0,0,0,0,0
台湾,2012-10-19,0,0,0,0,0
台湾,2012-10-20,57,0,0,0,0
台湾,2012-10-21,0,0,0,0,0
台湾,2012-10-22,61,0,0,0,0
台湾,2012-10-23,61,0,0,0,0
台湾,2012-10-24,0,0,0,0,0
台湾,2012-10-25,57,0,0,0,0
台湾,2012-10-26,0,0,0,0,0
台湾,2012-10-27,0,0,0,0,0
台湾,2012-10-28,0,0,0,0,0
台湾,2012-10-29,57,0,0,0,0
台湾,2012-10-30,57,0,0,0,0
台湾,2012-10-31,57,0,0,0,0
台湾,2012-11-01,57,0,0,0,0
台湾,2012-11-02,0,0,0,0,0
台湾,2012-11-03,0,0,0,0,0
台湾,2012-11-04,0,0,0,0,0
台湾,2012-11-05,57,0,0,0,0
台湾,2012-11-06,57,0,0,0,0
台湾,2012-11-07,57,0,0,0,0
台湾,2012-11-08,57,0,0,0,0
台湾,2012-11-09,0,0,0,0,0
台湾,2012-11-10,0,0,0,0,0
台湾,2012-11-11,57,0,0,0,0
台湾,2012-11-12,0,0,0,0,0
台湾,2012-11-13,0,0,0,0,0
台湾,2012-11-14,57,0,0,0,0
台湾,2012-11-15,0,0,0,0,0
台湾,2012-11-16,0,0,0,0,0
台湾,2012-11-17,0,0,0,0,0
台湾,2012-11-18,0,0,0,0,0
台湾,2012-11-19,0,0,0,0,0
台湾,2012-11-20,59,0,0,0,0
台湾,2012-11-21,0,0,0,0,0
台湾,2012-11-22,57,0,0,0,0
台湾,2012-11-23,0,0,0,0,0
台湾,2012-11-24,0,0,0,0,0
台湾,2012-11-25,57,0,0,0,0
台湾,2012-11-26,0,0,0,0,0
台湾,2012-11-27,0,0,0,0,0
台湾,2012-11-28,0,0,0,0,0
台湾,2012-11-29,57,0,0,0,0
台湾,2012-11-30,0,0,0,0,0
台湾,2012-12-01,57,0,0,0,0
台湾,2012-12-02,0,0,0,0,0
台湾,2012-12-03,57,0,0,0,0
台湾,2012-12-04,59,0,0,0,0
台湾,2012-12-05,59,0,0,0,0
台湾,2012-12-06,0,0,0,0,0
台湾,2012-12-07,0,0,0,0,0
台湾,2012-12-08,0,0,0,0,0
台湾,2012-12-09,0,0,0,0,0
台湾,2012-12-10,57,0,0,0,0
台湾,2012-12-11,0,0,0,0,0
台湾,2012-12-12,0,0,0,0,0
台湾,2012-12-13,0,0,0,0,0
台湾,2012-12-14,0,0,0,0,0
台湾,2012-12-15,0,0,0,0,0
台湾,2012-12-16,0,0,0,0,0
台湾,2012-12-17,0,0,0,0,0
台湾,2012-12-18,59,0,0,0,0
台湾,2012-12-19,0,0,0,0,0
台湾,2012-12-20,0,0,0,0,0
台湾,2012-12-21,0,0,0,0,0
台湾,2012-12-22,0,0,0,0,0
台湾,2012-12-23,0,0,0,0,0
台湾,2012-12-24,0,0,0,0,0
台湾,2012-12-25,0,0,0,0,0
台湾,2012-12-26,0,0,0,0,0
台湾,2012-12-27,0,0,0,0,0
台湾,2012-12-28,59,0,0,0,0
台湾,2012-12-29,0,0,0,0,0
台湾,2012-12-30,0,0,0,0,0
台湾,2012-12-31,0,0,0,0,0
台湾,2013-01-01,0,0,0,0,0
台湾,2013-01-02,57,0,0,0,0
台湾,2013-01-03,0,0,0,0,0
台湾,2013-01-04,0,0,0,0,0
台湾,2013-01-05,57,0,0,0,0
台湾,2013-01-06,0,0,0,0,0
台湾,2013-01-07,0,0,0,0,0
台湾,2013-01-08,61,0,0,0,0
台湾,2013-01-09,57,0,0,0,0
台湾,2013-01-10,57,0,0,0,0
台湾,2013-01-11,0,0,0,0,0
台湾,2013-01-12,0,0,0,0,0
台湾,2013-01-13,0,0,0,0,0
台湾,2013-01-14,57,0,0,0,0
台湾,2013-01-15,0,0,0,0,0
台湾,2013-01-16,0,0,0,0,0
台湾,2013-01-17,0,0,0,0,0
台湾,2013-01-18,0,0,0,0,0
台湾,2013-01-19,0,0,0,0,0
台湾,2013-01-20,0,0,0,0,0
台湾,2013-01-21,59,0,0,0,0
台湾,2013-01-22,57,0,0,0,0
台湾,2013-01-23,0,0,0,0,0
台湾,2013-01-24,59,0,0,0,0
台湾,2013-01-25,59,0,0,0,0
台湾,2013-01-26,0,0,0,0,0
台湾,2013-01-27,0,0,0,0,0
台湾,2013-01-28,57,0,0,0,0
台湾,2013-01-29,0,0,0,0,0
台湾,2013-01-30,0,0,0,0,0
台湾,2013-01-31,0,0,0,0,0
台湾,2013-02-01,57,0,0,0,0
台湾,2013-02-02,0,0,0,0,0
台湾,2013-02-03,57,0,0,0,0
台湾,2013-02-04,0,0,0,0,0
台湾,2013-02-05,57,0,0,0,0
台湾,2013-02-06,0,0,0,0,0
台湾,2013-02-07,57,0,0,0,0
台湾,2013-02-08,0,0,0,0,0
台湾,2013-02-09,0,0,0,0,0
台湾,2013-02-10,0,0,0,0,0
台湾,2013-02-11,0,0,0,0,0
台湾,2013-02-12,0,0,0,0,0
台湾,2013-02-13,0,0,0,0,0
台湾,2013-02-14,0,0,0,0,0
台湾,2013-02-15,0,0,0,0,0
台湾,2013-02-16,0,0,0,0,0
台湾,2013-02-17,0,0,0,0,0
台湾,2013-02-18,61,0,0,0,0
台湾,2013-02-19,61,0,0,0,0
台湾,2013-02-20,57,0,0,0,0
台湾,2013-02-21,0,0,0,0,0
台湾,2013-02-22,57,0,0,0,0
台湾,2013-02-23,0,0,0,0,0
台湾,2013-02-24,0,0,0,0,0
台湾,2013-02-25,57,0,0,0,0
台湾,2013-02-26,0,0,0,0,0
台湾,2013-02-27,61,0,0,0,0
台湾,2013-02-28,0,0,0,0,0
台湾,2013-03-01,0,0,0,0,0
台湾,2013-03-02,0,0,0,0,0
台湾,2013-03-03,0,0,0,0,0
台湾,2013-03-04,0,0,0,0,0
台湾,2013-03-05,0,0,0,0,0
台湾,2013-03-06,0,0,0,0,0
台湾,2013-03-07,57,0,0,0,0
台湾,2013-03-08,0,0,0,0,0
台湾,2013-03-09,0,0,0,0,0
台湾,2013-03-10,0,0,0,0,0
台湾,2013-03-11,59,0,0,0,0
台湾,2013-03-12,64,0,0,0,0
台湾,2013-03-13,61,0,0,0,0
台湾,2013-03-14,59,0,0,0,0
台湾,2013-03-15,0,0,0,0,0
台湾,2013-03-16,0,0,0,0,0
台湾,2013-03-17,57,0,0,0,0
台湾,2013-03-18,57,0,0,0,0
台湾,2013-03-19,57,0,0,0,0
台湾,2013-03-20,59,0,0,0,0
台湾,2013-03-21,57,0,0,0,0
台湾,2013-03-22,57,0,0,0,0
台湾,2013-03-23,0,0,0,0,0
台湾,2013-03-24,0,0,0,0,0
台湾,2013-03-25,59,0,0,0,0
台湾,2013-03-26,57,0,0,0,0
台湾,2013-03-27,57,0,0,0,0
台湾,2013-03-28,57,0,0,0,0
台湾,2013-03-29,0,0,0,0,0
台湾,2013-03-30,0,0,0,0,0
台湾,2013-03-31,57,0,0,0,0
台湾,2013-04-01,0,0,0,0,0
台湾,2013-04-02,0,0,0,0,0
台湾,2013-04-03,57,0,0,0,0
台湾,2013-04-04,0,0,0,0,0
台湾,2013-04-05,0,0,0,0,0
台湾,2013-04-06,0,0,0,0,0
台湾,2013-04-07,57,0,0,0,0
台湾,2013-04-08,57,0,0,0,0
台湾,2013-04-09,57,0,0,0,0
台湾,2013-04-10,57,0,0,0,0
台湾,2013-04-11,0,0,0,0,0
台湾,2013-04-12,0,0,0,0,0
台湾,2013-04-13,57,0,0,0,0
台湾,2013-04-14,0,0,0,0,0
台湾,2013-04-15,57,0,0,0,0
台湾,2013-04-16,0,0,0,0,0
台湾,2013-04-17,59,0,0,0,0
台湾,2013-04-18,57,0,0,0,0
台湾,2013-04-19,0,0,0,0,0
台湾,2013-04-20,57,0,0,0,0
台湾,2013-04-21,59,0,0,0,0
台湾,2013-04-22,57,0,57,0,0
台湾,2013-04-23,61,0,0,0,0
台湾,2013-04-24,57,0,0,0,0
台湾,2013-04-25,0,0,0,0,0
台湾,2013-04-26,59,0,0,0,0
台湾,2013-04-27,0,0,0,0,0
台湾,2013-04-28,57,0,0,0,0
台湾,2013-04-29,63,0,0,0,0
台湾,2013-04-30,0,0,0,0,0
台湾,2013-05-01,57,0,0,0,0
台湾,2013-05-02,57,0,0,0,0
台湾,2013-05-03,0,0,0,0,0
台湾,2013-05-04,0,0,0,0,0
台湾,2013-05-05,0,0,0,0,0
台湾,2013-05-06,0,0,0,0,0
台湾,2013-05-07,0,0,0,0,0
台湾,2013-05-08,0,0,0,0,0
台湾,2013-05-09,0,0,0,0,0
台湾,2013-05-10,0,0,0,0,0
台湾,2013-05-11,0,0,0,0,0
台湾,2013-05-12,59,0,0,0,0
台湾,2013-05-13,57,0,0,0,0
台湾,2013-05-14,57,0,0,0,0
台湾,2013-05-15,57,0,0,0,0
台湾,2013-05-16,57,0,0,0,0
台湾,2013-05-17,57,0,0,0,0
台湾,2013-05-18,64,0,0,0,0
台湾,2013-05-19,57,0,0,0,0
台湾,2013-05-20,61,0,0,0,0
台湾,2013-05-21,0,0,0,0,0
台湾,2013-05-22,0,0,0,0,0
台湾,2013-05-23,0,0,0,0,0
台湾,2013-05-24,0,0,0,0,0
台湾,2013-05-25,0,0,0,0,0
台湾,2013-05-26,0,0,0,0,0
台湾,2013-05-27,59,0,0,0,0
台湾,2013-05-28,0,0,0,0,0
台湾,2013-05-29,0,0,0,0,0
台湾,2013-05-30,0,0,0,0,0
台湾,2013-05-31,57,0,0,0,0
台湾,2013-06-01,0,0,0,0,0
台湾,2013-06-02,59,0,0,0,0
台湾,2013-06-03,57,0,0,0,0
台湾,2013-06-04,59,0,0,0,0
台湾,2013-06-05,57,0,0,0,0
台湾,2013-06-06,57,0,0,0,0
台湾,2013-06-07,63,0,0,0,0
台湾,2013-06-08,0,0,0,0,0
台湾,2013-06-09,59,0,0,0,0
台湾,2013-06-10,57,0,0,0,0
台湾,2013-06-11,57,0,57,0,0
台湾,2013-06-12,0,0,0,0,0
台湾,2013-06-13,0,0,0,0,0
台湾,2013-06-14,57,0,0,0,0
台湾,2013-06-15,0,0,0,0,0
台湾,2013-06-16,0,0,0,0,0
台湾,2013-06-17,0,0,0,0,0
台湾,2013-06-18,0,0,0,0,0
台湾,2013-06-19,59,0,0,0,0
台湾,2013-06-20,57,0,0,0,0
台湾,2013-06-21,61,0,0,0,0
台湾,2013-06-22,0,0,0,0,0
台湾,2013-06-23,0,0,0,0,0
台湾,2013-06-24,57,0,0,0,0
台湾,2013-06-25,59,0,0,0,0
台湾,2013-06-26,0,0,0,0,0
台湾,2013-06-27,0,0,0,0,0
台湾,2013-06-28,0,0,0,0,0
台湾,2013-06-29,0,0,0,0,0
台湾,2013-06-30,57,0,0,0,0
台湾,2013-07-01,59,0,0,0,0
台湾,2013-07-02,59,0,0,0,0
台湾,2013-07-03,59,0,0,0,0
台湾,2013-07-04,59,0,0,0,0
台湾,2013-07-05,57,0,0,0,0
台湾,2013-07-06,0,0,0,0,0
台湾,2013-07-07,57,0,0,0,0
台湾,2013-07-08,57,0,0,0,0
台湾,2013-07-09,59,0,0,0,0
台湾,2013-07-10,0,0,0,0,0
台湾,2013-07-11,0,0,0,0,0
台湾,2013-07-12,0,0,0,0,0
台湾,2013-07-13,0,0,0,0,0
台湾,2013-07-14,0,0,0,0,0
台湾,2013-07-15,0,0,0,0,0
台湾,2013-07-16,57,0,0,0,0
台湾,2013-07-17,0,0,0,0,0
台湾,2013-07-18,0,0,0,0,0
台湾,2013-07-19,0,0,0,0,0
台湾,2013-07-20,0,0,0,0,0
台湾,2013-07-21,0,0,0,0,0
台湾,2013-07-22,0,0,0,0,0
台湾,2013-07-23,59,0,0,0,0
台湾,2013-07-24,0,0,0,0,0
台湾,2013-07-25,59,0,0,0,0
台湾,2013-07-26,0,0,0,0,0
台湾,2013-07-27,0,0,0,0,0
台湾,2013-07-28,0,0,0,0,0
台湾,2013-07-29,59,0,0,0,0
台湾,2013-07-30,0,0,0,0,0
台湾,2013-07-31,0,0,0,0,0
台湾,2013-08-01,59,0,0,0,0
台湾,2013-08-02,0,0,0,0,0
台湾,2013-08-03,0,0,0,0,0
台湾,2013-08-04,0,0,0,0,0
台湾,2013-08-05,0,0,0,0,0
台湾,2013-08-06,57,0,0,0,0
台湾,2013-08-07,57,0,0,0,0
台湾,2013-08-08,0,0,0,0,0
台湾,2013-08-09,0,0,0,0,0
台湾,2013-08-10,0,0,0,0,0
台湾,2013-08-11,0,0,0,0,0
台湾,2013-08-12,0,0,0,0,0
台湾,2013-08-13,57,0,0,0,0
台湾,2013-08-14,57,0,0,0,0
台湾,2013-08-15,0,0,0,0,0
台湾,2013-08-16,0,0,57,0,0
台湾,2013-08-17,0,0,0,0,0
台湾,2013-08-18,0,0,0,0,0
台湾,2013-08-19,0,0,0,0,0
台湾,2013-08-20,0,0,0,0,0
台湾,2013-08-21,0,0,0,0,0
台湾,2013-08-22,0,0,0,0,0
台湾,2013-08-23,0,0,0,0,0
台湾,2013-08-24,0,0,0,0,0
台湾,2013-08-25,0,0,0,0,0
台湾,2013-08-26,0,0,0,0,0
台湾,2013-08-27,0,0,0,0,0
台湾,2013-08-28,59,0,0,0,0
台湾,2013-08-29,0,0,0,0,0
台湾,2013-08-30,0,0,0,0,0
台湾,2013-08-31,0,0,0,0,0
台湾,2013-09-01,0,0,0,0,0
台湾,2013-09-02,0,0,0,0,0
台湾,2013-09-03,57,0,0,0,0
台湾,2013-09-04,57,0,0,0,0
台湾,2013-09-05,0,0,0,0,0
台湾,2013-09-06,0,0,0,0,0
台湾,2013-09-07,0,0,0,0,0
台湾,2013-09-08,0,0,0,0,0
台湾,2013-09-09,0,0,0,0,0
台湾,2013-09-10,61,0,0,0,0
台湾,2013-09-11,0,0,0,0,0
台湾,2013-09-12,57,0,0,0,0
台湾,2013-09-13,0,0,0,0,0
台湾,2013-09-14,0,0,0,0,0
台湾,2013-09-15,57,0,0,0,0
台湾,2013-09-16,0,0,59,0,0
台湾,2013-09-17,57,0,0,0,0
台湾,2013-09-18,57,0,0,0,0
台湾,2013-09-19,0,0,0,0,0
台湾,2013-09-20,0,0,0,0,0
台湾,2013-09-21,0,0,0,0,0
台湾,2013-09-22,61,0,0,0,0
台湾,2013-09-23,0,0,0,0,0
台湾,2013-09-24,0,0,0,0,0
台湾,2013-09-25,0,0,0,0,0
台湾,2013-09-26,57,0,0,0,0
台湾,2013-09-27,0,0,0,0,0
台湾,2013-09-28,0,0,0,0,0
台湾,2013-09-29,0,0,0,0,0
台湾,2013-09-30,61,0,0,0,0
台湾,2013-10-01,0,0,0,0,0
台湾,2013-10-02,61,0,0,0,0
台湾,2013-10-03,59,0,0,0,0
台湾,2013-10-04,61,0,0,0,0
台湾,2013-10-05,61,0,0,0,0
台湾,2013-10-06,0,0,0,0,0
台湾,2013-10-07,57,0,0,0,0
台湾,2013-10-08,57,0,0,0,0
台湾,2013-10-09,0,0,0,0,0
台湾,2013-10-10,61,0,0,0,0
台湾,2013-10-11,0,0,0,0,0
台湾,2013-10-12,57,0,0,0,0
台湾,2013-10-13,57,0,0,0,0
台湾,2013-10-14,57,0,0,0,0
台湾,2013-10-15,57,0,0,0,0
台湾,2013-10-16,0,0,0,0,0
台湾,2013-10-17,57,0,0,0,0
台湾,2013-10-18,59,0,0,0,0
台湾,2013-10-19,59,0,0,0,0
台湾,2013-10-20,57,0,0,0,0
台湾,2013-10-21,57,0,0,0,0
台湾,2013-10-22,59,0,0,0,0
台湾,2013-10-23,59,0,0,0,0
台湾,2013-10-24,57,0,0,0,0
台湾,2013-10-25,57,0,0,0,0
台湾,2013-10-26,59,0,0,0,0
台湾,2013-10-27,59,0,0,0,0
台湾,2013-10-28,57,0,0,0,0
台湾,2013-10-29,59,0,0,0,0
台湾,2013-10-30,59,0,0,0,0
台湾,2013-10-31,57,0,0,0,0
台湾,2013-11-01,59,0,0,0,0
台湾,2013-11-02,57,0,0,0,0
台湾,2013-11-03,0,0,0,0,0
台湾,2013-11-04,57,0,0,0,0
台湾,2013-11-05,0,0,0,0,0
台湾,2013-11-06,0,0,57,0,0
台湾,2013-11-07,57,0,0,0,0
台湾,2013-11-08,59,0,0,0,0
台湾,2013-11-09,57,0,0,0,0
台湾,2013-11-10,57,0,0,0,0
台湾,2013-11-11,57,0,0,0,0
台湾,2013-11-12,59,0,0,0,0
台湾,2013-11-13,63,0,0,0,0
台湾,2013-11-14,59,0,0,0,0
台湾,2013-11-15,0,0,0,0,0
台湾,2013-11-16,0,0,0,0,0
台湾,2013-11-17,57,0,0,0,0
台湾,2013-11-18,57,0,0,0,0
台湾,2013-11-19,0,0,0,0,0
台湾,2013-11-20,0,0,0,0,0
台湾,2013-11-21,0,0,0,0,0
台湾,2013-11-22,0,0,0,0,0
台湾,2013-11-23,0,0,0,0,0
台湾,2013-11-24,57,0,0,0,0
台湾,2013-11-25,57,0,0,0,0
台湾,2013-11-26,0,0,0,0,0
台湾,2013-11-27,59,0,0,0,0
台湾,2013-11-28,0,0,0,0,0
台湾,2013-11-29,0,0,0,0,0
台湾,2013-11-30,0,0,0,0,0
台湾,2013-12-01,0,0,0,0,0
台湾,2013-12-02,0,0,0,0,0
台湾,2013-12-03,0,0,0,0,0
台湾,2013-12-04,57,0,0,0,0
台湾,2013-12-05,57,0,0,0,0
台湾,2013-12-06,57,0,0,0,0
台湾,2013-12-07,57,0,0,0,0
台湾,2013-12-08,0,0,0,0,0
台湾,2013-12-09,57,0,0,0,0
台湾,2013-12-10,63,0,0,0,0
台湾,2013-12-11,0,0,0,0,0
台湾,2013-12-12,0,0,0,0,0
台湾,2013-12-13,0,0,0,0,0
台湾,2013-12-14,57,0,0,0,0
台湾,2013-12-15,57,0,0,0,0
台湾,2013-12-16,0,0,0,0,0
台湾,2013-12-17,59,0,0,0,0
台湾,2013-12-18,0,0,0,0,0
台湾,2013-12-19,57,0,0,0,0
台湾,2013-12-20,0,0,0,0,0
台湾,2013-12-21,61,0,0,0,0
台湾,2013-12-22,0,0,0,0,0
台湾,2013-12-23,0,0,0,0,0
台湾,2013-12-24,0,0,0,0,0
台湾,2013-12-25,0,0,0,0,0
台湾,2013-12-26,59,0,0,0,0
台湾,2013-12-27,0,0,0,0,0
台湾,2013-12-28,57,0,0,0,0
台湾,2013-12-29,0,0,0,0,0
台湾,2013-12-30,0,0,0,0,0
台湾,2013-12-31,0,0,0,0,0
台湾,2014-01-01,0,0,0,0,0
台湾,2014-01-02,57,0,0,0,0
台湾,2014-01-03,0,0,0,0,0
台湾,2014-01-04,0,0,0,0,0
台湾,2014-01-05,0,0,0,0,0
台湾,2014-01-06,59,0,0,0,0
台湾,2014-01-07,0,0,0,0,0
台湾,2014-01-08,57,0,0,0,0
台湾,2014-01-09,57,0,0,0,0
台湾,2014-01-10,57,0,0,0,0
台湾,2014-01-11,0,0,0,0,0
台湾,2014-01-12,0,0,0,0,0
台湾,2014-01-13,0,0,0,0,0
台湾,2014-01-14,61,0,0,57,0
台湾,2014-01-15,0,0,0,0,0
台湾,2014-01-16,57,0,0,0,0
台湾,2014-01-17,59,0,0,0,0
台湾,2014-01-18,59,0,0,0,0
台湾,2014-01-19,57,0,0,0,0
台湾,2014-01-20,66,0,0,0,0
台湾,2014-01-21,0,0,0,0,0
台湾,2014-01-22,59,0,0,0,0
台湾,2014-01-23,0,0,0,0,0
台湾,2014-01-24,0,0,0,0,0
台湾,2014-01-25,0,0,0,0,0
台湾,2014-01-26,57,0,0,0,0
台湾,2014-01-27,0,0,0,0,0
台湾,2014-01-28,57,0,0,0,0
台湾,2014-01-29,59,0,0,0,0
台湾,2014-01-30,0,0,0,0,0
台湾,2014-01-31,0,0,0,0,0
台湾,2014-02-01,0,0,0,0,0
台湾,2014-02-02,0,0,0,0,0
台湾,2014-02-03,59,0,0,0,0
台湾,2014-02-04,0,0,0,0,0
台湾,2014-02-05,0,0,0,0,0
台湾,2014-02-06,0,0,0,0,0
台湾,2014-02-07,57,0,0,0,0
台湾,2014-02-08,57,0,0,0,0
台湾,2014-02-09,0,0,0,0,0
台湾,2014-02-10,57,0,0,0,0
台湾,2014-02-11,61,0,0,0,0
台湾,2014-02-12,0,0,0,0,0
台湾,2014-02-13,57,0,0,0,0
台湾,2014-02-14,0,0,0,0,0
台湾,2014-02-15,0,0,0,0,0
台湾,2014-02-16,0,0,0,0,0
台湾,2014-02-17,57,0,0,0,0
台湾,2014-02-18,0,0,0,0,0
台湾,2014-02-19,0,0,0,0,0
台湾,2014-02-20,61,0,0,0,0
台湾,2014-02-21,0,0,0,0,0
台湾,2014-02-22,0,0,0,0,0
台湾,2014-02-23,0,0,0,0,0
台湾,2014-02-24,57,0,0,0,0
台湾,2014-02-25,0,0,0,0,0
台湾,2014-02-26,0,0,0,0,0
台湾,2014-02-27,0,0,0,0,0
台湾,2014-02-28,61,0,0,0,0
台湾,2014-03-01,0,0,0,0,0
台湾,2014-03-02,0,0,0,0,0
台湾,2014-03-03,57,0,0,0,0
台湾,2014-03-04,0,0,0,0,0
台湾,2014-03-05,57,0,0,0,0
台湾,2014-03-06,57,0,0,0,0
台湾,2014-03-07,0,0,0,0,0
台湾,2014-03-08,0,0,0,0,0
台湾,2014-03-09,0,0,0,0,0
台湾,2014-03-10,0,0,0,0,0
台湾,2014-03-11,0,0,0,0,0
台湾,2014-03-12,0,0,0,0,0
台湾,2014-03-13,57,0,0,0,0
台湾,2014-03-14,63,0,0,0,0
台湾,2014-03-15,59,0,0,0,0
台湾,2014-03-16,0,0,0,0,0
台湾,2014-03-17,61,0,0,0,0
台湾,2014-03-18,57,0,0,0,0
台湾,2014-03-19,57,0,0,0,0
台湾,2014-03-20,61,0,0,0,0
台湾,2014-03-21,0,0,0,0,0
台湾,2014-03-22,57,0,0,0,0
台湾,2014-03-23,57,0,0,0,0
台湾,2014-03-24,59,0,0,0,0
台湾,2014-03-25,57,0,0,0,0
台湾,2014-03-26,0,0,0,0,0
台湾,2014-03-27,57,0,0,0,0
台湾,2014-03-28,66,0,0,0,0
台湾,2014-03-29,0,0,0,0,0
台湾,2014-03-30,0,0,0,0,0
台湾,2014-03-31,91,0,0,0,0
台湾,2014-04-01,57,0,0,0,0
台湾,2014-04-02,0,0,0,0,0
台湾,2014-04-03,57,0,0,57,0
台湾,2014-04-04,61,0,0,0,0
台湾,2014-04-05,57,0,0,0,0
台湾,2014-04-06,0,0,0,0,0
台湾,2014-04-07,57,0,0,0,0
台湾,2014-04-08,66,0,57,0,0
台湾,2014-04-09,59,0,0,0,0
台湾,2014-04-10,0,0,0,0,0
台湾,2014-04-11,66,0,0,0,0
台湾,2014-04-12,0,0,0,0,0
台湾,2014-04-13,57,0,0,0,0
台湾,2014-04-14,57,0,0,0,0
台湾,2014-04-15,59,0,0,0,0
台湾,2014-04-16,57,0,0,0,0
台湾,2014-04-17,59,0,0,0,0
台湾,2014-04-18,0,0,0,0,0
台湾,2014-04-19,59,0,0,0,0
台湾,2014-04-20,0,0,0,0,0
台湾,2014-04-21,0,0,0,0,0
台湾,2014-04-22,59,0,0,0,0
台湾,2014-04-23,64,0,0,0,0
台湾,2014-04-24,0,0,0,0,0
台湾,2014-04-25,0,0,0,0,0
台湾,2014-04-26,0,0,0,0,0
台湾,2014-04-27,0,0,0,0,0
台湾,2014-04-28,57,0,0,0,0
台湾,2014-04-29,57,0,0,0,0
台湾,2014-04-30,0,0,0,0,0
台湾,2014-05-01,57,0,0,0,0
台湾,2014-05-02,57,0,0,0,0
台湾,2014-05-03,0,0,0,0,0
台湾,2014-05-04,0,0,57,0,0
台湾,2014-05-05,59,0,0,0,0
台湾,2014-05-06,63,0,0,0,0
台湾,2014-05-07,63,0,0,0,0
台湾,2014-05-08,57,0,0,0,0
台湾,2014-05-09,57,0,0,0,0
台湾,2014-05-10,0,0,0,0,0
台湾,2014-05-11,57,0,0,0,0
台湾,2014-05-12,0,0,0,0,0
台湾,2014-05-13,61,0,0,0,0
台湾,2014-05-14,0,0,0,0,0
台湾,2014-05-15,0,0,0,0,0
台湾,2014-05-16,64,0,0,0,0
台湾,2014-05-17,0,0,0,0,0
台湾,2014-05-18,0,0,0,0,0
台湾,2014-05-19,59,0,0,0,0
台湾,2014-05-20,0,0,0,0,0
台湾,2014-05-21,0,0,0,0,0
台湾,2014-05-22,59,0,0,0,0
台湾,2014-05-23,61,0,0,0,0
台湾,2014-05-24,57,0,0,0,0
台湾,2014-05-25,0,0,0,0,0
台湾,2014-05-26,59,0,0,0,0
台湾,2014-05-27,59,0,0,0,0
台湾,2014-05-28,66,0,0,0,0
台湾,2014-05-29,59,0,0,0,0
台湾,2014-05-30,63,0,57,0,0
台湾,2014-05-31,0,0,0,0,0
台湾,2014-06-01,0,0,0,0,0
台湾,2014-06-02,57,0,0,0,0
台湾,2014-06-03,59,0,0,0,0
台湾,2014-06-04,57,0,0,0,0
台湾,2014-06-05,68,0,0,0,0
台湾,2014-06-06,59,0,0,0,0
台湾,2014-06-07,59,0,0,0,0
台湾,2014-06-08,59,0,0,0,0
台湾,2014-06-09,61,0,0,0,0
台湾,2014-06-10,61,0,0,0,0
台湾,2014-06-11,57,0,0,0,0
台湾,2014-06-12,66,0,0,0,0
台湾,2014-06-13,63,0,0,0,0
台湾,2014-06-14,61,0,0,0,0
台湾,2014-06-15,57,0,0,0,0
台湾,2014-06-16,68,0,0,0,0
台湾,2014-06-17,68,0,0,0,0
台湾,2014-06-18,61,0,0,0,57
台湾,2014-06-19,57,0,0,0,0
台湾,2014-06-20,61,0,0,0,0
台湾,2014-06-21,59,0,0,0,0
台湾,2014-06-22,0,0,0,0,0
台湾,2014-06-23,59,0,0,0,0
台湾,2014-06-24,63,0,0,0,0
台湾,2014-06-25,70,0,0,0,0
台湾,2014-06-26,61,0,0,0,0
台湾,2014-06-27,66,0,0,0,0
台湾,2014-06-28,0,0,0,0,0
台湾,2014-06-29,59,0,0,0,0
台湾,2014-06-30,57,0,0,0,0
台湾,2014-07-01,63,0,0,0,0
台湾,2014-07-02,0,0,0,0,0
台湾,2014-07-03,61,0,0,0,0
台湾,2014-07-04,64,0,0,57,0
台湾,2014-07-05,0,0,0,0,0
台湾,2014-07-06,0,0,0,0,0
台湾,2014-07-07,59,0,0,0,0
台湾,2014-07-08,57,0,0,0,0
台湾,2014-07-09,57,0,0,0,0
台湾,2014-07-10,63,0,0,0,0
台湾,2014-07-11,57,0,0,0,0
台湾,2014-07-12,59,0,0,0,0
台湾,2014-07-13,0,0,0,0,0
台湾,2014-07-14,57,0,0,0,0
台湾,2014-07-15,59,0,0,0,0
台湾,2014-07-16,57,0,0,0,0
台湾,2014-07-17,57,0,0,0,0
台湾,2014-07-18,61,0,0,0,0
台湾,2014-07-19,59,0,0,0,0
台湾,2014-07-20,57,0,0,0,0
台湾,2014-07-21,63,0,0,0,0
台湾,2014-07-22,63,0,0,0,0
台湾,2014-07-23,63,0,57,0,0
台湾,2014-07-24,57,0,0,0,0
台湾,2014-07-25,0,0,0,0,0
台湾,2014-07-26,59,0,0,0,0
台湾,2014-07-27,0,0,0,0,0
台湾,2014-07-28,59,0,0,0,0
台湾,2014-07-29,0,0,0,0,0
台湾,2014-07-30,57,0,0,0,0
台湾,2014-07-31,61,0,0,0,0
台湾,2014-08-01,61,0,0,0,0
台湾,2014-08-02,0,0,0,0,0
台湾,2014-08-03,0,0,0,0,0
台湾,2014-08-04,61,0,0,0,0
台湾,2014-08-05,80,0,0,0,0
台湾,2014-08-06,66,0,57,0,0
台湾,2014-08-07,63,0,0,0,0
台湾,2014-08-08,57,0,0,0,0
台湾,2014-08-09,0,0,0,0,0
台湾,2014-08-10,59,0,0,0,0
台湾,2014-08-11,59,0,0,0,0
台湾,2014-08-12,61,0,0,0,0
台湾,2014-08-13,59,0,0,0,0
台湾,2014-08-14,61,0,0,0,0
台湾,2014-08-15,59,0,57,0,0
台湾,2014-08-16,0,0,0,0,0
台湾,2014-08-17,0,0,0,0,0
台湾,2014-08-18,61,0,0,0,0
台湾,2014-08-19,59,0,0,0,0
台湾,2014-08-20,61,0,0,0,0
台湾,2014-08-21,68,0,0,0,0
台湾,2014-08-22,59,0,0,0,0
台湾,2014-08-23,0,0,0,0,0
台湾,2014-08-24,61,0,0,0,0
台湾,2014-08-25,59,0,0,0,0
台湾,2014-08-26,61,0,57,0,0
台湾,2014-08-27,57,0,0,0,0
台湾,2014-08-28,61,0,0,0,0
台湾,2014-08-29,66,0,0,0,0
台湾,2014-08-30,0,0,0,0,0
台湾,2014-08-31,57,0,0,0,0
台湾,2014-09-01,57,0,0,0,0
台湾,2014-09-02,0,0,0,0,0
台湾,2014-09-03,64,0,0,0,0
台湾,2014-09-04,63,0,57,0,0
台湾,2014-09-05,0,0,0,0,0
台湾,2014-09-06,57,0,0,0,0
台湾,2014-09-07,59,0,0,0,0
台湾,2014-09-08,57,0,0,0,0
台湾,2014-09-09,76,0,0,0,0
台湾,2014-09-10,57,0,0,0,0
台湾,2014-09-11,61,0,0,0,0
台湾,2014-09-12,61,0,0,0,0
台湾,2014-09-13,57,0,0,0,0
台湾,2014-09-14,57,0,0,0,0
台湾,2014-09-15,61,0,0,0,0
台湾,2014-09-16,61,0,0,0,0
台湾,2014-09-17,63,0,0,0,0
台湾,2014-09-18,66,0,0,0,0
台湾,2014-09-19,61,0,57,0,0
台湾,2014-09-20,0,0,0,0,0
台湾,2014-09-21,59,0,0,0,0
台湾,2014-09-22,68,0,0,0,0
台湾,2014-09-23,82,0,0,0,0
台湾,2014-09-24,59,0,0,0,0
台湾,2014-09-25,66,0,0,0,0
台湾,2014-09-26,63,0,57,0,0
台湾,2014-09-27,57,0,0,0,0
台湾,2014-09-28,57,0,0,0,0
台湾,2014-09-29,63,0,0,0,0
台湾,2014-09-30,57,0,0,0,0
台湾,2014-10-01,59,0,0,0,0
台湾,2014-10-02,70,0,0,0,0
台湾,2014-10-03,61,0,0,0,0
台湾,2014-10-04,59,0,0,0,0
台湾,2014-10-05,72,0,0,0,0
台湾,2014-10-06,66,0,0,0,0
台湾,2014-10-07,59,0,0,0,0
台湾,2014-10-08,57,0,0,0,0
台湾,2014-10-09,70,0,0,0,0
台湾,2014-10-10,63,0,0,0,0
台湾,2014-10-11,59,0,0,0,0
台湾,2014-10-12,57,0,0,0,0
台湾,2014-10-13,57,0,0,0,0
台湾,2014-10-14,59,0,0,0,0
台湾,2014-10-15,59,0,0,0,0
台湾,2014-10-16,57,0,0,0,0
台湾,2014-10-17,61,0,0,0,0
台湾,2014-10-18,0,0,0,0,0
台湾,2014-10-19,0,0,0,0,0
台湾,2014-10-20,64,0,0,0,0
台湾,2014-10-21,59,0,0,0,0
台湾,2014-10-22,70,0,0,0,0
台湾,2014-10-23,0,0,59,0,0
台湾,2014-10-24,72,0,0,0,0
台湾,2014-10-25,57,0,0,0,0
台湾,2014-10-26,0,0,0,0,0
台湾,2014-10-27,57,0,0,0,0
台湾,2014-10-28,61,0,0,0,0
台湾,2014-10-29,63,0,0,0,0
台湾,2014-10-30,0,0,0,0,0
台湾,2014-10-31,70,0,0,0,0
台湾,2014-11-01,57,0,0,0,0
台湾,2014-11-02,0,0,0,0,0
台湾,2014-11-03,61,0,0,0,0
台湾,2014-11-04,57,0,0,0,0
台湾,2014-11-05,59,0,0,0,0
台湾,2014-11-06,72,0,0,0,0
台湾,2014-11-07,0,0,0,0,0
台湾,2014-11-08,0,0,0,0,0
台湾,2014-11-09,0,0,0,0,0
台湾,2014-11-10,68,0,0,0,0
台湾,2014-11-11,66,0,0,57,0
台湾,2014-11-12,61,0,57,0,0
台湾,2014-11-13,59,0,0,0,0
台湾,2014-11-14,61,0,0,0,0
台湾,2014-11-15,59,0,0,0,0
台湾,2014-11-16,57,0,0,0,0
台湾,2014-11-17,72,0,0,0,0
台湾,2014-11-18,63,0,0,0,0
台湾,2014-11-19,57,0,0,0,0
台湾,2014-11-20,59,0,0,0,0
台湾,2014-11-21,64,0,57,0,0
台湾,2014-11-22,57,0,0,0,0
台湾,2014-11-23,0,0,0,0,0
台湾,2014-11-24,66,0,0,0,0
台湾,2014-11-25,57,0,0,0,0
台湾,2014-11-26,59,0,0,0,0
台湾,2014-11-27,59,0,0,0,0
台湾,2014-11-28,64,0,0,0,0
台湾,2014-11-29,0,0,0,0,0
台湾,2014-11-30,61,0,0,0,0
台湾,2014-12-01,57,0,0,0,0
台湾,2014-12-02,0,0,0,0,0
台湾,2014-12-03,59,0,0,0,0
台湾,2014-12-04,57,0,0,0,0
台湾,2014-12-05,61,0,0,0,0
台湾,2014-12-06,61,0,0,0,0
台湾,2014-12-07,57,0,0,0,0
台湾,2014-12-08,61,0,0,0,0
台湾,2014-12-09,63,0,0,0,0
台湾,2014-12-10,57,0,0,0,0
台湾,2014-12-11,57,0,0,0,0
台湾,2014-12-12,57,0,0,0,0
台湾,2014-12-13,0,0,0,0,0
台湾,2014-12-14,59,0,0,0,0
台湾,2014-12-15,0,0,0,0,0
台湾,2014-12-16,61,0,0,0,0
台湾,2014-12-17,57,0,0,59,0
台湾,2014-12-18,57,0,0,0,0
台湾,2014-12-19,59,0,0,0,0
台湾,2014-12-20,0,0,0,0,0
台湾,2014-12-21,0,0,0,0,0
台湾,2014-12-22,0,0,0,0,0
台湾,2014-12-23,59,0,0,0,0
台湾,2014-12-24,57,0,0,0,0
台湾,2014-12-25,59,0,0,0,0
台湾,2014-12-26,61,0,0,0,0
台湾,2014-12-27,57,0,0,0,0
台湾,2014-12-28,57,0,0,0,0
台湾,2014-12-29,57,0,57,0,0
台湾,2014-12-30,66,0,0,0,0
台湾,2014-12-31,63,0,0,0,0
台湾,2015-01-01,61,0,0,0,0
台湾,2015-01-02,57,0,57,0,0
台湾,2015-01-03,0,0,0,0,0
台湾,2015-01-04,68,0,0,0,0
台湾,2015-01-05,61,0,0,0,0
台湾,2015-01-06,66,0,0,0,0
台湾,2015-01-07,66,0,0,0,0
台湾,2015-01-08,57,0,0,0,0
台湾,2015-01-09,59,0,0,0,0
台湾,2015-01-10,64,0,0,0,0
台湾,2015-01-11,61,0,0,0,0
台湾,2015-01-12,61,0,0,0,0
台湾,2015-01-13,64,0,0,0,0
台湾,2015-01-14,61,0,57,0,0
台湾,2015-01-15,61,0,0,0,0
台湾,2015-01-16,57,0,0,0,0
台湾,2015-01-17,59,0,0,0,0
台湾,2015-01-18,59,0,0,0,0
台湾,2015-01-19,70,0,0,0,0
台湾,2015-01-20,61,0,0,0,0
台湾,2015-01-21,63,0,0,0,0
台湾,2015-01-22,61,0,0,0,0
台湾,2015-01-23,66,0,0,0,0
台湾,2015-01-24,61,0,0,0,0
台湾,2015-01-25,57,0,0,0,0
台湾,2015-01-26,76,0,0,0,0
台湾,2015-01-27,57,0,0,0,0
台湾,2015-01-28,64,0,0,57,0
台湾,2015-01-29,61,0,0,0,0
台湾,2015-01-30,57,0,0,0,0
台湾,2015-01-31,59,0,0,0,0
台湾,2015-02-01,0,0,0,0,0
台湾,2015-02-02,63,0,0,0,0
台湾,2015-02-03,0,0,0,0,0
台湾,2015-02-04,0,0,0,0,0
台湾,2015-02-05,64,0,0,0,0
台湾,2015-02-06,61,0,0,0,0
台湾,2015-02-07,0,0,0,0,0
台湾,2015-02-08,61,0,0,0,0
台湾,2015-02-09,57,0,0,0,0
台湾,2015-02-10,64,0,0,0,0
台湾,2015-02-11,61,0,0,0,0
台湾,2015-02-12,59,0,0,0,0
台湾,2015-02-13,61,0,0,0,0
台湾,2015-02-14,57,0,57,0,0
台湾,2015-02-15,0,0,0,0,0
台湾,2015-02-16,61,0,0,0,0
台湾,2015-02-17,59,0,0,0,0
台湾,2015-02-18,59,0,0,0,0
台湾,2015-02-19,59,0,0,0,0
台湾,2015-02-20,0,0,0,0,0
台湾,2015-02-21,57,0,0,0,0
台湾,2015-02-22,0,0,0,0,0
台湾,2015-02-23,59,0,0,0,0
台湾,2015-02-24,63,0,0,0,0
台湾,2015-02-25,57,0,0,0,0
台湾,2015-02-26,61,0,0,0,0
台湾,2015-02-27,0,0,0,0,0
台湾,2015-02-28,0,0,0,0,0
台湾,2015-03-01,0,0,0,0,0
台湾,2015-03-02,63,0,0,0,0
台湾,2015-03-03,0,0,0,0,0
台湾,2015-03-04,82,0,0,0,0
台湾,2015-03-05,61,0,0,0,0
台湾,2015-03-06,68,0,0,0,0
台湾,2015-03-07,57,0,0,0,0
台湾,2015-03-08,59,0,0,0,0
台湾,2015-03-09,68,0,0,0,0
台湾,2015-03-10,63,0,0,0,0
台湾,2015-03-11,72,0,0,0,0
台湾,2015-03-12,64,0,0,0,0
台湾,2015-03-13,57,0,0,0,0
台湾,2015-03-14,57,0,0,0,0
台湾,2015-03-15,57,0,0,0,0
台湾,2015-03-16,72,0,0,0,0
台湾,2015-03-17,61,0,0,0,0
台湾,2015-03-18,66,0,0,0,0
台湾,2015-03-19,70,0,0,0,0
台湾,2015-03-20,68,0,0,0,0
台湾,2015-03-21,64,0,0,0,0
台湾,2015-03-22,0,0,0,0,0
台湾,2015-03-23,63,0,0,0,0
台湾,2015-03-24,63,0,0,0,0
台湾,2015-03-25,61,0,57,0,0
台湾,2015-03-26,61,0,0,0,0
台湾,2015-03-27,64,0,0,0,0
台湾,2015-03-28,0,0,0,0,0
台湾,2015-03-29,0,0,0,0,0
台湾,2015-03-30,59,0,0,0,0
台湾,2015-03-31,64,0,0,0,0
台湾,2015-04-01,63,0,0,0,0
台湾,2015-04-02,64,0,0,0,0
台湾,2015-04-03,57,0,0,0,0
台湾,2015-04-04,59,0,0,0,0
台湾,2015-04-05,57,0,0,0,0
台湾,2015-04-06,0,0,0,0,0
台湾,2015-04-07,63,0,0,0,0
台湾,2015-04-08,63,0,0,0,0
台湾,2015-04-09,64,0,0,0,0
台湾,2015-04-10,0,0,0,0,0
台湾,2015-04-11,59,0,0,0,0
台湾,2015-04-12,57,0,0,0,0
台湾,2015-04-13,63,0,0,57,0
台湾,2015-04-14,63,0,0,0,0
台湾,2015-04-15,66,0,0,0,0
台湾,2015-04-16,57,0,0,0,0
台湾,2015-04-17,59,0,0,0,0
台湾,2015-04-18,59,0,0,0,0
台湾,2015-04-19,57,0,0,0,0
台湾,2015-04-20,63,0,0,0,0
台湾,2015-04-21,68,0,0,0,0
台湾,2015-04-22,61,0,0,0,0
台湾,2015-04-23,70,0,0,0,0
台湾,2015-04-24,59,0,0,0,0
台湾,2015-04-25,59,0,0,0,0
台湾,2015-04-26,57,0,0,0,0
台湾,2015-04-27,59,0,0,0,0
台湾,2015-04-28,0,0,0,0,0
台湾,2015-04-29,64,0,0,0,0
台湾,2015-04-30,57,0,0,0,0
台湾,2015-05-01,57,0,0,0,0
台湾,2015-05-02,0,0,0,0,0
台湾,2015-05-03,57,0,0,0,0
台湾,2015-05-04,63,0,0,0,0
台湾,2015-05-05,59,0,0,0,0
台湾,2015-05-06,59,0,0,0,0
台湾,2015-05-07,63,0,0,0,0
台湾,2015-05-08,64,0,0,0,0
台湾,2015-05-09,57,0,0,0,0
台湾,2015-05-10,64,0,0,0,0
台湾,2015-05-11,70,0,0,0,0
台湾,2015-05-12,57,0,0,0,0
台湾,2015-05-13,63,0,0,0,0
台湾,2015-05-14,64,0,0,0,0
台湾,2015-05-15,57,0,0,0,0
台湾,2015-05-16,59,0,0,0,0
台湾,2015-05-17,61,0,0,0,0
台湾,2015-05-18,59,0,0,57,0
台湾,2015-05-19,57,0,0,0,0
台湾,2015-05-20,68,0,0,0,0
台湾,2015-05-21,63,0,0,0,0
台湾,2015-05-22,57,0,0,0,0
台湾,2015-05-23,59,0,0,0,0
台湾,2015-05-24,64,0,0,0,0
台湾,2015-05-25,68,0,0,0,0
台湾,2015-05-26,66,0,0,0,0
台湾,2015-05-27,59,0,0,0,0
台湾,2015-05-28,63,0,0,0,0
台湾,2015-05-29,57,0,0,0,0
台湾,2015-05-30,0,0,0,0,0
台湾,2015-05-31,57,0,0,0,0
台湾,2015-06-01,63,0,0,0,0
台湾,2015-06-02,61,0,0,0,0
台湾,2015-06-03,70,0,0,0,0
台湾,2015-06-04,59,0,0,0,0
台湾,2015-06-05,66,0,0,0,0
台湾,2015-06-06,57,0,0,0,0
台湾,2015-06-07,61,0,0,0,0
台湾,2015-06-08,59,0,0,0,0
台湾,2015-06-09,64,0,0,0,0
台湾,2015-06-10,59,0,0,0,0
台湾,2015-06-11,68,0,0,0,0
台湾,2015-06-12,64,0,0,0,0
台湾,2015-06-13,57,0,0,0,0
台湾,2015-06-14,57,0,0,0,0
台湾,2015-06-15,63,0,0,0,0
台湾,2015-06-16,70,0,0,0,0
台湾,2015-06-17,59,0,0,0,0
台湾,2015-06-18,63,0,0,0,0
台湾,2015-06-19,63,0,0,0,0
台湾,2015-06-20,61,0,0,0,0
台湾,2015-06-21,64,0,0,0,0
台湾,2015-06-22,72,0,0,0,0
台湾,2015-06-23,59,0,0,0,0
台湾,2015-06-24,64,0,0,0,0
台湾,2015-06-25,61,0,0,0,0
台湾,2015-06-26,70,0,0,0,0
台湾,2015-06-27,59,0,0,0,0
台湾,2015-06-28,0,0,0,0,0
台湾,2015-06-29,59,0,0,0,0
台湾,2015-06-30,72,0,0,0,0
台湾,2015-07-01,59,0,0,0,0
台湾,2015-07-02,63,0,0,0,0
台湾,2015-07-03,61,0,0,0,0
台湾,2015-07-04,64,0,0,0,0
台湾,2015-07-05,59,0,0,0,0
台湾,2015-07-06,72,0,0,0,0
台湾,2015-07-07,64,0,0,0,0
台湾,2015-07-08,63,0,0,0,0
台湾,2015-07-09,64,0,57,0,0
台湾,2015-07-10,68,0,0,0,0
台湾,2015-07-11,59,0,0,0,0
台湾,2015-07-12,64,0,0,0,0
台湾,2015-07-13,63,0,0,0,0
台湾,2015-07-14,59,0,0,0,0
台湾,2015-07-15,64,0,0,0,0
台湾,2015-07-16,70,0,0,0,0
台湾,2015-07-17,61,0,0,0,0
台湾,2015-07-18,59,0,0,0,0
台湾,2015-07-19,59,0,0,0,0
台湾,2015-07-20,61,0,0,0,0
台湾,2015-07-21,63,0,0,0,0
台湾,2015-07-22,57,0,0,0,0
台湾,2015-07-23,61,0,0,0,0
台湾,2015-07-24,57,0,0,0,0
台湾,2015-07-25,59,0,0,0,0
台湾,2015-07-26,0,0,0,0,0
台湾,2015-07-27,57,0,0,0,0
台湾,2015-07-28,59,0,0,0,0
台湾,2015-07-29,63,0,0,0,0
台湾,2015-07-30,0,0,0,0,0
台湾,2015-07-31,61,0,0,0,0
台湾,2015-08-01,57,0,0,0,0
台湾,2015-08-02,63,0,0,0,0
台湾,2015-08-03,57,0,0,0,0
台湾,2015-08-04,0,0,0,0,0
台湾,2015-08-05,57,0,0,0,0
台湾,2015-08-06,61,0,0,0,0
台湾,2015-08-07,57,0,0,0,0
台湾,2015-08-08,0,0,0,0,0
台湾,2015-08-09,0,0,0,0,0
台湾,2015-08-10,57,0,0,0,0
台湾,2015-08-11,61,0,0,0,0
台湾,2015-08-12,68,0,0,0,0
台湾,2015-08-13,61,0,0,0,0
台湾,2015-08-14,63,0,0,0,0
台湾,2015-08-15,0,0,0,0,0
台湾,2015-08-16,59,0,0,0,0
台湾,2015-08-17,66,0,0,0,0
台湾,2015-08-18,63,0,0,57,0
台湾,2015-08-19,64,0,0,0,0
台湾,2015-08-20,57,0,0,0,0
台湾,2015-08-21,63,0,0,0,0
台湾,2015-08-22,57,0,0,0,0
台湾,2015-08-23,0,0,0,0,0
台湾,2015-08-24,59,0,0,0,0
台湾,2015-08-25,66,0,0,0,0
台湾,2015-08-26,63,0,0,0,0
台湾,2015-08-27,59,0,0,0,0
台湾,2015-08-28,57,0,0,0,0
台湾,2015-08-29,0,0,0,0,0
台湾,2015-08-30,61,0,57,0,0
台湾,2015-08-31,57,0,0,0,0
台湾,2015-09-01,64,0,0,0,0
台湾,2015-09-02,61,0,0,0,0
台湾,2015-09-03,59,0,0,0,0
台湾,2015-09-04,59,0,0,0,0
台湾,2015-09-05,0,0,0,0,0
台湾,2015-09-06,57,0,0,0,0
台湾,2015-09-07,61,0,0,0,0
台湾,2015-09-08,63,0,0,0,0
台湾,2015-09-09,61,0,0,0,0
台湾,2015-09-10,61,0,0,0,0
台湾,2015-09-11,63,0,0,0,0
台湾,2015-09-12,57,0,0,0,0
台湾,2015-09-13,57,0,0,0,0
台湾,2015-09-14,57,0,0,0,0
台湾,2015-09-15,57,0,0,0,0
台湾,2015-09-16,64,0,0,0,0
台湾,2015-09-17,63,0,0,0,0
台湾,2015-09-18,61,0,0,0,0
台湾,2015-09-19,61,0,0,0,0
台湾,2015-09-20,64,0,0,0,0
台湾,2015-09-21,63,0,0,0,0
台湾,2015-09-22,63,0,0,0,0
台湾,2015-09-23,59,57,0,0,0
台湾,2015-09-24,66,0,0,0,0
台湾,2015-09-25,70,0,0,0,0
台湾,2015-09-26,0,0,0,0,0
台湾,2015-09-27,0,0,0,0,0
台湾,2015-09-28,61,0,0,0,0
台湾,2015-09-29,66,0,0,0,0
台湾,2015-09-30,68,0,0,0,0
台湾,2015-10-01,64,0,0,0,0
台湾,2015-10-02,57,0,0,0,0
台湾,2015-10-03,0,0,0,0,0
台湾,2015-10-04,61,0,0,0,0
台湾,2015-10-05,66,0,0,0,0
台湾,2015-10-06,78,0,0,0,0
台湾,2015-10-07,64,0,0,0,0
台湾,2015-10-08,64,0,0,0,0
台湾,2015-10-09,57,0,0,0,0
台湾,2015-10-10,57,0,0,0,0
台湾,2015-10-11,59,0,0,0,0
台湾,2015-10-12,59,0,0,0,0
台湾,2015-10-13,57,0,0,0,0
台湾,2015-10-14,61,0,0,0,0
台湾,2015-10-15,63,0,0,0,0
台湾,2015-10-16,59,0,57,0,0
台湾,2015-10-17,59,0,0,0,0
台湾,2015-10-18,0,0,0,0,0
台湾,2015-10-19,61,57,0,0,0
台湾,2015-10-20,61,0,0,0,0
台湾,2015-10-21,68,0,0,0,0
台湾,2015-10-22,64,0,0,0,0
台湾,2015-10-23,64,0,0,0,0
台湾,2015-10-24,57,0,0,0,0
台湾,2015-10-25,57,0,0,0,0
台湾,2015-10-26,64,0,0,0,0
台湾,2015-10-27,59,0,0,0,0
台湾,2015-10-28,57,0,0,0,0
台湾,2015-10-29,70,0,0,0,0
台湾,2015-10-30,0,0,0,0,0
台湾,2015-10-31,61,0,0,57,0
台湾,2015-11-01,61,0,0,0,0
台湾,2015-11-02,70,0,61,57,0
台湾,2015-11-03,64,0,0,61,0
台湾,2015-11-04,64,0,0,0,0
台湾,2015-11-05,64,0,0,0,0
台湾,2015-11-06,59,59,0,0,0
台湾,2015-11-07,59,0,0,0,0
台湾,2015-11-08,59,0,0,0,0
台湾,2015-11-09,57,0,0,0,0
台湾,2015-11-10,63,0,57,0,0
台湾,2015-11-11,59,0,0,0,0
台湾,2015-11-12,59,0,0,0,0
台湾,2015-11-13,0,0,0,0,0
台湾,2015-11-14,59,0,0,0,0
台湾,2015-11-15,0,0,0,0,0
台湾,2015-11-16,57,0,0,0,0
台湾,2015-11-17,59,0,0,0,0
台湾,2015-11-18,61,0,0,0,0
台湾,2015-11-19,57,0,0,0,0
台湾,2015-11-20,61,0,0,0,0
台湾,2015-11-21,57,0,0,0,0
台湾,2015-11-22,57,0,0,0,0
台湾,2015-11-23,68,0,0,0,0
台湾,2015-11-24,57,0,0,0,0
台湾,2015-11-25,63,0,0,0,0
台湾,2015-11-26,59,0,0,0,0
台湾,2015-11-27,0,0,0,0,0
台湾,2015-11-28,59,0,0,0,0
台湾,2015-11-29,0,0,0,0,0
台湾,2015-11-30,61,0,0,0,0
台湾,2015-12-01,61,0,0,0,0
台湾,2015-12-02,64,0,0,0,0
台湾,2015-12-03,68,0,0,0,0
台湾,2015-12-04,59,0,57,0,0
台湾,2015-12-05,61,0,0,0,0
台湾,2015-12-06,57,0,0,0,0
台湾,2015-12-07,68,0,0,0,0
台湾,2015-12-08,63,57,0,0,0
台湾,2015-12-09,61,0,0,0,0
台湾,2015-12-10,74,0,0,0,0
台湾,2015-12-11,66,0,0,0,0
台湾,2015-12-12,59,0,0,0,0
台湾,2015-12-13,59,0,0,0,0
台湾,2015-12-14,63,0,0,0,0
台湾,2015-12-15,57,59,0,0,0
台湾,2015-12-16,70,0,0,0,0
台湾,2015-12-17,66,0,0,0,0
台湾,2015-12-18,66,0,0,57,0
台湾,2015-12-19,68,0,0,0,0
台湾,2015-12-20,68,0,0,0,0
台湾,2015-12-21,61,0,0,0,0
台湾,2015-12-22,61,0,0,0,0
台湾,2015-12-23,61,0,0,0,0
台湾,2015-12-24,66,0,0,0,0
台湾,2015-12-25,59,0,0,0,0
台湾,2015-12-26,66,0,0,0,0
台湾,2015-12-27,59,0,0,57,0
台湾,2015-12-28,64,57,0,0,0
台湾,2015-12-29,61,0,0,0,0
台湾,2015-12-30,64,0,0,57,0
台湾,2015-12-31,68,0,0,0,0
台湾,2016-01-01,0,0,0,0,0
台湾,2016-01-02,63,57,0,0,0
台湾,2016-01-03,59,0,0,0,0
台湾,2016-01-04,63,0,0,0,0
台湾,2016-01-05,57,0,0,0,0
台湾,2016-01-06,61,0,57,0,0
台湾,2016-01-07,64,0,0,57,0
台湾,2016-01-08,63,0,0,0,0
台湾,2016-01-09,63,0,0,0,0
台湾,2016-01-10,61,0,0,0,0
台湾,2016-01-11,57,0,0,0,0
台湾,2016-01-12,70,0,0,0,0
台湾,2016-01-13,63,0,0,0,0
台湾,2016-01-14,63,0,0,0,0
台湾,2016-01-15,63,0,0,0,0
台湾,2016-01-16,70,0,0,57,0
台湾,2016-01-17,0,0,0,0,0
台湾,2016-01-18,0,0,0,0,0
台湾,2016-01-19,61,0,0,0,0
台湾,2016-01-20,61,0,0,0,0
台湾,2016-01-21,0,0,0,0,0
台湾,2016-01-22,63,57,0,0,0
台湾,2016-01-23,59,0,0,0,0
台湾,2016-01-24,0,0,0,0,0
台湾,2016-01-25,57,0,0,0,0
台湾,2016-01-26,59,0,0,0,0
台湾,2016-01-27,57,0,0,0,0
台湾,2016-01-28,64,0,0,0,0
台湾,2016-01-29,61,0,0,0,0
台湾,2016-01-30,57,0,0,0,0
台湾,2016-01-31,0,0,0,0,0
台湾,2016-02-01,61,0,0,0,0
台湾,2016-02-02,57,0,0,0,0
台湾,2016-02-03,59,0,0,0,0
台湾,2016-02-04,57,0,0,0,0
台湾,2016-02-05,57,0,0,0,0
台湾,2016-02-06,0,0,0,0,0
台湾,2016-02-07,0,0,0,0,0
台湾,2016-02-08,57,0,0,0,0
台湾,2016-02-09,0,0,0,0,0
台湾,2016-02-10,57,0,0,0,0
台湾,2016-02-11,61,0,0,0,0
台湾,2016-02-12,0,0,0,0,0
台湾,2016-02-13,57,0,0,0,0
台湾,2016-02-14,64,0,0,0,0
台湾,2016-02-15,0,0,0,0,0
台湾,2016-02-16,64,0,0,0,0
台湾,2016-02-17,59,0,0,0,0
台湾,2016-02-18,61,0,0,0,0
台湾,2016-02-19,0,0,0,0,0
台湾,2016-02-20,57,0,0,0,0
台湾,2016-02-21,0,0,0,0,0
台湾,2016-02-22,57,0,57,0,0
台湾,2016-02-23,57,0,0,57,0
台湾,2016-02-24,0,0,0,0,0
台湾,2016-02-25,0,57,0,0,0
台湾,2016-02-26,59,0,0,0,0
台湾,2016-02-27,57,0,0,0,0
台湾,2016-02-28,57,57,0,0,0
台湾,2016-02-29,57,0,0,0,0
台湾,2016-03-01,64,61,0,0,0
台湾,2016-03-02,63,57,0,0,0
台湾,2016-03-03,57,0,0,0,0
台湾,2016-03-04,64,0,0,0,0
台湾,2016-03-05,59,0,0,0,0
台湾,2016-03-06,59,0,57,0,0
台湾,2016-03-07,63,0,0,0,0
台湾,2016-03-08,74,57,0,0,0
台湾,2016-03-09,57,0,0,0,0
台湾,2016-03-10,59,0,0,0,0
台湾,2016-03-11,61,57,0,0,0
台湾,2016-03-12,59,0,0,0,0
台湾,2016-03-13,63,0,0,0,0
台湾,2016-03-14,74,0,57,0,0
台湾,2016-03-15,59,0,0,0,0
台湾,2016-03-16,59,0,0,0,0
台湾,2016-03-17,63,0,0,0,0
台湾,2016-03-18,57,0,0,0,0
台湾,2016-03-19,57,0,0,0,0
台湾,2016-03-20,61,0,0,0,0
台湾,2016-03-21,61,0,0,0,0
台湾,2016-03-22,0,0,0,0,0
台湾,2016-03-23,59,0,0,0,0
台湾,2016-03-24,61,0,0,0,0
台湾,2016-03-25,59,0,0,0,0
台湾,2016-03-26,59,0,0,0,0
台湾,2016-03-27,70,0,0,0,0
台湾,2016-03-28,0,0,0,0,0
台湾,2016-03-29,64,0,0,0,0
台湾,2016-03-30,0,0,0,0,0
台湾,2016-03-31,59,0,0,0,0
台湾,2016-04-01,59,0,0,0,0
台湾,2016-04-02,59,0,0,0,0
台湾,2016-04-03,0,0,0,0,0
台湾,2016-04-04,57,0,0,0,0
台湾,2016-04-05,57,0,0,0,0
台湾,2016-04-06,61,0,0,0,0
台湾,2016-04-07,57,0,0,57,0
台湾,2016-04-08,61,0,0,0,0
台湾,2016-04-09,0,0,0,0,0
台湾,2016-04-10,61,0,0,0,0
台湾,2016-04-11,68,0,0,0,0
台湾,2016-04-12,64,0,0,0,0
台湾,2016-04-13,68,0,0,0,0
台湾,2016-04-14,57,0,0,0,0
台湾,2016-04-15,63,0,0,0,0
台湾,2016-04-16,0,0,0,0,0
台湾,2016-04-17,72,0,0,0,0
台湾,2016-04-18,68,0,0,0,0
台湾,2016-04-19,68,0,0,0,0
台湾,2016-04-20,63,0,0,0,0
台湾,2016-04-21,59,0,0,0,0
台湾,2016-04-22,59,57,0,0,0
台湾,2016-04-23,0,0,0,0,0
台湾,2016-04-24,57,57,0,0,0
台湾,2016-04-25,61,0,0,0,0
台湾,2016-04-26,59,59,0,0,0
台湾,2016-04-27,70,0,57,0,0
台湾,2016-04-28,57,57,0,0,0
台湾,2016-04-29,59,0,0,0,0
台湾,2016-04-30,0,0,0,0,0
台湾,2016-05-01,64,0,0,0,0
台湾,2016-05-02,57,57,0,0,0
台湾,2016-05-03,68,0,0,0,0
台湾,2016-05-04,59,57,0,0,0
台湾,2016-05-05,59,0,0,59,0
台湾,2016-05-06,59,0,0,0,0
台湾,2016-05-07,61,0,0,0,0
台湾,2016-05-08,57,0,59,0,0
台湾,2016-05-09,68,0,0,0,0
台湾,2016-05-10,68,57,0,0,0
台湾,2016-05-11,64,0,0,0,0
台湾,2016-05-12,61,0,0,0,0
台湾,2016-05-13,59,0,0,0,0
台湾,2016-05-14,63,0,0,0,0
台湾,2016-05-15,57,0,0,0,0
台湾,2016-05-16,61,0,0,0,0
台湾,2016-05-17,59,0,0,0,0
台湾,2016-05-18,57,59,0,0,0
台湾,2016-05-19,64,0,0,0,0
台湾,2016-05-20,61,0,0,0,0
台湾,2016-05-21,64,0,0,0,0
台湾,2016-05-22,63,0,0,0,0
台湾,2016-05-23,59,0,0,57,0
台湾,2016-05-24,61,0,0,0,0
台湾,2016-05-25,59,0,0,0,0
台湾,2016-05-26,63,0,0,0,0
台湾,2016-05-27,59,0,0,0,0
台湾,2016-05-28,57,0,0,57,0
台湾,2016-05-29,59,0,0,0,0
台湾,2016-05-30,0,0,0,0,0
台湾,2016-05-31,59,0,0,0,0
台湾,2016-06-01,63,57,0,0,0
台湾,2016-06-02,0,0,0,0,0
台湾,2016-06-03,63,0,0,0,0
台湾,2016-06-04,64,0,0,0,0
台湾,2016-06-05,61,0,0,0,0
台湾,2016-06-06,57,0,0,0,0
台湾,2016-06-07,57,0,0,57,0
台湾,2016-06-08,59,57,0,0,0
台湾,2016-06-09,59,0,0,0,0
台湾,2016-06-10,57,0,0,0,0
台湾,2016-06-11,61,0,0,0,0
台湾,2016-06-12,66,0,0,0,0
台湾,2016-06-13,66,0,0,0,0
台湾,2016-06-14,66,0,0,57,0
台湾,2016-06-15,64,0,0,0,0
台湾,2016-06-16,61,0,0,0,0
台湾,2016-06-17,64,0,0,63,0
台湾,2016-06-18,61,0,0,0,0
台湾,2016-06-19,64,0,0,0,0
台湾,2016-06-20,61,0,0,0,0
台湾,2016-06-21,59,0,0,0,0
台湾,2016-06-22,63,0,0,0,0
台湾,2016-06-23,59,0,0,57,0
台湾,2016-06-24,59,0,0,0,0
台湾,2016-06-25,61,0,0,0,0
台湾,2016-06-26,57,0,0,0,0
台湾,2016-06-27,0,0,0,0,0
台湾,2016-06-28,59,0,57,0,0
台湾,2016-06-29,57,0,57,0,0
台湾,2016-06-30,57,0,0,0,0
台湾,2016-07-01,57,0,0,0,0
台湾,2016-07-02,57,0,0,0,0
台湾,2016-07-03,61,0,0,0,0
台湾,2016-07-04,57,0,0,0,0
台湾,2016-07-05,57,0,0,57,0
台湾,2016-07-06,66,0,0,0,0
台湾,2016-07-07,63,0,0,0,0
台湾,2016-07-08,0,0,0,0,0
台湾,2016-07-09,61,0,0,0,0
台湾,2016-07-10,57,0,0,0,0
台湾,2016-07-11,63,0,0,0,0
台湾,2016-07-12,0,0,0,0,0
台湾,2016-07-13,57,0,0,0,0
台湾,2016-07-14,57,0,0,0,0
台湾,2016-07-15,63,0,0,0,0
台湾,2016-07-16,59,0,0,0,0
台湾,2016-07-17,57,0,0,0,0
台湾,2016-07-18,57,57,0,57,0
台湾,2016-07-19,61,0,0,0,0
台湾,2016-07-20,66,0,0,0,0
台湾,2016-07-21,57,0,0,0,0
台湾,2016-07-22,66,0,0,57,0
台湾,2016-07-23,0,57,0,0,0
台湾,2016-07-24,0,0,0,0,0
台湾,2016-07-25,57,0,0,0,0
台湾,2016-07-26,0,0,0,0,0
台湾,2016-07-27,59,0,0,0,0
台湾,2016-07-28,57,0,0,0,0
台湾,2016-07-29,0,0,0,0,0
台湾,2016-07-30,57,0,0,0,0
台湾,2016-07-31,0,57,0,0,0
台湾,2016-08-01,64,0,0,0,0
台湾,2016-08-02,59,0,0,0,0
台湾,2016-08-03,61,0,0,0,0
台湾,2016-08-04,57,0,0,0,0
台湾,2016-08-05,63,0,0,0,0
台湾,2016-08-06,0,0,0,0,0
台湾,2016-08-07,59,0,0,0,0
台湾,2016-08-08,0,0,0,0,0
台湾,2016-08-09,63,0,0,0,0
台湾,2016-08-10,61,0,0,0,0
台湾,2016-08-11,0,57,0,0,0
台湾,2016-08-12,59,0,0,0,0
台湾,2016-08-13,0,0,0,0,0
台湾,2016-08-14,57,0,0,0,0
台湾,2016-08-15,59,0,0,0,0
台湾,2016-08-16,0,0,0,0,0
台湾,2016-08-17,61,0,57,0,0
台湾,2016-08-18,61,0,0,0,0
台湾,2016-08-19,57,0,0,0,0
台湾,2016-08-20,59,0,0,0,0
台湾,2016-08-21,0,0,0,0,0
台湾,2016-08-22,66,0,0,0,0
台湾,2016-08-23,0,0,0,0,0
台湾,2016-08-24,59,0,0,57,0
台湾,2016-08-25,61,0,0,0,0
台湾,2016-08-26,0,0,0,0,0
台湾,2016-08-27,57,0,0,0,0
台湾,2016-08-28,0,0,0,0,0
台湾,2016-08-29,63,0,0,0,0
台湾,2016-08-30,57,0,0,0,0
台湾,2016-08-31,59,0,0,0,0
台湾,2016-09-01,59,0,0,0,0
台湾,2016-09-02,61,0,0,0,0
台湾,2016-09-03,0,0,0,0,0
台湾,2016-09-04,0,0,0,0,0
台湾,2016-09-05,57,57,0,0,0
台湾,2016-09-06,57,0,0,0,0
台湾,2016-09-07,0,0,0,0,0
台湾,2016-09-08,59,0,0,59,0
台湾,2016-09-09,0,0,0,57,0
台湾,2016-09-10,57,0,0,0,0
台湾,2016-09-11,0,0,0,0,0
台湾,2016-09-12,63,0,0,0,0
台湾,2016-09-13,59,0,0,0,0
台湾,2016-09-14,61,0,0,0,0
台湾,2016-09-15,59,0,0,0,0
台湾,2016-09-16,57,0,0,0,0
台湾,2016-09-17,57,0,0,0,0
台湾,2016-09-18,0,0,0,0,0
台湾,2016-09-19,61,57,0,0,0
台湾,2016-09-20,64,59,0,57,0
台湾,2016-09-21,68,0,0,0,0
台湾,2016-09-22,57,0,0,0,0
台湾,2016-09-23,61,0,57,0,0
台湾,2016-09-24,59,0,0,0,0
台湾,2016-09-25,57,0,0,0,0
台湾,2016-09-26,59,0,0,0,0
台湾,2016-09-27,0,0,0,0,0
台湾,2016-09-28,57,0,0,0,0
台湾,2016-09-29,63,0,0,0,0
台湾,2016-09-30,57,0,0,0,0
台湾,2016-10-01,0,0,0,0,0
台湾,2016-10-02,61,0,0,0,0
台湾,2016-10-03,57,0,0,0,0
台湾,2016-10-04,59,0,0,0,0
台湾,2016-10-05,57,0,0,0,0
台湾,2016-10-06,0,0,0,0,0
台湾,2016-10-07,66,0,0,0,0
台湾,2016-10-08,0,0,0,0,0
台湾,2016-10-09,61,0,57,0,0
台湾,2016-10-10,0,0,0,0,0
台湾,2016-10-11,64,0,0,0,0
台湾,2016-10-12,0,0,0,0,0
台湾,2016-10-13,68,0,0,0,0
台湾,2016-10-14,61,0,0,0,0
台湾,2016-10-15,57,0,0,0,0
台湾,2016-10-16,0,0,0,0,0
台湾,2016-10-17,0,0,0,0,0
台湾,2016-10-18,63,0,0,0,0
台湾,2016-10-19,59,0,57,0,0
台湾,2016-10-20,66,0,0,0,0
台湾,2016-10-21,66,0,0,0,0
台湾,2016-10-22,57,0,0,0,0
台湾,2016-10-23,59,0,0,0,0
台湾,2016-10-24,63,0,0,0,0
台湾,2016-10-25,63,0,0,57,0
台湾,2016-10-26,57,0,0,0,0
台湾,2016-10-27,59,0,0,0,0
台湾,2016-10-28,57,0,0,0,0
台湾,2016-10-29,59,0,0,0,0
台湾,2016-10-30,61,0,0,0,0
台湾,2016-10-31,61,0,0,0,0
台湾,2016-11-01,63,57,0,0,0
台湾,2016-11-02,61,59,0,0,0
台湾,2016-11-03,59,0,0,0,0
台湾,2016-11-04,59,0,0,0,0
台湾,2016-11-05,66,0,0,0,0
台湾,2016-11-06,68,0,0,0,0
台湾,2016-11-07,59,0,0,0,0
台湾,2016-11-08,0,57,0,0,0
台湾,2016-11-09,0,57,0,0,0
台湾,2016-11-10,64,0,0,0,0
台湾,2016-11-11,0,0,0,0,0
台湾,2016-11-12,0,0,0,0,0
台湾,2016-11-13,57,0,0,0,0
台湾,2016-11-14,63,0,0,0,0
台湾,2016-11-15,61,0,0,0,0
台湾,2016-11-16,59,59,0,0,0
台湾,2016-11-17,64,0,0,0,0
台湾,2016-11-18,59,0,0,0,0
台湾,2016-11-19,61,0,0,0,0
台湾,2016-11-20,57,0,0,0,0
台湾,2016-11-21,70,0,0,0,0
台湾,2016-11-22,59,0,0,0,0
台湾,2016-11-23,61,57,0,0,0
台湾,2016-11-24,64,0,0,0,0
台湾,2016-11-25,61,0,0,0,0
台湾,2016-11-26,57,0,0,0,0
台湾,2016-11-27,61,0,0,0,0
台湾,2016-11-28,61,0,0,0,0
台湾,2016-11-29,63,0,57,57,0
台湾,2016-11-30,57,0,57,57,0
台湾,2016-12-01,64,0,0,0,0
台湾,2016-12-02,59,0,0,0,0
台湾,2016-12-03,57,0,0,0,0
台湾,2016-12-04,61,0,0,0,0
台湾,2016-12-05,57,0,0,0,0
台湾,2016-12-06,59,0,0,0,0
台湾,2016-12-07,61,0,0,0,0
台湾,2016-12-08,59,0,0,0,0
台湾,2016-12-09,59,59,0,0,0
台湾,2016-12-10,59,0,0,0,0
台湾,2016-12-11,57,0,0,0,0
台湾,2016-12-12,63,0,0,0,0
台湾,2016-12-13,64,0,0,0,0
台湾,2016-12-14,59,0,0,0,0
台湾,2016-12-15,61,0,57,0,0
台湾,2016-12-16,59,0,0,0,0
台湾,2016-12-17,0,0,0,0,0
台湾,2016-12-18,59,0,0,0,0
台湾,2016-12-19,64,0,0,0,0
台湾,2016-12-20,61,0,0,0,0
台湾,2016-12-21,61,0,0,0,0
台湾,2016-12-22,0,0,0,0,0
台湾,2016-12-23,61,0,0,0,0
台湾,2016-12-24,59,0,0,0,0
台湾,2016-12-25,59,0,0,0,0
台湾,2016-12-26,68,0,0,0,0
台湾,2016-12-27,57,0,0,0,0
台湾,2016-12-28,57,0,0,0,0
台湾,2016-12-29,59,0,0,0,0
台湾,2016-12-30,68,0,0,0,0
台湾,2016-12-31,0,0,0,0,0
台湾,2017-01-01,59,0,0,0,0
台湾,2017-01-02,57,0,0,0,0
台湾,2017-01-03,70,0,0,0,0
台湾,2017-01-04,61,57,57,0,0
台湾,2017-01-05,57,0,0,57,0
台湾,2017-01-06,64,0,0,0,0
台湾,2017-01-07,61,0,0,0,0
台湾,2017-01-08,59,0,0,0,0
台湾,2017-01-09,0,0,0,0,0
台湾,2017-01-10,59,0,0,0,0
台湾,2017-01-11,66,0,0,0,0
台湾,2017-01-12,63,0,0,0,0
台湾,2017-01-13,57,0,0,0,0
台湾,2017-01-14,57,0,0,0,0
台湾,2017-01-15,0,0,0,0,0
台湾,2017-01-16,57,0,0,0,0
台湾,2017-01-17,59,0,0,0,0
台湾,2017-01-18,0,0,0,0,0
台湾,2017-01-19,0,0,0,0,0
台湾,2017-01-20,0,0,0,0,0
台湾,2017-01-21,57,0,0,0,0
台湾,2017-01-22,0,0,0,0,0
台湾,2017-01-23,64,0,0,0,0
台湾,2017-01-24,57,0,0,0,59
台湾,2017-01-25,0,0,0,0,0
台湾,2017-01-26,0,0,0,0,0
台湾,2017-01-27,0,0,0,0,0
台湾,2017-01-28,57,0,0,0,0
台湾,2017-01-29,0,0,0,0,0
台湾,2017-01-30,57,0,0,0,0
台湾,2017-01-31,0,0,0,0,0
台湾,2017-02-01,0,0,0,0,0
台湾,2017-02-02,59,0,0,0,0
台湾,2017-02-03,0,0,0,0,0
台湾,2017-02-04,63,0,0,0,0
台湾,2017-02-05,0,0,0,0,0
台湾,2017-02-06,0,59,0,0,0
台湾,2017-02-07,57,0,0,0,0
台湾,2017-02-08,59,59,0,0,0
台湾,2017-02-09,0,0,0,0,0
台湾,2017-02-10,0,0,0,0,0
台湾,2017-02-11,0,0,0,0,0
台湾,2017-02-12,57,0,0,0,0
台湾,2017-02-13,0,0,0,0,0
台湾,2017-02-14,61,0,57,0,0
台湾,2017-02-15,57,0,0,0,0
台湾,2017-02-16,63,0,0,0,0
台湾,2017-02-17,59,0,0,0,0
台湾,2017-02-18,0,0,0,0,0
台湾,2017-02-19,61,0,0,0,0
台湾,2017-02-20,59,0,0,0,0
台湾,2017-02-21,61,0,0,61,0
台湾,2017-02-22,63,57,0,0,0
台湾,2017-02-23,61,0,0,0,0
台湾,2017-02-24,59,0,0,0,0
台湾,2017-02-25,57,0,0,0,0
台湾,2017-02-26,57,0,0,0,0
台湾,2017-02-27,57,0,0,0,0
台湾,2017-02-28,61,0,0,0,0
台湾,2017-03-01,61,0,0,0,0
台湾,2017-03-02,64,0,0,0,0
台湾,2017-03-03,57,0,0,0,0
台湾,2017-03-04,0,0,0,0,0
台湾,2017-03-05,57,0,0,0,0
台湾,2017-03-06,63,0,0,0,0
台湾,2017-03-07,59,0,0,0,0
台湾,2017-03-08,0,0,0,0,0
台湾,2017-03-09,0,0,0,0,0
台湾,2017-03-10,0,0,0,0,0
台湾,2017-03-11,57,0,0,0,0
台湾,2017-03-12,61,57,0,0,0
台湾,2017-03-13,59,57,0,0,0
台湾,2017-03-14,61,0,0,0,0
台湾,2017-03-15,57,0,57,0,0
台湾,2017-03-16,63,0,0,0,0
台湾,2017-03-17,0,0,0,0,0
台湾,2017-03-18,59,0,0,0,0
台湾,2017-03-19,59,0,0,0,0
台湾,2017-03-20,57,0,57,0,0
台湾,2017-03-21,59,0,0,0,0
台湾,2017-03-22,0,0,0,0,0
台湾,2017-03-23,59,0,0,0,0
台湾,2017-03-24,63,0,0,0,0
台湾,2017-03-25,57,0,0,0,0
台湾,2017-03-26,57,0,0,0,0
台湾,2017-03-27,59,0,0,0,0
台湾,2017-03-28,0,0,0,0,0
台湾,2017-03-29,0,0,0,0,0
台湾,2017-03-30,57,0,0,0,0
台湾,2017-03-31,63,0,0,0,0
台湾,2017-04-01,0,0,0,0,0
台湾,2017-04-02,0,0,0,0,0
台湾,2017-04-03,0,0,0,0,0
台湾,2017-04-04,57,0,0,0,0
台湾,2017-04-05,59,0,57,0,0
台湾,2017-04-06,61,0,0,0,0
台湾,2017-04-07,57,0,0,61,0
台湾,2017-04-08,0,0,0,0,0
台湾,2017-04-09,57,0,0,0,0
台湾,2017-04-10,57,0,0,0,0
台湾,2017-04-11,0,0,0,0,0
台湾,2017-04-12,66,0,0,0,0
台湾,2017-04-13,82,0,0,0,0
台湾,2017-04-14,57,0,0,0,0
台湾,2017-04-15,57,0,0,0,0
台湾,2017-04-16,59,0,0,0,0
台湾,2017-04-17,72,0,0,0,0
台湾,2017-04-18,0,0,0,0,0
台湾,2017-04-19,63,0,0,0,0
台湾,2017-04-20,61,57,0,57,0
台湾,2017-04-21,61,0,57,0,0
台湾,2017-04-22,0,0,0,57,0
台湾,2017-04-23,57,0,0,0,0
台湾,2017-04-24,57,0,57,0,0
台湾,2017-04-25,61,0,0,0,0
台湾,2017-04-26,63,0,0,0,0
台湾,2017-04-27,63,0,0,0,0
台湾,2017-04-28,57,0,0,0,0
台湾,2017-04-29,57,0,0,0,0
台湾,2017-04-30,57,0,57,0,0
台湾,2017-05-01,63,0,0,0,0
台湾,2017-05-02,59,0,57,0,0
台湾,2017-05-03,64,0,0,57,0
台湾,2017-05-04,59,0,0,0,0
台湾,2017-05-05,64,0,0,0,0
台湾,2017-05-06,57,0,0,0,0
台湾,2017-05-07,57,0,0,0,0
台湾,2017-05-08,61,0,57,57,0
台湾,2017-05-09,57,0,0,0,0
台湾,2017-05-10,61,0,0,0,0
台湾,2017-05-11,61,0,0,0,0
台湾,2017-05-12,0,0,0,0,0
台湾,2017-05-13,57,0,0,0,0
台湾,2017-05-14,57,0,0,0,0
台湾,2017-05-15,59,0,0,0,0
台湾,2017-05-16,61,0,0,0,0
台湾,2017-05-17,59,0,0,0,0
台湾,2017-05-18,59,0,0,0,0
台湾,2017-05-19,63,0,0,0,0
台湾,2017-05-20,57,0,0,0,0
台湾,2017-05-21,57,0,0,0,0
台湾,2017-05-22,57,0,0,0,0
台湾,2017-05-23,63,0,0,0,0
台湾,2017-05-24,66,0,57,0,0
台湾,2017-05-25,64,0,0,0,0
台湾,2017-05-26,0,0,0,0,0
台湾,2017-05-27,61,0,0,0,0
台湾,2017-05-28,0,0,0,0,0
台湾,2017-05-29,0,0,0,0,0
台湾,2017-05-30,59,0,0,0,0
台湾,2017-05-31,57,0,0,0,0
台湾,2017-06-01,59,0,0,57,0
台湾,2017-06-02,59,0,0,0,0
台湾,2017-06-03,0,0,0,0,0
台湾,2017-06-04,63,57,0,0,0
台湾,2017-06-05,61,0,0,0,0
台湾,2017-06-06,63,0,0,0,0
台湾,2017-06-07,63,57,0,57,0
台湾,2017-06-08,63,0,0,0,0
台湾,2017-06-09,57,0,0,0,0
台湾,2017-06-10,61,0,0,0,0
台湾,2017-06-11,57,0,0,0,0
台湾,2017-06-12,0,0,0,0,0
台湾,2017-06-13,57,0,0,0,0
台湾,2017-06-14,57,0,0,0,0
台湾,2017-06-15,63,0,0,0,0
台湾,2017-06-16,59,0,0,0,0
台湾,2017-06-17,0,0,0,0,0
台湾,2017-06-18,0,0,0,0,0
台湾,2017-06-19,64,0,0,57,0
台湾,2017-06-20,63,0,0,0,0
台湾,2017-06-21,57,0,0,0,0
台湾,2017-06-22,59,0,0,0,0
台湾,2017-06-23,59,0,57,0,0
台湾,2017-06-24,57,0,0,0,0
台湾,2017-06-25,57,0,0,0,0
台湾,2017-06-26,63,0,0,0,0
台湾,2017-06-27,61,0,0,0,0
台湾,2017-06-28,59,0,0,0,0
台湾,2017-06-29,61,0,0,0,0
台湾,2017-06-30,59,0,0,0,0
台湾,2017-07-01,114,0,0,0,0
台湾,2017-07-02,0,0,0,0,0
台湾,2017-07-03,57,0,0,0,0
台湾,2017-07-04,59,0,0,0,0
台湾,2017-07-05,114,0,0,0,0
台湾,2017-07-06,68,0,0,0,0
台湾,2017-07-07,57,0,0,0,0
台湾,2017-07-08,0,0,0,0,0
台湾,2017-07-09,57,0,0,0,0
台湾,2017-07-10,63,0,57,0,0
台湾,2017-07-11,59,0,0,0,0
台湾,2017-07-12,61,0,0,0,0
台湾,2017-07-13,0,0,0,0,0
台湾,2017-07-14,64,0,0,0,0
台湾,2017-07-15,0,0,0,0,0
台湾,2017-07-16,57,0,0,0,0
台湾,2017-07-17,61,0,0,0,0
台湾,2017-07-18,64,0,0,0,0
台湾,2017-07-19,57,0,0,0,0
台湾,2017-07-20,57,0,0,0,0
台湾,2017-07-21,63,0,0,0,0
台湾,2017-07-22,0,0,0,0,0
台湾,2017-07-23,0,0,0,0,0
台湾,2017-07-24,124,0,0,57,0
台湾,2017-07-25,57,0,0,0,0
台湾,2017-07-26,64,0,0,0,0
台湾,2017-07-27,118,0,0,0,0
台湾,2017-07-28,61,0,0,0,0
台湾,2017-07-29,57,0,0,0,0
台湾,2017-07-30,59,0,0,0,0
台湾,2017-07-31,57,0,0,0,0
台湾,2017-08-01,120,0,0,0,0
台湾,2017-08-02,57,0,0,0,0
台湾,2017-08-03,59,0,0,57,0
台湾,2017-08-04,0,0,57,0,0
台湾,2017-08-05,57,0,0,57,0
台湾,2017-08-06,59,0,0,0,0
台湾,2017-08-07,61,0,0,0,0
台湾,2017-08-08,57,0,0,57,0
台湾,2017-08-09,61,0,0,0,0
台湾,2017-08-10,116,0,0,0,0
台湾,2017-08-11,0,0,0,0,0
台湾,2017-08-12,57,0,0,0,0
台湾,2017-08-13,57,0,0,0,0
台湾,2017-08-14,59,0,0,0,0
台湾,2017-08-15,59,0,0,0,0
台湾,2017-08-16,120,0,0,0,0
台湾,2017-08-17,114,57,0,0,0
台湾,2017-08-18,61,0,0,0,0
台湾,2017-08-19,0,0,0,0,0
台湾,2017-08-20,114,57,0,0,0
台湾,2017-08-21,57,0,0,0,0
台湾,2017-08-22,57,0,0,57,0
台湾,2017-08-23,0,0,0,0,0
台湾,2017-08-24,63,0,0,0,0
台湾,2017-08-25,0,0,0,0,0
台湾,2017-08-26,59,0,0,0,0
台湾,2017-08-27,57,0,0,0,0
台湾,2017-08-28,57,0,0,0,0
台湾,2017-08-29,61,0,0,0,0
台湾,2017-08-30,59,0,0,0,0
台湾,2017-08-31,61,0,0,0,0
台湾,2017-09-01,63,0,57,0,0
台湾,2017-09-02,0,0,0,0,0
台湾,2017-09-03,57,0,0,0,0
台湾,2017-09-04,57,0,0,0,0
台湾,2017-09-05,57,0,0,0,0
台湾,2017-09-06,57,0,0,0,0
台湾,2017-09-07,61,0,0,0,0
台湾,2017-09-08,0,0,0,0,0
台湾,2017-09-09,116,0,0,0,0
台湾,2017-09-10,57,0,0,0,0
台湾,2017-09-11,63,0,0,0,0
台湾,2017-09-12,124,0,0,0,0
台湾,2017-09-13,121,57,57,0,0
台湾,2017-09-14,61,0,0,0,0
台湾,2017-09-15,70,57,0,0,0
台湾,2017-09-16,121,0,0,0,0
台湾,2017-09-17,0,0,0,0,0
台湾,2017-09-18,114,0,0,0,0
台湾,2017-09-19,57,0,0,0,0
台湾,2017-09-20,120,0,0,0,0
台湾,2017-09-21,124,0,0,0,0
台湾,2017-09-22,114,0,0,0,0
台湾,2017-09-23,57,0,0,0,0
台湾,2017-09-24,63,0,0,0,0
台湾,2017-09-25,120,0,0,0,0
台湾,2017-09-26,118,0,0,0,0
台湾,2017-09-27,129,0,0,0,0
台湾,2017-09-28,61,0,61,0,0
台湾,2017-09-29,64,0,0,0,0
台湾,2017-09-30,124,0,0,0,0
台湾,2017-10-01,114,0,0,0,0
台湾,2017-10-02,66,0,57,0,0
台湾,2017-10-03,59,0,0,0,0
台湾,2017-10-04,0,0,57,0,0
台湾,2017-10-05,131,0,0,0,0
台湾,2017-10-06,114,0,0,0,0
台湾,2017-10-07,57,0,0,0,0
台湾,2017-10-08,114,0,0,0,0
台湾,2017-10-09,64,0,0,0,0
台湾,2017-10-10,118,0,0,0,0
台湾,2017-10-11,125,0,0,0,0
台湾,2017-10-12,64,0,0,0,0
台湾,2017-10-13,59,0,0,57,0
台湾,2017-10-14,57,0,0,0,0
台湾,2017-10-15,123,0,57,0,0
台湾,2017-10-16,60,0,0,0,0
台湾,2017-10-17,127,0,0,0,0
台湾,2017-10-18,121,0,0,0,0
台湾,2017-10-19,114,0,0,0,0
台湾,2017-10-20,117,0,0,0,0
台湾,2017-10-21,57,0,0,0,0
台湾,2017-10-22,146,0,0,57,0
台湾,2017-10-23,116,0,0,0,0
台湾,2017-10-24,66,0,0,0,0
台湾,2017-10-25,57,0,0,0,0
台湾,2017-10-26,114,0,0,0,0
台湾,2017-10-27,57,0,0,0,0
台湾,2017-10-28,114,0,0,57,0
台湾,2017-10-29,116,0,0,0,0
台湾,2017-10-30,129,0,0,0,0
台湾,2017-10-31,118,0,0,0,0
台湾,2017-11-01,118,0,0,0,0
台湾,2017-11-02,118,0,0,0,0
台湾,2017-11-03,120,0,0,0,0
台湾,2017-11-04,0,0,0,0,0
台湾,2017-11-05,57,0,70,0,0
台湾,2017-11-06,122,0,0,0,0
台湾,2017-11-07,114,0,0,0,0
台湾,2017-11-08,120,0,0,0,0
台湾,2017-11-09,64,0,0,0,0
台湾,2017-11-10,59,0,0,0,0
台湾,2017-11-11,57,0,0,0,0
台湾,2017-11-12,57,0,0,0,0
台湾,2017-11-13,128,0,0,0,0
台湾,2017-11-14,132,0,0,0,0
台湾,2017-11-15,125,0,57,0,0
台湾,2017-11-16,57,0,0,0,0
台湾,2017-11-17,114,0,0,0,0
台湾,2017-11-18,116,0,0,0,0
台湾,2017-11-19,0,0,0,0,0
台湾,2017-11-20,57,0,0,0,0
台湾,2017-11-21,119,0,0,0,0
台湾,2017-11-22,118,0,0,0,0
台湾,2017-11-23,122,0,0,0,0
台湾,2017-11-24,57,0,0,0,0
台湾,2017-11-25,0,0,0,0,0
台湾,2017-11-26,57,0,0,0,0
台湾,2017-11-27,133,0,0,0,0
台湾,2017-11-28,119,0,0,0,0
台湾,2017-11-29,68,0,0,0,0
台湾,2017-11-30,124,0,0,0,0
台湾,2017-12-01,57,0,0,0,0
台湾,2017-12-02,63,0,0,0,0
台湾,2017-12-03,117,0,0,0,0
台湾,2017-12-04,118,0,0,0,0
台湾,2017-12-05,119,0,0,0,0
台湾,2017-12-06,119,0,0,0,0
台湾,2017-12-07,59,0,0,0,0
台湾,2017-12-08,61,0,0,0,0
台湾,2017-12-09,59,0,0,0,0
台湾,2017-12-10,114,0,0,0,0
台湾,2017-12-11,66,0,0,0,0
台湾,2017-12-12,61,0,0,0,0
台湾,2017-12-13,57,0,0,0,0
台湾,2017-12-14,128,0,57,0,0
台湾,2017-12-15,57,0,0,0,0
台湾,2017-12-16,59,0,0,0,0
台湾,2017-12-17,63,57,0,0,0
台湾,2017-12-18,57,0,0,0,0
台湾,2017-12-19,59,0,57,0,0
台湾,2017-12-20,64,0,0,0,0
台湾,2017-12-21,118,0,57,0,0
台湾,2017-12-22,0,0,57,57,0
台湾,2017-12-23,114,0,57,0,0
台湾,2017-12-24,61,0,0,0,0
台湾,2017-12-25,0,0,0,0,0
台湾,2017-12-26,63,0,0,57,0
台湾,2017-12-27,127,0,0,0,0
台湾,2017-12-28,119,0,59,57,0
台湾,2017-12-29,57,0,0,0,0
台湾,2017-12-30,0,0,0,0,0
台湾,2017-12-31,57,0,0,0,0
台湾,2018-01-01,59,0,0,0,0
台湾,2018-01-02,121,0,0,0,0
台湾,2018-01-03,120,0,0,0,0
台湾,2018-01-04,141,0,0,0,0
台湾,2018-01-05,70,0,0,0,0
台湾,2018-01-06,120,0,0,0,0
台湾,2018-01-07,63,0,57,0,0
台湾,2018-01-08,68,0,0,0,0
台湾,2018-01-09,125,0,0,0,0
台湾,2018-01-10,114,0,0,0,0
台湾,2018-01-11,0,0,57,0,0
台湾,2018-01-12,70,0,0,0,0
台湾,2018-01-13,57,0,0,0,0
台湾,2018-01-14,59,57,0,0,0
台湾,2018-01-15,119,0,0,0,0
台湾,2018-01-16,59,0,0,0,0
台湾,2018-01-17,59,0,0,0,0
台湾,2018-01-18,61,0,0,0,0
台湾,2018-01-19,59,0,0,0,0
台湾,2018-01-20,57,0,0,0,0
台湾,2018-01-21,0,0,0,0,0
台湾,2018-01-22,70,0,0,0,0
台湾,2018-01-23,85,0,0,0,0
台湾,2018-01-24,63,0,0,0,0
台湾,2018-01-25,57,0,0,0,0
台湾,2018-01-26,116,0,0,0,0
台湾,2018-01-27,57,0,0,0,0
台湾,2018-01-28,57,0,0,0,0
台湾,2018-01-29,63,0,0,0,0
台湾,2018-01-30,59,0,0,0,0
台湾,2018-01-31,83,57,0,0,0
台湾,2018-02-01,68,0,0,0,0
台湾,2018-02-02,57,0,0,0,0
台湾,2018-02-03,0,0,0,0,0
台湾,2018-02-04,0,0,0,0,0
台湾,2018-02-05,63,0,0,0,0
台湾,2018-02-06,57,57,0,0,0
台湾,2018-02-07,0,0,0,0,0
台湾,2018-02-08,0,0,0,0,0
台湾,2018-02-09,0,0,0,0,0
台湾,2018-02-10,0,0,0,0,0
台湾,2018-02-11,57,0,0,0,0
台湾,2018-02-12,59,0,0,0,0
台湾,2018-02-13,59,0,0,0,0
台湾,2018-02-14,114,0,0,0,0
台湾,2018-02-15,57,0,0,0,0
台湾,2018-02-16,0,0,0,0,0
台湾,2018-02-17,114,0,0,0,0
台湾,2018-02-18,61,0,0,0,0
台湾,2018-02-19,0,0,0,0,0
台湾,2018-02-20,0,0,0,0,0
台湾,2018-02-21,117,0,0,0,0
台湾,2018-02-22,120,0,59,0,0
台湾,2018-02-23,61,0,0,0,0
台湾,2018-02-24,61,0,0,0,0
台湾,2018-02-25,115,0,0,0,0
台湾,2018-02-26,114,0,0,0,0
台湾,2018-02-27,120,0,0,0,0
台湾,2018-02-28,0,0,0,0,0
台湾,2018-03-01,119,0,0,0,0
台湾,2018-03-02,61,59,0,0,0
台湾,2018-03-03,57,0,0,0,0
台湾,2018-03-04,57,0,0,0,0
台湾,2018-03-05,124,0,0,0,0
台湾,2018-03-06,57,0,0,0,0
台湾,2018-03-07,63,0,57,0,0
台湾,2018-03-08,121,0,0,0,0
台湾,2018-03-09,114,0,57,0,0
台湾,2018-03-10,117,0,0,0,0
台湾,2018-03-11,57,0,0,0,0
台湾,2018-03-12,59,0,0,0,0
台湾,2018-03-13,117,0,0,0,0
台湾,2018-03-14,59,0,0,0,0
台湾,2018-03-15,57,0,0,0,0
台湾,2018-03-16,59,0,0,0,0
台湾,2018-03-17,59,0,0,0,0
台湾,2018-03-18,59,0,0,0,0
台湾,2018-03-19,116,0,0,0,0
台湾,2018-03-20,59,0,0,0,0
台湾,2018-03-21,59,0,0,0,0
台湾,2018-03-22,121,0,57,0,0
台湾,2018-03-23,57,57,0,0,0
台湾,2018-03-24,0,57,0,0,0
台湾,2018-03-25,63,0,0,0,0
台湾,2018-03-26,119,0,0,0,0
台湾,2018-03-27,119,0,0,0,0
台湾,2018-03-28,117,0,0,57,0
台湾,2018-03-29,116,0,0,0,0
台湾,2018-03-30,61,0,0,0,0
台湾,2018-03-31,57,57,0,0,0
台湾,2018-04-01,63,0,0,0,0
台湾,2018-04-02,59,0,0,0,0
台湾,2018-04-03,0,0,0,0,0
台湾,2018-04-04,57,59,0,0,0
台湾,2018-04-05,57,0,0,0,0
台湾,2018-04-06,63,0,0,0,0
台湾,2018-04-07,57,0,0,0,0
台湾,2018-04-08,59,0,0,0,0
台湾,2018-04-09,118,0,57,0,0
台湾,2018-04-10,57,0,0,0,0
台湾,2018-04-11,61,0,0,0,0
台湾,2018-04-12,120,0,0,0,0
台湾,2018-04-13,119,0,0,0,0
台湾,2018-04-14,0,0,0,0,0
台湾,2018-04-15,57,0,0,0,0
台湾,2018-04-16,121,0,0,0,0
台湾,2018-04-17,57,0,0,0,0
台湾,2018-04-18,57,57,0,0,0
台湾,2018-04-19,59,57,0,0,0
台湾,2018-04-20,135,0,0,0,0
台湾,2018-04-21,59,0,0,0,0
台湾,2018-04-22,115,0,0,0,0
台湾,2018-04-23,117,0,0,0,0
台湾,2018-04-24,119,0,0,0,0
台湾,2018-04-25,57,57,0,0,0
台湾,2018-04-26,115,0,0,0,0
台湾,2018-04-27,59,0,0,0,0
台湾,2018-04-28,118,0,0,57,0
台湾,2018-04-29,120,0,0,59,0
台湾,2018-04-30,57,0,0,0,0
台湾,2018-05-01,59,0,0,0,0
台湾,2018-05-02,63,0,0,0,0
台湾,2018-05-03,116,0,0,0,0
台湾,2018-05-04,57,0,0,0,0
台湾,2018-05-05,59,0,0,0,0
台湾,2018-05-06,0,0,0,0,0
台湾,2018-05-07,117,0,0,0,0
台湾,2018-05-08,57,0,0,0,0
台湾,2018-05-09,57,0,0,0,0
台湾,2018-05-10,63,0,0,0,0
台湾,2018-05-11,57,0,0,0,0
台湾,2018-05-12,59,0,0,0,0
台湾,2018-05-13,0,0,0,0,0
台湾,2018-05-14,63,0,0,0,0
台湾,2018-05-15,61,0,0,0,0
台湾,2018-05-16,117,0,0,0,0
台湾,2018-05-17,63,0,0,0,0
台湾,2018-05-18,59,0,0,0,0
台湾,2018-05-19,57,0,0,0,0
台湾,2018-05-20,59,0,0,0,0
台湾,2018-05-21,59,0,0,0,0
台湾,2018-05-22,120,0,0,0,0
台湾,2018-05-23,61,0,0,0,0
台湾,2018-05-24,61,57,0,0,0
台湾,2018-05-25,61,0,0,0,0
台湾,2018-05-26,0,0,0,0,0
台湾,2018-05-27,57,0,0,0,0
台湾,2018-05-28,61,57,0,0,0
台湾,2018-05-29,119,0,0,0,0
台湾,2018-05-30,114,0,0,0,0
台湾,2018-05-31,59,0,0,0,0
台湾,2018-06-01,121,0,0,0,0
台湾,2018-06-02,57,0,0,0,0
台湾,2018-06-03,57,0,0,0,0
台湾,2018-06-04,57,0,0,0,0
台湾,2018-06-05,63,0,0,0,0
台湾,2018-06-06,117,57,0,0,0
台湾,2018-06-07,119,0,0,0,0
台湾,2018-06-08,124,0,0,0,0
台湾,2018-06-09,60,0,0,0,0
台湾,2018-06-10,0,0,57,0,0
台湾,2018-06-11,59,0,0,0,0
台湾,2018-06-12,64,0,0,57,0
台湾,2018-06-13,64,0,0,0,0
台湾,2018-06-14,57,0,0,0,0
台湾,2018-06-15,0,0,0,0,0
台湾,2018-06-16,0,0,0,0,0
台湾,2018-06-17,0,0,0,0,0
台湾,2018-06-18,57,57,0,57,0
台湾,2018-06-19,61,0,0,0,0
台湾,2018-06-20,57,0,0,0,0
台湾,2018-06-21,68,57,0,0,0
台湾,2018-06-22,57,0,0,0,0
台湾,2018-06-23,57,0,0,0,0
台湾,2018-06-24,0,0,0,0,0
台湾,2018-06-25,63,0,0,0,0
台湾,2018-06-26,117,0,0,0,0
台湾,2018-06-27,114,0,0,0,0
台湾,2018-06-28,0,0,0,59,0
台湾,2018-06-29,57,0,0,0,0
台湾,2018-06-30,0,0,0,0,0
台湾,2018-07-01,0,0,0,0,0
台湾,2018-07-02,59,0,0,0,57
台湾,2018-07-03,0,57,0,0,0
台湾,2018-07-04,57,0,0,0,0
台湾,2018-07-05,57,0,0,0,0
台湾,2018-07-06,0,0,57,0,0
台湾,2018-07-07,0,0,0,0,0
台湾,2018-07-08,0,0,0,0,0
台湾,2018-07-09,59,0,0,0,0
台湾,2018-07-10,0,0,0,0,0
台湾,2018-07-11,59,0,0,0,0
台湾,2018-07-12,0,0,0,0,0
台湾,2018-07-13,61,0,57,0,0
台湾,2018-07-14,59,0,0,0,0
台湾,2018-07-15,0,0,0,0,0
台湾,2018-07-16,59,57,0,0,0
台湾,2018-07-17,57,0,0,0,0
台湾,2018-07-18,61,0,0,0,0
台湾,2018-07-19,57,0,0,0,0
台湾,2018-07-20,57,0,0,0,0
台湾,2018-07-21,0,0,0,0,0
台湾,2018-07-22,0,0,0,0,0
台湾,2018-07-23,0,0,0,0,0
台湾,2018-07-24,57,0,0,0,0
台湾,2018-07-25,114,0,0,0,0
台湾,2018-07-26,0,0,0,0,0
台湾,2018-07-27,0,0,0,0,0
台湾,2018-07-28,0,0,0,0,0
台湾,2018-07-29,57,0,0,0,0
台湾,2018-07-30,59,0,0,0,0
台湾,2018-07-31,115,0,0,0,0
台湾,2018-08-01,57,0,0,0,0
台湾,2018-08-02,57,0,0,0,0
台湾,2018-08-03,57,0,57,0,0
台湾,2018-08-04,57,0,0,0,0
台湾,2018-08-05,0,0,0,0,0
台湾,2018-08-06,0,57,0,0,0
台湾,2018-08-07,57,0,0,0,0
台湾,2018-08-08,59,0,0,0,0
台湾,2018-08-09,0,0,0,0,0
台湾,2018-08-10,57,0,0,0,0
台湾,2018-08-11,57,0,0,0,0
台湾,2018-08-12,0,0,0,0,0
台湾,2018-08-13,0,0,0,0,0
台湾,2018-08-14,59,0,0,0,0
台湾,2018-08-15,57,0,0,0,0
台湾,2018-08-16,57,0,0,0,0
台湾,2018-08-17,57,0,0,0,0
台湾,2018-08-18,57,0,0,0,0
台湾,2018-08-19,57,0,0,0,0
台湾,2018-08-20,0,0,0,0,0
台湾,2018-08-21,114,0,0,0,0
台湾,2018-08-22,0,0,0,0,0
台湾,2018-08-23,0,0,0,0,0
台湾,2018-08-24,64,0,0,0,0
台湾,2018-08-25,0,0,0,0,0
台湾,2018-08-26,0,0,0,0,0
台湾,2018-08-27,61,0,0,0,0
台湾,2018-08-28,57,59,0,0,0
台湾,2018-08-29,0,0,0,0,0
台湾,2018-08-30,0,57,0,0,0
台湾,2018-08-31,0,0,0,0,0
台湾,2018-09-01,57,0,0,0,0
台湾,2018-09-02,57,0,0,0,0
台湾,2018-09-03,59,0,0,0,0
台湾,2018-09-04,57,0,0,0,0
台湾,2018-09-05,0,0,0,0,0
台湾,2018-09-06,119,0,0,0,0
台湾,2018-09-07,0,0,0,0,0
台湾,2018-09-08,57,0,0,0,0
台湾,2018-09-09,57,0,0,0,0
台湾,2018-09-10,116,0,0,0,0
台湾,2018-09-11,117,0,0,0,0
台湾,2018-09-12,0,0,0,0,0
台湾,2018-09-13,57,0,0,0,0
台湾,2018-09-14,57,0,0,0,57
台湾,2018-09-15,0,0,0,0,0
台湾,2018-09-16,57,0,0,0,0
台湾,2018-09-17,140,0,0,0,0
台湾,2018-09-18,57,0,0,0,0
台湾,2018-09-19,57,0,0,0,0
台湾,2018-09-20,117,0,0,0,0
台湾,2018-09-21,125,0,0,0,0
台湾,2018-09-22,0,0,0,0,0
台湾,2018-09-23,0,0,0,0,0
台湾,2018-09-24,57,0,0,0,0
台湾,2018-09-25,59,0,0,0,0
台湾,2018-09-26,57,0,0,0,0
台湾,2018-09-27,0,0,0,0,0
台湾,2018-09-28,57,0,0,0,0
台湾,2018-09-29,0,0,0,0,0
台湾,2018-09-30,57,0,0,0,0
台湾,2018-10-01,57,0,0,0,0
台湾,2018-10-02,60,0,0,0,0
台湾,2018-10-03,59,0,0,0,0
台湾,2018-10-04,115,0,0,0,0
台湾,2018-10-05,58,57,0,0,0
台湾,2018-10-06,57,0,0,0,0
台湾,2018-10-07,61,0,0,0,0
台湾,2018-10-08,72,0,0,0,0
台湾,2018-10-09,59,0,0,0,0
台湾,2018-10-10,114,0,0,0,0
台湾,2018-10-11,115,0,0,0,0
台湾,2018-10-12,59,0,0,0,0
台湾,2018-10-13,0,0,0,0,0
台湾,2018-10-14,61,0,0,0,0
台湾,2018-10-15,0,0,0,0,0
台湾,2018-10-16,61,0,0,0,0
台湾,2018-10-17,0,0,0,0,0
台湾,2018-10-18,58,0,0,0,0
台湾,2018-10-19,114,0,0,57,0
台湾,2018-10-20,0,0,0,0,0
台湾,2018-10-21,0,0,0,0,0
台湾,2018-10-22,63,0,0,0,0
台湾,2018-10-23,57,0,0,0,0
台湾,2018-10-24,119,0,0,0,0
台湾,2018-10-25,0,0,0,0,0
台湾,2018-10-26,58,0,0,0,0
台湾,2018-10-27,114,0,0,0,0
台湾,2018-10-28,0,0,0,0,0
台湾,2018-10-29,59,0,0,0,0
台湾,2018-10-30,0,0,0,0,0
台湾,2018-10-31,116,0,0,0,0
台湾,2018-11-01,118,0,0,0,0
台湾,2018-11-02,115,0,0,0,0
台湾,2018-11-03,0,57,0,0,0
台湾,2018-11-04,117,0,0,0,0
台湾,2018-11-05,116,0,0,0,0
台湾,2018-11-06,120,59,0,0,0
台湾,2018-11-07,59,0,0,0,0
台湾,2018-11-08,114,0,0,57,0
台湾,2018-11-09,57,0,0,0,0
台湾,2018-11-10,0,0,0,0,0
台湾,2018-11-11,0,0,0,0,0
台湾,2018-11-12,0,0,0,0,0
台湾,2018-11-13,0,0,0,0,0
台湾,2018-11-14,0,0,0,0,0
台湾,2018-11-15,57,57,0,0,0
台湾,2018-11-16,0,0,0,0,0
台湾,2018-11-17,57,0,0,0,0
台湾,2018-11-18,0,0,0,0,0
台湾,2018-11-19,116,0,0,0,0
台湾,2018-11-20,114,0,0,0,0
台湾,2018-11-21,57,57,0,0,0
台湾,2018-11-22,0,0,0,0,0
台湾,2018-11-23,57,0,0,0,0
台湾,2018-11-24,57,57,0,0,0
台湾,2018-11-25,0,0,0,0,0
台湾,2018-11-26,122,0,0,0,0
台湾,2018-11-27,57,0,0,0,0
台湾,2018-11-28,0,0,0,0,0
台湾,2018-11-29,61,0,0,0,0
台湾,2018-11-30,57,0,0,0,0
台湾,2018-12-01,0,0,0,0,0
台湾,2018-12-02,59,0,0,0,0
台湾,2018-12-03,57,0,0,0,0
台湾,2018-12-04,61,0,0,0,0
台湾,2018-12-05,57,0,0,0,0
台湾,2018-12-06,57,0,0,0,0
台湾,2018-12-07,120,0,0,0,0
台湾,2018-12-08,57,0,0,0,0
台湾,2018-12-09,57,0,0,0,0
台湾,2018-12-10,117,0,0,0,0
台湾,2018-12-11,114,0,0,0,0
台湾,2018-12-12,57,0,0,0,0
台湾,2018-12-13,0,0,0,0,0
台湾,2018-12-14,63,0,0,0,0
台湾,2018-12-15,57,0,0,0,0
台湾,2018-12-16,61,0,0,0,0
台湾,2018-12-17,61,0,0,0,0
台湾,2018-12-18,116,0,57,0,0
台湾,2018-12-19,61,0,0,0,0
台湾,2018-12-20,59,57,0,0,0
台湾,2018-12-21,119,0,0,0,0
台湾,2018-12-22,114,0,0,0,0
台湾,2018-12-23,59,0,0,0,0
台湾,2018-12-24,117,0,0,0,0
台湾,2018-12-25,57,0,0,0,0
台湾,2018-12-26,124,0,0,0,0
台湾,2018-12-27,59,0,0,0,0
台湾,2018-12-28,63,0,0,0,0
台湾,2018-12-29,114,0,0,0,0
台湾,2018-12-30,0,0,0,0,0
台湾,2018-12-31,0,0,0,0,0
台湾,2019-01-01,57,0,0,0,0
台湾,2019-01-02,61,57,0,0,0
台湾,2019-01-03,57,0,0,0,0
台湾,2019-01-04,0,0,0,57,0
台湾,2019-01-05,0,0,0,0,0
台湾,2019-01-06,57,0,0,0,0
台湾,2019-01-07,0,0,0,0,0
台湾,2019-01-08,0,0,0,0,0
台湾,2019-01-09,57,0,0,0,0
台湾,2019-01-10,57,0,57,0,0
台湾,2019-01-11,0,0,0,0,0
台湾,2019-01-12,0,0,0,0,0
台湾,2019-01-13,59,0,0,0,0
台湾,2019-01-14,57,0,0,0,0
台湾,2019-01-15,0,57,0,0,0
台湾,2019-01-16,0,0,0,0,0
台湾,2019-01-17,57,0,57,0,0
台湾,2019-01-18,0,0,0,0,0
台湾,2019-01-19,0,0,0,57,0
台湾,2019-01-20,0,0,0,0,0
台湾,2019-01-21,61,0,0,0,0
台湾,2019-01-22,0,57,57,0,0
台湾,2019-01-23,0,0,0,0,0
台湾,2019-01-24,0,0,0,0,0
台湾,2019-01-25,0,0,0,0,0
台湾,2019-01-26,0,0,0,0,0
台湾,2019-01-27,0,0,0,0,0
台湾,2019-01-28,57,0,0,0,0
台湾,2019-01-29,0,0,0,0,0
台湾,2019-01-30,0,0,57,0,0
台湾,2019-01-31,0,0,0,0,0
台湾,2019-02-01,0,0,0,0,0
台湾,2019-02-02,0,0,0,0,0
台湾,2019-02-03,0,0,0,0,0
台湾,2019-02-04,0,0,0,0,0
台湾,2019-02-05,0,0,0,0,0
台湾,2019-02-06,57,0,0,0,0
台湾,2019-02-07,0,0,0,0,0
台湾,2019-02-08,0,0,0,0,0
台湾,2019-02-09,0,0,0,0,0
台湾,2019-02-10,57,0,0,0,0
台湾,2019-02-11,0,0,0,0,0
台湾,2019-02-12,57,0,57,0,0
台湾,2019-02-13,0,0,0,0,0
台湾,2019-02-14,57,0,0,0,0
台湾,2019-02-15,57,0,0,0,0
台湾,2019-02-16,57,0,0,0,0
台湾,2019-02-17,0,0,0,0,0
台湾,2019-02-18,0,0,0,0,0
台湾,2019-02-19,0,0,0,0,0
台湾,2019-02-20,57,0,0,0,0
台湾,2019-02-21,57,0,0,0,0
台湾,2019-02-22,59,0,0,0,0
台湾,2019-02-23,0,0,0,0,0
台湾,2019-02-24,57,0,57,0,0
台湾,2019-02-25,0,0,0,57,0
台湾,2019-02-26,0,0,0,0,0
台湾,2019-02-27,57,0,0,0,0
台湾,2019-02-28,0,0,0,0,0
台湾,2019-03-01,57,0,0,0,0
台湾,2019-03-02,61,0,0,0,0
台湾,2019-03-03,63,0,0,0,0
台湾,2019-03-04,114,57,0,0,0
台湾,2019-03-05,61,0,0,0,0
台湾,2019-03-06,0,0,57,0,0
台湾,2019-03-07,57,0,0,0,0
台湾,2019-03-08,59,0,57,0,0
台湾,2019-03-09,0,0,0,0,0
台湾,2019-03-10,57,0,0,0,0
台湾,2019-03-11,57,0,0,57,0
台湾,2019-03-12,57,0,0,0,0
台湾,2019-03-13,57,0,0,0,0
台湾,2019-03-14,116,0,0,0,0
台湾,2019-03-15,59,0,0,0,0
台湾,2019-03-16,57,0,0,0,0
台湾,2019-03-17,61,0,0,0,0
台湾,2019-03-18,119,0,0,0,0
台湾,2019-03-19,121,0,57,0,0
台湾,2019-03-20,58,0,0,0,0
台湾,2019-03-21,122,0,0,57,0
台湾,2019-03-22,120,0,0,0,0
台湾,2019-03-23,0,0,0,0,0
台湾,2019-03-24,0,0,0,0,0
台湾,2019-03-25,121,0,0,0,0
台湾,2019-03-26,59,0,0,0,0
台湾,2019-03-27,59,0,0,0,0
台湾,2019-03-28,57,0,0,0,0
台湾,2019-03-29,57,0,0,0,0
台湾,2019-03-30,59,0,0,0,0
台湾,2019-03-31,0,0,0,0,0
台湾,2019-04-01,0,0,0,0,0
台湾,2019-04-02,64,0,0,0,0
台湾,2019-04-03,114,0,0,0,0
台湾,2019-04-04,0,0,0,0,0
台湾,2019-04-05,0,0,0,0,0
台湾,2019-04-06,0,0,0,0,0
台湾,2019-04-07,57,0,0,0,0
台湾,2019-04-08,57,0,0,0,0
台湾,2019-04-09,61,57,0,0,0
台湾,2019-04-10,114,0,0,0,0
台湾,2019-04-11,59,57,0,0,0
台湾,2019-04-12,0,0,0,0,0
台湾,2019-04-13,0,0,0,0,0
台湾,2019-04-14,0,0,0,0,0
台湾,2019-04-15,59,0,0,0,0
台湾,2019-04-16,57,0,0,0,0
台湾,2019-04-17,116,0,0,0,0
台湾,2019-04-18,0,0,0,0,0
台湾,2019-04-19,57,0,0,0,0
台湾,2019-04-20,57,0,0,0,0
台湾,2019-04-21,57,0,0,0,0
台湾,2019-04-22,114,0,0,0,0
台湾,2019-04-23,57,0,0,0,0
台湾,2019-04-24,114,0,0,0,0
台湾,2019-04-25,64,0,0,57,0
台湾,2019-04-26,0,57,0,0,0
台湾,2019-04-27,0,0,0,0,0
台湾,2019-04-28,0,0,0,0,0
台湾,2019-04-29,57,0,0,0,0
台湾,2019-04-30,0,0,0,0,0
台湾,2019-05-01,0,0,0,0,0
台湾,2019-05-02,57,0,0,0,0
台湾,2019-05-03,0,0,0,0,0
台湾,2019-05-04,0,0,0,0,0
台湾,2019-05-05,0,0,0,0,0
台湾,2019-05-06,0,0,0,0,0
台湾,2019-05-07,0,0,0,0,0
台湾,2019-05-08,57,0,0,0,0
台湾,2019-05-09,58,0,57,0,0
台湾,2019-05-10,116,0,0,0,0
台湾,2019-05-11,0,0,0,0,0
台湾,2019-05-12,0,0,0,0,0
台湾,2019-05-13,59,0,0,0,0
台湾,2019-05-14,0,0,0,0,0
台湾,2019-05-15,57,0,0,0,0
台湾,2019-05-16,57,0,0,0,0
台湾,2019-05-17,61,0,0,0,0
台湾,2019-05-18,57,0,0,0,0
台湾,2019-05-19,0,0,0,0,0
台湾,2019-05-20,57,0,0,0,0
台湾,2019-05-21,58,0,0,0,0
台湾,2019-05-22,59,0,0,0,0
台湾,2019-05-23,0,0,57,0,0
台湾,2019-05-24,0,0,0,0,0
台湾,2019-05-25,60,0,0,0,0
台湾,2019-05-26,57,0,0,0,0
台湾,2019-05-27,57,0,0,0,0
台湾,2019-05-28,0,0,0,0,0
台湾,2019-05-29,57,0,0,0,0
台湾,2019-05-30,0,0,57,0,0
台湾,2019-05-31,59,0,0,0,0
台湾,2019-06-01,0,0,0,0,0
台湾,2019-06-02,57,57,0,0,0
台湾,2019-06-03,59,0,0,0,0
台湾,2019-06-04,57,0,0,0,0
台湾,2019-06-05,116,0,61,0,0
台湾,2019-06-06,0,0,0,0,0
台湾,2019-06-07,114,0,0,0,0
台湾,2019-06-08,0,0,0,0,0
台湾,2019-06-09,57,0,0,0,0
台湾,2019-06-10,0,0,0,0,0
台湾,2019-06-11,57,0,0,0,0
台湾,2019-06-12,0,0,0,0,0
台湾,2019-06-13,0,0,0,0,0
台湾,2019-06-14,114,0,0,0,0
台湾,2019-06-15,114,0,0,0,0
台湾,2019-06-16,57,0,57,0,0
台湾,2019-06-17,0,0,0,0,0
台湾,2019-06-18,121,57,0,0,0
台湾,2019-06-19,59,0,0,0,0
台湾,2019-06-20,0,0,0,0,0
台湾,2019-06-21,114,0,0,0,0
台湾,2019-06-22,0,0,0,0,0
台湾,2019-06-23,57,0,0,0,0
台湾,2019-06-24,57,59,0,0,0
台湾,2019-06-25,61,0,0,0,0
台湾,2019-06-26,57,0,0,0,0
台湾,2019-06-27,59,0,57,0,0
台湾,2019-06-28,0,0,0,0,0
台湾,2019-06-29,0,0,0,0,0
台湾,2019-06-30,0,0,0,0,0
台湾,2019-07-01,0,0,0,0,0
台湾,2019-07-02,59,0,0,0,0
台湾,2019-07-03,0,0,0,0,0
台湾,2019-07-04,0,0,0,0,0
台湾,2019-07-05,0,0,0,0,0
台湾,2019-07-06,57,0,0,0,0
台湾,2019-07-07,58,0,0,0,0
台湾,2019-07-08,0,57,0,0,0
台湾,2019-07-09,57,57,0,0,0
台湾,2019-07-10,118,0,0,0,0
台湾,2019-07-11,0,0,0,0,0
台湾,2019-07-12,0,57,0,0,0
台湾,2019-07-13,59,0,0,0,0
台湾,2019-07-14,57,0,0,0,0
台湾,2019-07-15,61,0,0,0,0
台湾,2019-07-16,57,0,0,0,0
台湾,2019-07-17,0,0,0,0,0
台湾,2019-07-18,57,57,0,0,0
台湾,2019-07-19,0,0,0,0,0
台湾,2019-07-20,0,0,0,0,0
台湾,2019-07-21,0,0,0,0,0
台湾,2019-07-22,0,57,0,0,0
台湾,2019-07-23,61,0,0,0,0
台湾,2019-07-24,117,0,0,0,0
台湾,2019-07-25,0,0,0,0,0
台湾,2019-07-26,57,57,0,57,0
台湾,2019-07-27,57,0,0,0,0
台湾,2019-07-28,0,0,0,0,0
台湾,2019-07-29,59,0,0,0,0
台湾,2019-07-30,0,0,0,0,0
台湾,2019-07-31,57,0,0,0,0
台湾,2019-08-01,0,0,0,0,0
台湾,2019-08-02,0,0,0,0,0
台湾,2019-08-03,0,57,57,0,0
台湾,2019-08-04,0,0,0,0,0
台湾,2019-08-05,116,0,0,0,0
台湾,2019-08-06,59,0,0,0,0
台湾,2019-08-07,59,0,0,0,0
台湾,2019-08-08,0,0,0,0,0
台湾,2019-08-09,57,57,0,0,0
台湾,2019-08-10,57,0,0,0,0
台湾,2019-08-11,0,0,0,0,0
台湾,2019-08-12,0,0,0,0,0
台湾,2019-08-13,117,0,0,0,0
台湾,2019-08-14,114,0,0,0,0
台湾,2019-08-15,57,0,0,0,0
台湾,2019-08-16,0,0,0,0,0
台湾,2019-08-17,0,0,0,0,0
台湾,2019-08-18,59,0,0,0,0
台湾,2019-08-19,61,0,0,0,0
台湾,2019-08-20,59,0,0,0,0
台湾,2019-08-21,115,0,0,0,0
台湾,2019-08-22,0,0,0,0,0
台湾,2019-08-23,0,57,0,0,0
台湾,2019-08-24,0,0,0,0,0
台湾,2019-08-25,0,0,0,0,0
台湾,2019-08-26,57,0,0,0,0
台湾,2019-08-27,115,0,0,0,0
台湾,2019-08-28,0,0,0,0,0
台湾,2019-08-29,0,0,0,0,0
台湾,2019-08-30,0,57,0,0,0
台湾,2019-08-31,0,0,0,0,0
台湾,2019-09-01,0,0,0,0,0
台湾,2019-09-02,0,0,0,0,0
台湾,2019-09-03,57,0,57,0,0
台湾,2019-09-04,57,0,0,0,0
台湾,2019-09-05,0,0,0,0,0
台湾,2019-09-06,0,0,0,0,0
台湾,2019-09-07,0,0,0,0,0
台湾,2019-09-08,0,0,0,0,0
台湾,2019-09-09,115,0,0,0,0
台湾,2019-09-10,57,0,0,0,0
台湾,2019-09-11,57,0,0,0,0
台湾,2019-09-12,0,0,0,0,0
台湾,2019-09-13,0,0,0,0,0
台湾,2019-09-14,0,0,0,0,0
台湾,2019-09-15,0,0,0,0,0
台湾,2019-09-16,119,0,0,0,0
台湾,2019-09-17,58,0,0,0,0
台湾,2019-09-18,57,0,0,0,0
台湾,2019-09-19,60,0,0,0,0
台湾,2019-09-20,114,0,0,0,0
台湾,2019-09-21,57,0,0,0,0
台湾,2019-09-22,0,0,0,57,0
台湾,2019-09-23,118,0,0,0,0
台湾,2019-09-24,0,0,0,0,0
台湾,2019-09-25,0,0,0,0,0
台湾,2019-09-26,0,0,0,0,0
台湾,2019-09-27,57,57,0,0,0
台湾,2019-09-28,0,0,0,0,0
台湾,2019-09-29,63,0,0,0,0
台湾,2019-09-30,57,0,0,0,0
台湾,2019-10-01,0,0,0,57,0
台湾,2019-10-02,118,0,0,0,0
台湾,2019-10-03,58,0,0,0,0
台湾,2019-10-04,0,0,0,0,0
台湾,2019-10-05,58,0,0,0,0
台湾,2019-10-06,0,0,0,0,0
台湾,2019-10-07,0,0,0,0,0
台湾,2019-10-08,57,0,0,57,0
台湾,2019-10-09,114,0,0,0,0
台湾,2019-10-10,57,0,0,0,0
台湾,2019-10-11,0,0,0,57,0
台湾,2019-10-12,114,0,0,0,0
台湾,2019-10-13,57,0,0,0,0
台湾,2019-10-14,57,0,0,0,0
台湾,2019-10-15,61,0,57,0,0
台湾,2019-10-16,115,0,0,0,0
台湾,2019-10-17,61,0,0,0,0
台湾,2019-10-18,57,0,57,0,0
台湾,2019-10-19,0,0,0,0,0
台湾,2019-10-20,0,0,0,0,0
台湾,2019-10-21,0,0,0,0,0
台湾,2019-10-22,116,57,0,0,0
台湾,2019-10-23,115,0,0,0,0
台湾,2019-10-24,57,0,0,0,0
台湾,2019-10-25,58,0,0,0,0
台湾,2019-10-26,0,57,0,0,0
台湾,2019-10-27,0,0,0,0,0
台湾,2019-10-28,57,0,0,0,0
台湾,2019-10-29,0,0,0,0,0
台湾,2019-10-30,114,59,0,0,0
台湾,2019-10-31,57,0,0,0,0
台湾,2019-11-01,59,57,0,0,0
台湾,2019-11-02,0,0,57,0,0
台湾,2019-11-03,57,0,0,0,0
台湾,2019-11-04,0,0,0,0,0
台湾,2019-11-05,57,57,57,0,0
台湾,2019-11-06,57,0,0,0,0
台湾,2019-11-07,59,0,0,0,0
台湾,2019-11-08,0,0,0,0,0
台湾,2019-11-09,57,0,0,0,0
台湾,2019-11-10,0,0,0,0,0
台湾,2019-11-11,0,0,0,0,0
台湾,2019-11-12,58,0,0,0,0
台湾,2019-11-13,114,0,0,0,0
台湾,2019-11-14,57,0,0,0,0
台湾,2019-11-15,115,0,0,0,0
台湾,2019-11-16,0,0,0,0,0
台湾,2019-11-17,57,0,0,0,0
台湾,2019-11-18,57,0,0,0,0
台湾,2019-11-19,57,0,0,0,0
台湾,2019-11-20,59,0,0,0,0
台湾,2019-11-21,0,0,0,0,0
台湾,2019-11-22,114,0,0,0,0
台湾,2019-11-23,0,0,0,0,0
台湾,2019-11-24,57,0,0,0,0
台湾,2019-11-25,116,0,0,0,0
台湾,2019-11-26,59,0,0,0,0
台湾,2019-11-27,57,0,0,0,0
台湾,2019-11-28,116,0,0,0,0
台湾,2019-11-29,0,0,0,0,0
台湾,2019-11-30,57,0,0,0,0
台湾,2019-12-01,57,0,0,57,0
台湾,2019-12-02,114,0,0,0,0
台湾,2019-12-03,0,0,0,0,0
台湾,2019-12-04,116,0,0,0,0
台湾,2019-12-05,57,0,0,0,0
台湾,2019-12-06,61,0,0,0,0
台湾,2019-12-07,0,0,0,0,0
台湾,2019-12-08,57,0,0,0,0
台湾,2019-12-09,117,0,0,0,0
台湾,2019-12-10,0,0,0,0,0
台湾,2019-12-11,0,0,0,0,0
台湾,2019-12-12,61,0,0,0,0
台湾,2019-12-13,0,0,0,0,0
台湾,2019-12-14,0,0,0,0,0
台湾,2019-12-15,57,0,0,0,0
台湾,2019-12-16,57,0,0,0,0
台湾,2019-12-17,57,57,0,0,0
台湾,2019-12-18,59,0,0,57,0
台湾,2019-12-19,57,0,0,0,0
台湾,2019-12-20,0,0,0,0,0
台湾,2019-12-21,0,0,0,0,0
台湾,2019-12-22,0,0,0,0,0
台湾,2019-12-23,57,0,57,0,0
台湾,2019-12-24,0,57,0,0,0
台湾,2019-12-25,0,0,0,0,0
台湾,2019-12-26,116,0,0,0,0
台湾,2019-12-27,59,0,0,0,0
台湾,2019-12-28,0,0,0,0,0
台湾,2019-12-29,57,0,0,0,0
台湾,2019-12-30,61,0,0,0,0
台湾,2019-12-31,0,0,0,0,0
台湾,2020-01-01,0,0,0,0,0
台湾,2020-01-02,57,0,0,0,0
台湾,2020-01-03,0,0,0,0,0
台湾,2020-01-04,0,0,0,0,0
台湾,2020-01-05,57,0,0,0,0
台湾,2020-01-06,0,0,0,0,0
台湾,2020-01-07,0,0,0,0,0
台湾,2020-01-08,58,0,57,0,0
台湾,2020-01-09,0,0,0,0,0
台湾,2020-01-10,0,0,57,0,0
台湾,2020-01-11,0,0,0,0,0
台湾,2020-01-12,0,0,0,0,0
台湾,2020-01-13,0,0,0,0,0
台湾,2020-01-14,57,0,0,0,0
台湾,2020-01-15,0,0,0,0,0
台湾,2020-01-16,59,0,0,0,0
台湾,2020-01-17,0,0,0,0,0
台湾,2020-01-18,0,0,0,57,0
台湾,2020-01-19,0,0,0,0,0
台湾,2020-01-20,57,0,0,0,0
台湾,2020-01-21,0,0,0,0,0
台湾,2020-01-22,0,0,0,0,0
台湾,2020-01-23,0,0,0,0,0
台湾,2020-01-24,0,0,0,0,0
台湾,2020-01-25,0,0,0,0,0
台湾,2020-01-26,0,0,0,0,0
台湾,2020-01-27,0,0,0,0,0
台湾,2020-01-28,0,0,0,0,0
台湾,2020-01-29,57,0,0,0,0
台湾,2020-01-30,0,0,0,0,0
台湾,2020-01-31,0,0,0,0,0
台湾,2020-02-01,0,0,0,0,0
台湾,2020-02-02,57,0,0,0,0
台湾,2020-02-03,0,0,0,0,0
台湾,2020-02-04,0,0,0,0,0
台湾,2020-02-05,0,0,0,0,0
台湾,2020-02-06,57,0,0,0,0
台湾,2020-02-07,0,0,0,0,0
台湾,2020-02-08,0,0,0,0,0
台湾,2020-02-09,0,0,57,0,0
台湾,2020-02-10,0,0,0,0,0
台湾,2020-02-11,0,0,0,0,0
台湾,2020-02-12,0,0,0,0,0
台湾,2020-02-13,0,0,0,0,0
台湾,2020-02-14,114,0,0,0,0
台湾,2020-02-15,0,0,0,0,0
台湾,2020-02-16,0,0,0,0,0
台湾,2020-02-17,0,0,0,0,0
台湾,2020-02-18,0,0,0,0,0
台湾,2020-02-19,0,0,0,0,0
台湾,2020-02-20,0,0,57,0,0
台湾,2020-02-21,114,0,0,0,0
台湾,2020-02-22,0,0,0,0,0
台湾,2020-02-23,57,0,0,0,0
台湾,2020-02-24,59,0,0,0,0
台湾,2020-02-25,0,0,0,0,0
台湾,2020-02-26,0,0,0,0,0
台湾,2020-02-27,0,0,0,0,0
台湾,2020-02-28,57,0,0,0,0
台湾,2020-02-29,0,0,0,0,0
台湾,2020-03-01,0,0,0,0,0
台湾,2020-03-02,57,0,0,0,0
台湾,2020-03-03,0,0,0,0,0
台湾,2020-03-04,57,0,0,0,0
台湾,2020-03-05,61,0,0,0,0
台湾,2020-03-06,57,0,0,0,0
台湾,2020-03-07,0,0,0,0,0
台湾,2020-03-08,0,0,0,0,0
台湾,2020-03-09,57,0,0,0,0
台湾,2020-03-10,0,0,0,0,0
台湾,2020-03-11,0,0,0,0,0
台湾,2020-03-12,0,0,0,0,0
台湾,2020-03-13,0,0,0,0,0
台湾,2020-03-14,59,0,0,0,0
台湾,2020-03-15,0,0,0,0,0
台湾,2020-03-16,0,0,0,0,0
台湾,2020-03-17,57,0,0,0,0
台湾,2020-03-18,57,0,0,0,0
台湾,2020-03-19,0,0,0,0,0
台湾,2020-03-20,0,0,0,0,0
台湾,2020-03-21,0,0,0,0,0
台湾,2020-03-22,57,0,0,0,0
台湾,2020-03-23,57,0,0,0,0
台湾,2020-03-24,57,0,0,0,0
台湾,2020-03-25,59,0,0,0,0
台湾,2020-03-26,0,57,0,0,0
台湾,2020-03-27,0,0,0,0,0
台湾,2020-03-28,0,0,0,0,0
台湾,2020-03-29,57,0,0,0,0
台湾,2020-03-30,59,0,0,0,0
台湾,2020-03-31,0,0,0,0,0
台湾,2020-04-01,0,0,0,0,0
台湾,2020-04-02,0,0,0,0,0
台湾,2020-04-03,0,0,0,0,0
台湾,2020-04-04,0,0,0,0,0
台湾,2020-04-05,0,0,0,0,0
台湾,2020-04-06,57,0,0,0,0
台湾,2020-04-07,0,0,0,0,0
台湾,2020-04-08,0,0,0,0,0
台湾,2020-04-09,0,0,0,0,0
台湾,2020-04-10,0,0,0,0,0
台湾,2020-04-11,0,0,0,0,0
台湾,2020-04-12,0,0,0,0,0
台湾,2020-04-13,0,0,0,0,0
台湾,2020-04-14,57,0,0,0,0
台湾,2020-04-15,57,0,0,0,0
台湾,2020-04-16,61,57,0,0,0
台湾,2020-04-17,0,0,0,0,0
台湾,2020-04-18,0,0,0,0,0
台湾,2020-04-19,0,0,0,0,0
台湾,2020-04-20,0,0,0,0,0
台湾,2020-04-21,57,0,0,0,0
台湾,2020-04-22,57,0,0,0,0
台湾,2020-04-23,0,0,0,0,0
台湾,2020-04-24,0,0,0,0,0
台湾,2020-04-25,0,0,0,0,0
台湾,2020-04-26,0,0,0,0,0
台湾,2020-04-27,59,0,0,0,0
台湾,2020-04-28,59,0,0,0,0
台湾,2020-04-29,0,0,0,0,0
台湾,2020-04-30,0,0,0,0,0
台湾,2020-05-01,0,0,0,0,0
台湾,2020-05-02,0,0,0,0,0
台湾,2020-05-03,0,0,0,0,0
台湾,2020-05-04,0,0,0,0,0
台湾,2020-05-05,57,0,0,0,0
台湾,2020-05-06,0,0,0,0,0
台湾,2020-05-07,0,0,0,0,0
台湾,2020-05-08,116,0,0,0,0
台湾,2020-05-09,0,0,0,0,0
台湾,2020-05-10,0,0,0,0,0
台湾,2020-05-11,57,0,0,0,0
台湾,2020-05-12,57,0,0,0,0
台湾,2020-05-13,57,0,0,0,0
台湾,2020-05-14,0,0,0,0,0
台湾,2020-05-15,0,0,0,0,0
台湾,2020-05-16,57,0,0,0,0
台湾,2020-05-17,57,0,0,0,0
台湾,2020-05-18,57,0,0,0,0
台湾,2020-05-19,59,0,57,0,0
台湾,2020-05-20,57,0,0,0,0
台湾,2020-05-21,0,57,0,0,0
台湾,2020-05-22,57,0,0,0,0
台湾,2020-05-23,57,0,0,0,0
台湾,2020-05-24,57,0,0,0,0
台湾,2020-05-25,0,0,57,0,0
台湾,2020-05-26,0,0,0,0,0
台湾,2020-05-27,57,0,0,0,0
台湾,2020-05-28,0,0,57,0,0
台湾,2020-05-29,0,0,0,0,0
台湾,2020-05-30,0,0,0,0,0
台湾,2020-05-31,0,0,0,0,0
台湾,2020-06-01,0,0,0,0,0
台湾,2020-06-02,0,0,0,0,0
台湾,2020-06-03,0,57,0,0,0
台湾,2020-06-04,0,0,0,0,0
台湾,2020-06-05,61,0,0,57,0
台湾,2020-06-06,0,0,0,57,0
台湾,2020-06-07,0,0,0,0,0
台湾,2020-06-08,0,0,0,0,0
台湾,2020-06-09,0,0,0,0,0
台湾,2020-06-10,57,0,0,0,0
台湾,2020-06-11,0,0,0,0,0
台湾,2020-06-12,0,0,0,0,0
台湾,2020-06-13,0,0,57,0,0
台湾,2020-06-14,0,0,0,0,0
台湾,2020-06-15,0,0,0,0,0
台湾,2020-06-16,0,0,0,0,0
台湾,2020-06-17,57,0,0,0,0
台湾,2020-06-18,0,0,0,0,0
台湾,2020-06-19,0,0,0,57,0
台湾,2020-06-20,57,0,0,0,0
台湾,2020-06-21,0,0,0,0,0
台湾,2020-06-22,0,0,0,0,0
台湾,2020-06-23,57,0,0,0,0
台湾,2020-06-24,0,0,0,0,0
台湾,2020-06-25,59,0,0,0,0
台湾,2020-06-26,0,0,0,0,0
台湾,2020-06-27,0,0,0,0,0
台湾,2020-06-28,57,0,0,0,0
台湾,2020-06-29,0,0,0,0,0
台湾,2020-06-30,0,0,0,0,0
台湾,2020-07-01,57,0,0,0,0
台湾,2020-07-02,0,0,0,0,0
台湾,2020-07-03,0,0,57,0,0
台湾,2020-07-04,57,0,0,0,0
台湾,2020-07-05,0,0,0,0,0
台湾,2020-07-06,57,0,0,0,0
台湾,2020-07-07,57,0,0,0,0
台湾,2020-07-08,0,0,0,0,0
台湾,2020-07-09,57,0,0,0,0
台湾,2020-07-10,0,0,0,0,0
台湾,2020-07-11,0,0,0,0,0
台湾,2020-07-12,0,0,0,0,0
台湾,2020-07-13,114,0,0,0,0
台湾,2020-07-14,57,0,0,0,0
台湾,2020-07-15,0,0,0,57,0
台湾,2020-07-16,0,0,0,0,0
台湾,2020-07-17,0,0,57,0,0
台湾,2020-07-18,0,0,0,0,0
台湾,2020-07-19,0,0,0,0,0
台湾,2020-07-20,0,0,0,0,0
台湾,2020-07-21,0,0,0,0,0
台湾,2020-07-22,59,0,57,0,0
台湾,2020-07-23,57,0,0,0,0
台湾,2020-07-24,0,0,0,0,0
台湾,2020-07-25,57,0,0,0,0
台湾,2020-07-26,57,0,0,0,0
台湾,2020-07-27,0,0,0,0,0
台湾,2020-07-28,57,0,0,0,0
台湾,2020-07-29,0,0,0,0,0
台湾,2020-07-30,0,0,0,0,0
台湾,2020-07-31,0,0,0,0,0
台湾,2020-08-01,57,0,0,0,0
台湾,2020-08-02,0,0,0,0,0
台湾,2020-08-03,59,0,0,0,0
台湾,2020-08-04,116,0,0,0,0
台湾,2020-08-05,0,0,0,0,0
台湾,2020-08-06,57,0,0,0,0
台湾,2020-08-07,0,0,0,0,0
台湾,2020-08-08,0,0,0,0,0
台湾,2020-08-09,0,0,0,0,0
台湾,2020-08-10,0,0,0,0,0
台湾,2020-08-11,0,0,0,0,0
台湾,2020-08-12,57,0,0,0,0
台湾,2020-08-13,57,0,0,0,0
台湾,2020-08-14,0,0,0,0,0
台湾,2020-08-15,0,0,0,0,0
台湾,2020-08-16,0,0,0,0,0
台湾,2020-08-17,0,0,0,0,0
台湾,2020-08-18,115,0,0,0,0
台湾,2020-08-19,0,0,0,0,0
台湾,2020-08-20,0,0,0,0,0
台湾,2020-08-21,0,0,0,0,0
台湾,2020-08-22,0,0,0,0,0
台湾,2020-08-23,0,0,0,0,0
台湾,2020-08-24,0,57,0,0,0
台湾,2020-08-25,0,0,0,0,0
台湾,2020-08-26,57,0,0,0,0
台湾,2020-08-27,0,0,0,0,0
台湾,2020-08-28,0,0,0,0,0
台湾,2020-08-29,0,0,0,0,0
台湾,2020-08-30,0,0,0,0,0
台湾,2020-08-31,0,0,0,0,0
台湾,2020-09-01,57,0,0,0,0
台湾,2020-09-02,0,0,0,0,0
台湾,2020-09-03,0,0,0,0,0
台湾,2020-09-04,0,0,0,0,0
台湾,2020-09-05,0,0,0,0,0
台湾,2020-09-06,0,0,0,0,0
台湾,2020-09-07,0,0,0,0,0
台湾,2020-09-08,0,0,0,0,0
台湾,2020-09-09,0,57,0,0,0
台湾,2020-09-10,0,0,0,0,0
台湾,2020-09-11,59,0,0,0,0
台湾,2020-09-12,0,0,0,0,0
台湾,2020-09-13,0,0,0,0,0
台湾,2020-09-14,0,0,0,0,0
台湾,2020-09-15,57,57,0,0,0
台湾,2020-09-16,57,0,0,57,0
台湾,2020-09-17,58,0,0,0,0
台湾,2020-09-18,57,0,0,0,0
台湾,2020-09-19,57,0,0,0,0
台湾,2020-09-20,0,0,0,0,0
台湾,2020-09-21,0,0,0,0,0
台湾,2020-09-22,59,0,0,0,0
台湾,2020-09-23,0,0,0,0,0
台湾,2020-09-24,57,0,0,0,0
台湾,2020-09-25,57,0,0,0,0
台湾,2020-09-26,0,0,0,0,0
台湾,2020-09-27,57,0,0,0,0
台湾,2020-09-28,0,0,0,0,0
台湾,2020-09-29,57,0,0,0,0
台湾,2020-09-30,0,0,0,0,0
台湾,2020-10-01,0,0,0,0,0
台湾,2020-10-02,0,0,0,0,0
台湾,2020-10-03,0,0,0,0,0
台湾,2020-10-04,0,0,0,0,0
台湾,2020-10-05,0,0,0,0,0
台湾,2020-10-06,57,0,0,0,0
台湾,2020-10-07,0,0,0,0,0
台湾,2020-10-08,57,0,0,0,0
台湾,2020-10-09,0,0,0,0,0
台湾,2020-10-10,0,0,0,0,0
台湾,2020-10-11,61,57,0,0,0
台湾,2020-10-12,59,0,0,57,0
台湾,2020-10-13,0,0,0,0,0
台湾,2020-10-14,0,0,0,0,0
台湾,2020-10-15,63,0,0,0,0
台湾,2020-10-16,57,0,57,0,0
台湾,2020-10-17,0,0,0,0,0
台湾,2020-10-18,57,0,0,0,0
台湾,2020-10-19,114,0,0,0,0
台湾,2020-10-20,0,0,0,0,0
台湾,2020-10-21,0,0,0,0,0
台湾,2020-10-22,59,0,0,0,0
台湾,2020-10-23,57,0,0,0,0
台湾,2020-10-24,57,0,0,0,0
台湾,2020-10-25,0,0,0,0,0
台湾,2020-10-26,57,0,0,0,0
台湾,2020-10-27,57,0,0,0,0
台湾,2020-10-28,57,0,57,0,0
台湾,2020-10-29,0,0,0,0,0
台湾,2020-10-30,0,0,0,0,0
台湾,2020-10-31,0,57,0,0,0
台湾,2020-11-01,57,0,0,0,0
台湾,2020-11-02,0,57,0,0,0
台湾,2020-11-03,59,0,0,0,0
台湾,2020-11-04,0,0,0,0,0
台湾,2020-11-05,57,0,57,0,0
台湾,2020-11-06,0,0,0,0,0
台湾,2020-11-07,0,0,0,0,0
台湾,2020-11-08,0,0,0,0,0
台湾,2020-11-09,63,0,57,57,0
台湾,2020-11-10,0,0,0,0,0
台湾,2020-11-11,0,0,0,0,0
台湾,2020-11-12,0,0,0,0,0
台湾,2020-11-13,57,0,0,0,0
台湾,2020-11-14,0,0,0,0,0
台湾,2020-11-15,57,0,0,0,0
台湾,2020-11-16,57,0,0,0,0
台湾,2020-11-17,57,0,0,0,0
台湾,2020-11-18,57,0,0,0,0
台湾,2020-11-19,59,0,0,0,0
台湾,2020-11-20,118,0,0,0,0
台湾,2020-11-21,0,0,0,0,0
台湾,2020-11-22,59,0,0,0,0
台湾,2020-11-23,61,0,0,0,0
台湾,2020-11-24,0,0,0,0,0
台湾,2020-11-25,57,0,0,0,0
台湾,2020-11-26,59,0,0,57,0
台湾,2020-11-27,57,0,0,0,0
台湾,2020-11-28,0,0,0,0,0
台湾,2020-11-29,0,0,0,0,0
台湾,2020-11-30,0,0,57,0,0
台湾,2020-12-01,0,0,0,0,0
台湾,2020-12-02,0,0,0,0,0
台湾,2020-12-03,57,0,0,0,0
台湾,2020-12-04,119,0,0,0,0
台湾,2020-12-05,0,0,0,0,0
台湾,2020-12-06,57,0,0,0,0
台湾,2020-12-07,0,0,0,0,0
台湾,2020-12-08,59,0,0,0,0
台湾,2020-12-09,0,0,0,0,0
台湾,2020-12-10,57,0,0,0,0
台湾,2020-12-11,0,0,0,0,0
台湾,2020-12-12,0,0,0,0,0
台湾,2020-12-13,0,0,0,0,0
台湾,2020-12-14,59,0,0,57,0
台湾,2020-12-15,0,0,0,0,0
台湾,2020-12-16,57,0,0,0,0
台湾,2020-12-17,0,0,0,0,0
台湾,2020-12-18,57,0,0,0,0
台湾,2020-12-19,0,0,0,0,0
台湾,2020-12-20,57,0,0,0,0
台湾,2020-12-21,0,0,0,0,0
台湾,2020-12-22,0,0,0,0,0
台湾,2020-12-23,59,0,57,0,0
台湾,2020-12-24,0,0,0,0,0
台湾,2020-12-25,116,0,0,0,0
台湾,2020-12-26,0,0,0,0,0
台湾,2020-12-27,0,0,57,0,0
台湾,2020-12-28,0,0,0,0,0
台湾,2020-12-29,59,0,0,0,0
台湾,2020-12-30,0,0,0,0,0
台湾,2020-12-31,57,0,0,0,0
台湾,2021-01-01,0,0,0,0,0
台湾,2021-01-02,0,0,0,0,0
台湾,2021-01-03,0,0,0,0,0
台湾,2021-01-04,59,0,57,0,0
台湾,2021-01-05,57,0,0,0,0
台湾,2021-01-06,59,0,0,0,0
台湾,2021-01-07,0,0,0,0,0
台湾,2021-01-08,0,0,0,0,0
台湾,2021-01-09,0,0,0,0,0
台湾,2021-01-10,0,0,0,0,0
台湾,2021-01-11,0,0,0,0,0
台湾,2021-01-12,0,0,0,0,0
台湾,2021-01-13,0,0,0,0,0
台湾,2021-01-14,0,0,0,0,0
台湾,2021-01-15,59,0,0,0,0
台湾,2021-01-16,0,0,0,0,0
台湾,2021-01-17,0,0,0,0,0
台湾,2021-01-18,57,0,0,0,0
台湾,2021-01-19,0,0,0,0,0
台湾,2021-01-20,0,0,0,0,0
台湾,2021-01-21,57,0,0,0,0
台湾,2021-01-22,0,0,0,0,0
台湾,2021-01-23,57,0,0,0,0
台湾,2021-01-24,0,0,0,0,0
台湾,2021-01-25,57,0,0,0,0
台湾,2021-01-26,0,0,0,57,0
台湾,2021-01-27,59,0,57,0,0
台湾,2021-01-28,0,0,0,0,0
台湾,2021-01-29,59,0,0,0,0
台湾,2021-01-30,0,0,0,0,0
台湾,2021-01-31,0,0,0,0,0
台湾,2021-02-01,0,0,0,0,0
台湾,2021-02-02,57,57,57,0,0
台湾,2021-02-03,0,0,0,0,0
台湾,2021-02-04,0,0,0,0,0
台湾,2021-02-05,0,0,0,0,0
台湾,2021-02-06,0,0,0,0,0
台湾,2021-02-07,0,0,0,0,0
台湾,2021-02-08,0,0,57,0,0
台湾,2021-02-09,0,0,0,0,0
台湾,2021-02-10,0,0,0,0,0
台湾,2021-02-11,0,0,0,0,0
台湾,2021-02-12,0,0,0,0,0
台湾,2021-02-13,0,0,0,0,0
台湾,2021-02-14,0,0,0,0,0
台湾,2021-02-15,0,0,0,0,0
台湾,2021-02-16,0,0,0,0,0
台湾,2021-02-17,57,0,0,0,0
台湾,2021-02-18,0,0,0,0,0
台湾,2021-02-19,59,0,0,0,0
台湾,2021-02-20,0,0,0,0,0
台湾,2021-02-21,0,0,0,0,0
台湾,2021-02-22,59,0,0,0,0
台湾,2021-02-23,57,0,0,0,0
台湾,2021-02-24,61,0,0,0,0
台湾,2021-02-25,0,57,0,0,0
台湾,2021-02-26,59,0,0,0,0
台湾,2021-02-27,0,0,0,0,0
台湾,2021-02-28,57,0,0,0,0
台湾,2021-03-01,57,0,0,0,0
台湾,2021-03-02,0,0,0,0,0
台湾,2021-03-03,0,0,0,0,0
台湾,2021-03-04,57,0,0,0,0
台湾,2021-03-05,57,0,0,0,0
台湾,2021-03-06,0,0,0,0,0
台湾,2021-03-07,0,0,0,0,0
台湾,2021-03-08,0,0,0,0,0
台湾,2021-03-09,57,0,0,0,0
台湾,2021-03-10,0,0,0,0,0
台湾,2021-03-11,59,0,0,0,0
台湾,2021-03-12,57,0,0,0,0
台湾,2021-03-13,0,0,0,0,0
台湾,2021-03-14,0,0,0,0,0
台湾,2021-03-15,0,0,0,0,0
台湾,2021-03-16,114,57,0,0,0
台湾,2021-03-17,0,0,0,0,0
台湾,2021-03-18,57,59,0,0,0
台湾,2021-03-19,59,0,0,0,0
台湾,2021-03-20,61,0,0,0,0
台湾,2021-03-21,115,0,0,0,0
台湾,2021-03-22,59,0,0,0,0
台湾,2021-03-23,59,57,0,0,0
台湾,2021-03-24,61,0,0,0,0
台湾,2021-03-25,59,57,0,0,0
台湾,2021-03-26,0,0,57,0,0
台湾,2021-03-27,0,0,57,0,0
台湾,2021-03-28,0,0,0,0,0
台湾,2021-03-29,0,0,0,0,0
台湾,2021-03-30,0,0,0,0,0
台湾,2021-03-31,57,0,59,0,0
台湾,2021-04-01,0,0,57,57,0
台湾,2021-04-02,0,0,0,0,0
台湾,2021-04-03,57,0,0,0,0
台湾,2021-04-04,0,57,0,0,0
台湾,2021-04-05,0,0,0,0,0
台湾,2021-04-06,0,0,0,0,0
台湾,2021-04-07,57,0,0,0,0
台湾,2021-04-08,0,0,0,0,0
台湾,2021-04-09,57,0,0,0,0
台湾,2021-04-10,0,0,0,0,0
台湾,2021-04-11,57,0,0,0,0
台湾,2021-04-12,0,0,0,0,0
台湾,2021-04-13,0,0,0,0,0
台湾,2021-04-14,57,0,0,0,0
台湾,2021-04-15,0,0,0,0,0
台湾,2021-04-16,0,59,0,0,0
台湾,2021-04-17,57,0,0,0,0
台湾,2021-04-18,0,0,0,0,0
台湾,2021-04-19,57,0,0,0,0
台湾,2021-04-20,0,0,0,0,0
台湾,2021-04-21,0,0,0,0,0
台湾,2021-04-22,0,0,0,0,0
台湾,2021-04-23,57,0,0,0,0
台湾,2021-04-24,0,0,0,0,0
台湾,2021-04-25,0,0,0,0,0
台湾,2021-04-26,0,0,0,0,0
台湾,2021-04-27,0,0,0,0,0
台湾,2021-04-28,57,0,0,0,0
台湾,2021-04-29,0,57,0,0,0
台湾,2021-04-30,0,0,0,0,0
台湾,2021-05-01,0,0,0,0,0
台湾,2021-05-02,0,57,0,0,0
台湾,2021-05-03,0,0,57,0,0
台湾,2021-05-04,0,0,0,0,0
台湾,2021-05-05,0,0,0,0,0
台湾,2021-05-06,57,0,0,0,0
台湾,2021-05-07,0,0,0,0,0
台湾,2021-05-08,57,0,0,0,0
台湾,2021-05-09,0,0,0,0,0
台湾,2021-05-10,59,0,0,0,0
台湾,2021-05-11,57,0,57,0,0
台湾,2021-05-12,57,0,0,0,0
台湾,2021-05-13,0,0,57,0,0
台湾,2021-05-14,57,0,0,0,0
台湾,2021-05-15,0,0,0,0,0
台湾,2021-05-16,0,0,0,0,0
台湾,2021-05-17,0,0,0,0,0
台湾,2021-05-18,57,0,0,0,0
台湾,2021-05-19,57,0,57,0,0
台湾,2021-05-20,0,0,0,0,0
台湾,2021-05-21,0,0,0,0,0
台湾,2021-05-22,0,0,0,0,0
台湾,2021-05-23,57,0,0,0,0
台湾,2021-05-24,0,0,0,115,0
台湾,2021-05-25,59,0,0,0,0
台湾,2021-05-26,57,0,57,0,0
台湾,2021-05-27,0,0,0,0,0
台湾,2021-05-28,114,0,0,0,0
台湾,2021-05-29,57,0,57,0,0
台湾,2021-05-30,0,0,0,0,0
台湾,2021-05-31,57,0,57,0,0
台湾,2021-06-01,0,0,0,0,0
台湾,2021-06-02,0,57,0,0,0
台湾,2021-06-03,59,0,0,0,0
台湾,2021-06-04,0,0,0,0,0
台湾,2021-06-05,57,0,0,0,0
台湾,2021-06-06,0,0,0,0,0
台湾,2021-06-07,59,0,0,0,0
台湾,2021-06-08,0,0,0,0,0
台湾,2021-06-09,114,0,0,0,0
台湾,2021-06-10,0,0,0,0,0
台湾,2021-06-11,0,0,0,0,0
台湾,2021-06-12,0,0,0,0,0
台湾,2021-06-13,0,0,0,0,0
台湾,2021-06-14,0,0,0,0,0
台湾,2021-06-15,57,0,0,0,0
台湾,2021-06-16,0,0,0,0,0
台湾,2021-06-17,0,57,0,0,0
台湾,2021-06-18,57,0,0,0,0
台湾,2021-06-19,0,0,0,0,0
台湾,2021-06-20,57,0,0,0,0
台湾,2021-06-21,0,0,0,0,0
台湾,2021-06-22,57,0,0,0,0
台湾,2021-06-23,0,0,0,0,0
台湾,2021-06-24,0,0,0,0,0
台湾,2021-06-25,57,0,0,0,0
台湾,2021-06-26,57,0,0,0,0
台湾,2021-06-27,0,0,0,0,0
台湾,2021-06-28,0,0,0,0,0
台湾,2021-06-29,0,0,0,0,0
台湾,2021-06-30,0,0,0,0,0
台湾,2021-07-01,57,0,0,0,0
台湾,2021-07-02,57,0,0,0,0
台湾,2021-07-03,0,0,0,0,0
台湾,2021-07-04,0,0,0,0,0
台湾,2021-07-05,57,0,0,0,0
台湾,2021-07-06,0,0,0,0,0
台湾,2021-07-07,0,0,0,0,0
台湾,2021-07-08,0,0,0,0,0
台湾,2021-07-09,0,0,57,0,0
台湾,2021-07-10,0,0,0,0,0
台湾,2021-07-11,57,0,0,0,0
台湾,2021-07-12,0,0,0,0,0
台湾,2021-07-13,0,0,0,0,0
台湾,2021-07-14,0,0,0,0,0
台湾,2021-07-15,0,0,0,0,0
台湾,2021-07-16,57,0,0,0,0
台湾,2021-07-17,0,0,0,0,0
台湾,2021-07-18,0,0,0,0,0
台湾,2021-07-19,0,0,0,0,0
台湾,2021-07-20,0,0,0,0,0
台湾,2021-07-21,0,0,0,0,0
台湾,2021-07-22,114,0,0,0,0
台湾,2021-07-23,0,0,0,0,0
台湾,2021-07-24,0,0,0,0,0
台湾,2021-07-25,0,0,0,0,0
台湾,2021-07-26,0,0,0,0,0
台湾,2021-07-27,0,57,0,0,0
台湾,2021-07-28,0,0,0,57,0
台湾,2021-07-29,0,0,0,0,0
台湾,2021-07-30,0,0,0,0,0
台湾,2021-07-31,0,0,0,0,0
台湾,2021-08-01,0,0,0,0,0
台湾,2021-08-02,57,0,0,0,0
台湾,2021-08-03,57,0,57,0,0
台湾,2021-08-04,0,0,0,0,0
台湾,2021-08-05,0,0,0,0,0
台湾,2021-08-06,0,0,0,0,0
台湾,2021-08-07,0,0,0,0,0
台湾,2021-08-08,0,0,57,0,0
台湾,2021-08-09,0,0,0,0,0
台湾,2021-08-10,0,0,0,0,0
台湾,2021-08-11,0,57,0,0,0
台湾,2021-08-12,0,0,0,0,0
台湾,2021-08-13,0,0,0,0,0
台湾,2021-08-14,0,0,0,57,0
台湾,2021-08-15,0,0,57,0,0
台湾,2021-08-16,0,0,0,0,0
台湾,2021-08-17,0,57,0,0,0
台湾,2021-08-18,64,0,0,0,0
台湾,2021-08-19,0,0,0,0,0
台湾,2021-08-20,0,0,0,0,0
台湾,2021-08-21,0,0,0,0,0
台湾,2021-08-22,0,57,0,0,0
台湾,2021-08-23,57,0,0,0,0
台湾,2021-08-24,0,0,0,0,0
台湾,2021-08-25,57,0,0,0,0
台湾,2021-08-26,0,0,0,0,0
台湾,2021-08-27,0,0,0,0,0
台湾,2021-08-28,0,0,0,0,0
台湾,2021-08-29,0,0,0,0,0
台湾,2021-08-30,57,0,0,0,0
台湾,2021-08-31,0,57,0,0,0
台湾,2021-09-01,0,0,0,0,0
台湾,2021-09-02,0,0,0,0,0
台湾,2021-09-03,0,0,0,0,0
台湾,2021-09-04,0,0,0,0,0
台湾,2021-09-05,0,0,0,0,0
台湾,2021-09-06,0,0,0,0,0
台湾,2021-09-07,0,0,0,0,0
台湾,2021-09-08,0,0,57,0,0
台湾,2021-09-09,0,0,0,0,0
台湾,2021-09-10,0,0,0,0,0
台湾,2021-09-11,0,0,0,0,0
台湾,2021-09-12,0,0,0,0,0
台湾,2021-09-13,0,0,0,0,0
台湾,2021-09-14,0,57,57,0,0
台湾,2021-09-15,0,0,0,0,0
台湾,2021-09-16,59,0,0,0,0
台湾,2021-09-17,57,0,0,57,0
台湾,2021-09-18,0,0,0,0,0
台湾,2021-09-19,0,0,0,0,0
台湾,2021-09-20,0,0,0,0,0
台湾,2021-09-21,57,0,0,0,0
台湾,2021-09-22,0,0,0,0,0
台湾,2021-09-23,57,0,0,0,0
台湾,2021-09-24,0,0,0,0,0
台湾,2021-09-25,0,0,0,0,0
台湾,2021-09-26,57,0,0,0,0
台湾,2021-09-27,0,0,0,0,0
台湾,2021-09-28,0,0,0,0,0
台湾,2021-09-29,0,0,0,0,0
台湾,2021-09-30,0,0,0,0,0
台湾,2021-10-01,0,0,0,0,0
台湾,2021-10-02,0,0,0,0,0
台湾,2021-10-03,0,0,0,0,0
台湾,2021-10-04,0,0,0,0,0
台湾,2021-10-05,0,0,0,0,0
台湾,2021-10-06,0,0,0,0,0
台湾,2021-10-07,0,0,0,0,0
台湾,2021-10-08,0,0,0,0,0
台湾,2021-10-09,0,0,0,0,0
台湾,2021-10-10,0,0,0,0,0
台湾,2021-10-11,0,0,0,0,0
台湾,2021-10-12,0,57,0,0,0
台湾,2021-10-13,0,0,0,0,0
台湾,2021-10-14,57,0,0,0,0
台湾,2021-10-15,0,0,0,0,0
台湾,2021-10-16,57,0,0,0,0
台湾,2021-10-17,0,0,0,0,0
台湾,2021-10-18,59,57,0,0,0
台湾,2021-10-19,0,0,0,0,0
台湾,2021-10-20,0,0,0,0,0
台湾,2021-10-21,0,0,0,0,0
台湾,2021-10-22,57,0,0,0,0
台湾,2021-10-23,0,0,0,0,0
台湾,2021-10-24,0,0,0,0,0
台湾,2021-10-25,57,57,0,0,0
台湾,2021-10-26,0,57,0,0,0
台湾,2021-10-27,0,0,0,0,0
台湾,2021-10-28,0,0,0,0,0
台湾,2021-10-29,0,0,0,0,0
台湾,2021-10-30,57,0,0,0,0
台湾,2021-10-31,0,0,0,0,0
台湾,2021-11-01,0,0,0,0,0
台湾,2021-11-02,57,0,0,0,0
台湾,2021-11-03,0,0,0,0,0
台湾,2021-11-04,0,0,0,0,0
台湾,2021-11-05,57,0,0,0,0
台湾,2021-11-06,0,0,57,0,0
台湾,2021-11-07,114,0,0,0,0
台湾,2021-11-08,0,0,0,0,0
台湾,2021-11-09,58,0,0,0,0
台湾,2021-11-10,57,0,0,0,0
台湾,2021-11-11,0,0,0,0,0
台湾,2021-11-12,0,0,0,0,0
台湾,2021-11-13,0,0,0,0,0
台湾,2021-11-14,0,0,0,0,0
台湾,2021-11-15,0,0,0,0,0
台湾,2021-11-16,0,0,0,0,0
台湾,2021-11-17,0,0,0,0,0
台湾,2021-11-18,0,0,0,0,0
台湾,2021-11-19,0,0,0,0,0
台湾,2021-11-20,0,0,0,0,0
台湾,2021-11-21,57,0,0,0,0
台湾,2021-11-22,0,0,0,0,0
台湾,2021-11-23,0,0,0,0,0
台湾,2021-11-24,59,0,0,0,0
台湾,2021-11-25,61,0,0,0,0
台湾,2021-11-26,0,0,0,0,0
台湾,2021-11-27,0,0,0,0,0
台湾,2021-11-28,57,0,0,0,0
台湾,2021-11-29,0,0,0,0,0
台湾,2021-11-30,59,0,0,0,0
台湾,2021-12-01,63,0,0,0,0
台湾,2021-12-02,57,0,0,0,0
台湾,2021-12-03,0,0,0,0,0
台湾,2021-12-04,57,57,0,0,0
台湾,2021-12-05,0,0,0,0,0
台湾,2021-12-06,0,0,0,0,0
台湾,2021-12-07,61,0,0,57,0
台湾,2021-12-08,61,0,57,0,0
台湾,2021-12-09,0,0,0,0,0
台湾,2021-12-10,0,0,0,0,0
台湾,2021-12-11,0,0,0,0,0
台湾,2021-12-12,57,0,0,0,0
台湾,2021-12-13,0,0,0,0,0
台湾,2021-12-14,59,0,0,0,0
台湾,2021-12-15,60,0,0,0,0
台湾,2021-12-16,59,0,0,0,0
台湾,2021-12-17,57,0,0,0,0
台湾,2021-12-18,0,0,0,0,0
台湾,2021-12-19,0,0,0,0,0
台湾,2021-12-20,0,0,0,0,0
台湾,2021-12-21,0,57,0,0,0
台湾,2021-12-22,0,0,0,57,0
台湾,2021-12-23,0,0,57,0,0
台湾,2021-12-24,0,0,0,0,0
台湾,2021-12-25,57,0,0,0,0
台湾,2021-12-26,0,0,0,0,0
台湾,2021-12-27,0,0,0,0,0
台湾,2021-12-28,0,0,0,0,0
台湾,2021-12-29,57,0,0,0,0
台湾,2021-12-30,0,0,0,0,0
台湾,2021-12-31,57,0,0,0,0
