area,time,互联网保险,众筹,P2P,网贷
天津,2011-01-01,0,0,172,0
天津,2011-01-02,0,0,162,0
天津,2011-01-03,0,0,175,0
天津,2011-01-04,0,0,159,0
天津,2011-01-05,0,0,179,0
天津,2011-01-06,0,0,159,0
天津,2011-01-07,0,0,162,0
天津,2011-01-08,0,0,170,0
天津,2011-01-09,0,0,158,0
天津,2011-01-10,0,0,165,0
天津,2011-01-11,0,0,157,0
天津,2011-01-12,0,0,163,0
天津,2011-01-13,0,0,177,0
天津,2011-01-14,0,0,182,0
天津,2011-01-15,0,0,176,0
天津,2011-01-16,0,0,182,0
天津,2011-01-17,0,0,157,0
天津,2011-01-18,0,0,177,0
天津,2011-01-19,0,0,172,0
天津,2011-01-20,0,0,159,0
天津,2011-01-21,0,0,161,0
天津,2011-01-22,0,0,168,0
天津,2011-01-23,0,0,188,0
天津,2011-01-24,0,0,148,0
天津,2011-01-25,0,0,162,0
天津,2011-01-26,0,0,165,0
天津,2011-01-27,0,0,137,0
天津,2011-01-28,0,0,148,0
天津,2011-01-29,0,0,158,0
天津,2011-01-30,0,0,151,0
天津,2011-01-31,0,0,106,0
天津,2011-02-01,0,0,129,0
天津,2011-02-02,0,0,142,0
天津,2011-02-03,0,0,123,0
天津,2011-02-04,0,0,135,0
天津,2011-02-05,0,0,135,0
天津,2011-02-06,0,0,125,0
天津,2011-02-07,0,0,127,0
天津,2011-02-08,0,0,142,0
天津,2011-02-09,0,0,137,0
天津,2011-02-10,0,0,187,0
天津,2011-02-11,0,0,176,0
天津,2011-02-12,0,0,168,0
天津,2011-02-13,0,0,173,0
天津,2011-02-14,0,0,176,0
天津,2011-02-15,0,0,135,0
天津,2011-02-16,0,0,154,0
天津,2011-02-17,0,0,135,0
天津,2011-02-18,0,0,176,0
天津,2011-02-19,0,0,179,0
天津,2011-02-20,0,0,177,0
天津,2011-02-21,0,0,166,0
天津,2011-02-22,0,0,140,0
天津,2011-02-23,0,0,168,0
天津,2011-02-24,0,0,176,0
天津,2011-02-25,0,0,182,0
天津,2011-02-26,0,0,226,0
天津,2011-02-27,0,0,218,0
天津,2011-02-28,0,0,187,0
天津,2011-03-01,0,0,190,0
天津,2011-03-02,0,0,194,0
天津,2011-03-03,0,0,179,0
天津,2011-03-04,0,0,191,0
天津,2011-03-05,0,0,191,0
天津,2011-03-06,0,0,220,0
天津,2011-03-07,0,0,186,0
天津,2011-03-08,0,0,184,0
天津,2011-03-09,0,0,173,0
天津,2011-03-10,0,0,182,0
天津,2011-03-11,0,0,201,0
天津,2011-03-12,0,0,179,0
天津,2011-03-13,0,0,190,0
天津,2011-03-14,0,0,205,0
天津,2011-03-15,0,0,194,0
天津,2011-03-16,0,0,193,0
天津,2011-03-17,0,0,180,0
天津,2011-03-18,0,0,200,0
天津,2011-03-19,0,0,190,0
天津,2011-03-20,0,0,193,0
天津,2011-03-21,0,0,190,0
天津,2011-03-22,0,0,168,0
天津,2011-03-23,0,0,168,0
天津,2011-03-24,0,0,177,0
天津,2011-03-25,0,0,191,0
天津,2011-03-26,0,0,201,0
天津,2011-03-27,0,0,168,0
天津,2011-03-28,0,0,177,0
天津,2011-03-29,0,0,184,0
天津,2011-03-30,0,0,169,0
天津,2011-03-31,0,0,180,0
天津,2011-04-01,0,0,201,0
天津,2011-04-02,0,0,205,0
天津,2011-04-03,0,0,190,0
天津,2011-04-04,0,0,169,0
天津,2011-04-05,0,0,202,0
天津,2011-04-06,0,0,176,0
天津,2011-04-07,0,0,173,0
天津,2011-04-08,0,0,191,0
天津,2011-04-09,0,0,182,0
天津,2011-04-10,0,0,186,0
天津,2011-04-11,0,0,150,0
天津,2011-04-12,0,0,200,0
天津,2011-04-13,0,0,172,0
天津,2011-04-14,0,0,165,0
天津,2011-04-15,0,0,173,0
天津,2011-04-16,0,0,183,0
天津,2011-04-17,0,0,212,0
天津,2011-04-18,0,0,161,0
天津,2011-04-19,0,0,179,0
天津,2011-04-20,0,0,195,0
天津,2011-04-21,0,0,194,0
天津,2011-04-22,0,0,187,0
天津,2011-04-23,0,0,204,0
天津,2011-04-24,0,0,176,0
天津,2011-04-25,0,0,200,0
天津,2011-04-26,0,0,182,0
天津,2011-04-27,0,0,166,0
天津,2011-04-28,0,0,166,0
天津,2011-04-29,0,0,161,0
天津,2011-04-30,0,0,165,0
天津,2011-05-01,0,0,146,0
天津,2011-05-02,0,0,162,0
天津,2011-05-03,0,0,182,0
天津,2011-05-04,0,0,172,0
天津,2011-05-05,0,0,216,0
天津,2011-05-06,0,0,183,0
天津,2011-05-07,0,0,166,0
天津,2011-05-08,0,0,195,0
天津,2011-05-09,0,0,179,0
天津,2011-05-10,0,0,155,0
天津,2011-05-11,0,0,191,0
天津,2011-05-12,0,0,188,0
天津,2011-05-13,0,0,175,0
天津,2011-05-14,0,0,209,0
天津,2011-05-15,0,0,173,0
天津,2011-05-16,0,0,188,0
天津,2011-05-17,0,0,168,0
天津,2011-05-18,0,0,158,0
天津,2011-05-19,0,0,183,0
天津,2011-05-20,0,0,207,0
天津,2011-05-21,0,0,190,0
天津,2011-05-22,0,0,179,0
天津,2011-05-23,0,0,190,0
天津,2011-05-24,0,0,193,0
天津,2011-05-25,0,0,200,0
天津,2011-05-26,0,0,179,0
天津,2011-05-27,0,0,168,0
天津,2011-05-28,0,0,223,0
天津,2011-05-29,0,0,212,0
天津,2011-05-30,0,0,173,0
天津,2011-05-31,0,0,184,0
天津,2011-06-01,0,0,166,0
天津,2011-06-02,0,0,180,0
天津,2011-06-03,0,0,140,0
天津,2011-06-04,0,0,169,0
天津,2011-06-05,0,0,197,0
天津,2011-06-06,0,0,152,0
天津,2011-06-07,0,0,180,0
天津,2011-06-08,0,0,195,0
天津,2011-06-09,0,0,172,0
天津,2011-06-10,0,0,161,0
天津,2011-06-11,0,0,182,0
天津,2011-06-12,0,0,191,0
天津,2011-06-13,0,0,155,0
天津,2011-06-14,0,0,148,0
天津,2011-06-15,0,0,177,0
天津,2011-06-16,0,0,170,0
天津,2011-06-17,0,0,159,0
天津,2011-06-18,0,0,158,0
天津,2011-06-19,0,0,175,0
天津,2011-06-20,0,0,176,0
天津,2011-06-21,0,0,207,0
天津,2011-06-22,0,0,169,0
天津,2011-06-23,0,0,184,0
天津,2011-06-24,0,0,168,0
天津,2011-06-25,0,0,155,0
天津,2011-06-26,0,0,151,0
天津,2011-06-27,0,0,190,0
天津,2011-06-28,0,0,187,0
天津,2011-06-29,0,0,190,0
天津,2011-06-30,0,0,193,0
天津,2011-07-01,0,0,197,0
天津,2011-07-02,0,0,197,0
天津,2011-07-03,0,0,168,0
天津,2011-07-04,0,0,198,0
天津,2011-07-05,0,0,191,0
天津,2011-07-06,0,0,207,0
天津,2011-07-07,0,0,202,0
天津,2011-07-08,0,0,183,0
天津,2011-07-09,0,0,159,0
天津,2011-07-10,0,0,186,0
天津,2011-07-11,0,0,183,0
天津,2011-07-12,0,0,191,0
天津,2011-07-13,0,0,200,0
天津,2011-07-14,0,0,194,0
天津,2011-07-15,0,0,183,0
天津,2011-07-16,0,0,161,0
天津,2011-07-17,0,0,173,0
天津,2011-07-18,0,0,205,0
天津,2011-07-19,0,0,182,0
天津,2011-07-20,0,0,155,0
天津,2011-07-21,0,0,195,0
天津,2011-07-22,0,0,188,0
天津,2011-07-23,0,0,165,0
天津,2011-07-24,0,0,169,0
天津,2011-07-25,0,0,197,0
天津,2011-07-26,0,0,186,0
天津,2011-07-27,0,0,162,0
天津,2011-07-28,0,0,182,0
天津,2011-07-29,0,0,190,0
天津,2011-07-30,0,0,186,0
天津,2011-07-31,0,0,182,0
天津,2011-08-01,0,0,184,0
天津,2011-08-02,0,0,193,0
天津,2011-08-03,0,0,180,0
天津,2011-08-04,0,0,166,0
天津,2011-08-05,0,0,152,0
天津,2011-08-06,0,0,154,0
天津,2011-08-07,0,0,188,0
天津,2011-08-08,0,0,209,0
天津,2011-08-09,0,0,176,0
天津,2011-08-10,0,0,176,0
天津,2011-08-11,0,0,201,0
天津,2011-08-12,0,0,198,0
天津,2011-08-13,0,0,166,0
天津,2011-08-14,0,0,187,0
天津,2011-08-15,0,0,177,0
天津,2011-08-16,0,0,209,0
天津,2011-08-17,0,0,194,0
天津,2011-08-18,0,0,155,0
天津,2011-08-19,0,0,180,0
天津,2011-08-20,0,0,150,0
天津,2011-08-21,0,0,152,0
天津,2011-08-22,0,0,158,0
天津,2011-08-23,0,0,157,0
天津,2011-08-24,0,0,162,0
天津,2011-08-25,0,0,162,0
天津,2011-08-26,0,0,137,0
天津,2011-08-27,0,0,162,0
天津,2011-08-28,0,0,180,0
天津,2011-08-29,0,0,165,0
天津,2011-08-30,0,0,148,0
天津,2011-08-31,0,0,193,0
天津,2011-09-01,0,0,175,0
天津,2011-09-02,0,0,169,0
天津,2011-09-03,0,0,182,0
天津,2011-09-04,0,0,190,0
天津,2011-09-05,0,0,161,0
天津,2011-09-06,0,0,150,0
天津,2011-09-07,0,0,180,0
天津,2011-09-08,0,0,193,0
天津,2011-09-09,0,0,157,0
天津,2011-09-10,0,0,168,0
天津,2011-09-11,0,0,175,0
天津,2011-09-12,0,0,166,0
天津,2011-09-13,0,0,177,0
天津,2011-09-14,0,0,166,0
天津,2011-09-15,0,0,186,0
天津,2011-09-16,0,0,169,0
天津,2011-09-17,0,0,197,0
天津,2011-09-18,0,0,166,0
天津,2011-09-19,0,0,175,0
天津,2011-09-20,0,0,166,0
天津,2011-09-21,0,0,146,0
天津,2011-09-22,0,0,161,0
天津,2011-09-23,0,0,162,0
天津,2011-09-24,0,0,168,0
天津,2011-09-25,0,0,175,0
天津,2011-09-26,0,0,158,0
天津,2011-09-27,0,0,168,0
天津,2011-09-28,0,0,157,0
天津,2011-09-29,0,0,157,0
天津,2011-09-30,0,0,175,0
天津,2011-10-01,0,0,159,0
天津,2011-10-02,0,0,150,0
天津,2011-10-03,0,0,162,0
天津,2011-10-04,0,0,121,0
天津,2011-10-05,0,0,127,0
天津,2011-10-06,0,0,142,0
天津,2011-10-07,0,0,150,0
天津,2011-10-08,0,0,166,0
天津,2011-10-09,0,0,144,0
天津,2011-10-10,0,0,148,0
天津,2011-10-11,0,0,157,0
天津,2011-10-12,0,0,172,0
天津,2011-10-13,0,0,170,0
天津,2011-10-14,0,0,197,0
天津,2011-10-15,0,0,172,0
天津,2011-10-16,0,0,165,0
天津,2011-10-17,0,0,163,0
天津,2011-10-18,0,0,202,0
天津,2011-10-19,0,0,202,0
天津,2011-10-20,0,0,182,0
天津,2011-10-21,0,0,158,0
天津,2011-10-22,0,0,188,0
天津,2011-10-23,0,0,173,0
天津,2011-10-24,0,0,166,0
天津,2011-10-25,0,0,187,0
天津,2011-10-26,0,0,202,0
天津,2011-10-27,0,0,157,0
天津,2011-10-28,0,0,175,0
天津,2011-10-29,0,0,172,0
天津,2011-10-30,0,0,186,0
天津,2011-10-31,0,0,165,0
天津,2011-11-01,0,0,169,0
天津,2011-11-02,0,0,151,0
天津,2011-11-03,0,0,182,0
天津,2011-11-04,0,0,179,0
天津,2011-11-05,0,0,197,0
天津,2011-11-06,0,0,179,0
天津,2011-11-07,0,0,166,0
天津,2011-11-08,0,0,180,0
天津,2011-11-09,0,0,169,0
天津,2011-11-10,0,0,170,0
天津,2011-11-11,0,0,179,0
天津,2011-11-12,0,0,204,0
天津,2011-11-13,0,0,194,0
天津,2011-11-14,0,0,169,0
天津,2011-11-15,0,0,165,0
天津,2011-11-16,0,0,193,0
天津,2011-11-17,0,0,205,0
天津,2011-11-18,0,0,188,0
天津,2011-11-19,0,0,212,0
天津,2011-11-20,0,0,175,0
天津,2011-11-21,0,0,169,0
天津,2011-11-22,0,0,165,0
天津,2011-11-23,0,0,170,0
天津,2011-11-24,0,0,184,0
天津,2011-11-25,0,0,173,0
天津,2011-11-26,0,0,186,0
天津,2011-11-27,0,0,163,0
天津,2011-11-28,0,0,165,0
天津,2011-11-29,0,0,183,0
天津,2011-11-30,0,0,175,0
天津,2011-12-01,0,0,187,0
天津,2011-12-02,0,0,169,0
天津,2011-12-03,0,0,197,0
天津,2011-12-04,0,0,202,0
天津,2011-12-05,0,0,172,0
天津,2011-12-06,0,0,188,0
天津,2011-12-07,0,0,179,0
天津,2011-12-08,0,0,168,0
天津,2011-12-09,0,0,161,0
天津,2011-12-10,0,0,182,0
天津,2011-12-11,0,0,180,0
天津,2011-12-12,0,0,180,0
天津,2011-12-13,0,0,176,0
天津,2011-12-14,0,0,162,0
天津,2011-12-15,0,0,190,0
天津,2011-12-16,0,0,193,0
天津,2011-12-17,0,0,183,0
天津,2011-12-18,0,0,170,0
天津,2011-12-19,0,0,155,0
天津,2011-12-20,0,0,172,0
天津,2011-12-21,0,0,154,0
天津,2011-12-22,0,0,168,0
天津,2011-12-23,0,0,179,0
天津,2011-12-24,0,0,158,0
天津,2011-12-25,0,0,173,0
天津,2011-12-26,0,0,182,0
天津,2011-12-27,0,0,169,0
天津,2011-12-28,0,0,182,0
天津,2011-12-29,0,0,170,0
天津,2011-12-30,0,0,177,0
天津,2011-12-31,0,0,175,0
天津,2012-01-01,0,0,176,0
天津,2012-01-02,0,0,165,0
天津,2012-01-03,0,0,155,0
天津,2012-01-04,0,0,155,0
天津,2012-01-05,0,0,170,0
天津,2012-01-06,0,0,175,0
天津,2012-01-07,0,0,142,0
天津,2012-01-08,0,0,183,0
天津,2012-01-09,0,0,195,0
天津,2012-01-10,0,0,157,0
天津,2012-01-11,0,0,140,0
天津,2012-01-12,0,0,173,0
天津,2012-01-13,0,0,176,0
天津,2012-01-14,0,0,161,0
天津,2012-01-15,0,0,158,0
天津,2012-01-16,0,0,162,0
天津,2012-01-17,0,0,154,0
天津,2012-01-18,0,0,152,0
天津,2012-01-19,0,0,159,0
天津,2012-01-20,0,0,146,0
天津,2012-01-21,0,0,140,0
天津,2012-01-22,0,0,101,0
天津,2012-01-23,0,0,129,0
天津,2012-01-24,0,0,106,0
天津,2012-01-25,0,0,135,0
天津,2012-01-26,0,0,137,0
天津,2012-01-27,0,0,131,0
天津,2012-01-28,0,0,129,0
天津,2012-01-29,0,0,169,0
天津,2012-01-30,0,0,148,0
天津,2012-01-31,0,0,157,0
天津,2012-02-01,0,0,137,0
天津,2012-02-02,0,0,162,0
天津,2012-02-03,0,0,186,0
天津,2012-02-04,0,0,163,0
天津,2012-02-05,0,0,184,0
天津,2012-02-06,0,0,165,0
天津,2012-02-07,0,0,193,0
天津,2012-02-08,0,0,173,0
天津,2012-02-09,0,0,162,0
天津,2012-02-10,0,0,183,0
天津,2012-02-11,0,0,175,0
天津,2012-02-12,0,0,194,0
天津,2012-02-13,0,0,133,0
天津,2012-02-14,0,0,175,0
天津,2012-02-15,0,0,213,0
天津,2012-02-16,0,0,193,0
天津,2012-02-17,0,0,183,0
天津,2012-02-18,0,0,194,0
天津,2012-02-19,0,0,188,0
天津,2012-02-20,0,0,193,0
天津,2012-02-21,0,0,184,0
天津,2012-02-22,0,0,186,0
天津,2012-02-23,0,0,188,0
天津,2012-02-24,0,0,176,0
天津,2012-02-25,0,0,222,0
天津,2012-02-26,0,0,197,0
天津,2012-02-27,0,0,184,0
天津,2012-02-28,0,0,253,0
天津,2012-02-29,0,0,194,0
天津,2012-03-01,0,0,191,0
天津,2012-03-02,0,0,216,0
天津,2012-03-03,0,0,234,0
天津,2012-03-04,0,0,197,0
天津,2012-03-05,0,0,194,0
天津,2012-03-06,0,0,193,0
天津,2012-03-07,0,0,194,0
天津,2012-03-08,0,0,239,0
天津,2012-03-09,0,0,236,0
天津,2012-03-10,0,0,215,0
天津,2012-03-11,0,0,187,0
天津,2012-03-12,0,0,211,0
天津,2012-03-13,0,0,184,0
天津,2012-03-14,0,0,188,0
天津,2012-03-15,0,0,183,0
天津,2012-03-16,0,0,231,0
天津,2012-03-17,0,0,215,0
天津,2012-03-18,0,0,187,0
天津,2012-03-19,0,0,202,0
天津,2012-03-20,0,0,200,0
天津,2012-03-21,0,0,195,0
天津,2012-03-22,0,0,211,0
天津,2012-03-23,0,0,212,0
天津,2012-03-24,0,0,201,0
天津,2012-03-25,0,0,194,0
天津,2012-03-26,0,0,201,0
天津,2012-03-27,0,0,201,0
天津,2012-03-28,0,0,193,0
天津,2012-03-29,0,0,211,0
天津,2012-03-30,0,0,209,0
天津,2012-03-31,0,0,220,0
天津,2012-04-01,0,0,209,0
天津,2012-04-02,0,0,207,0
天津,2012-04-03,0,0,223,0
天津,2012-04-04,0,0,201,0
天津,2012-04-05,0,0,202,0
天津,2012-04-06,0,0,187,0
天津,2012-04-07,0,0,209,0
天津,2012-04-08,0,0,172,0
天津,2012-04-09,0,0,184,0
天津,2012-04-10,0,0,197,0
天津,2012-04-11,0,0,163,0
天津,2012-04-12,0,0,170,0
天津,2012-04-13,0,0,205,0
天津,2012-04-14,0,0,184,0
天津,2012-04-15,0,0,182,0
天津,2012-04-16,0,0,193,0
天津,2012-04-17,0,0,184,0
天津,2012-04-18,0,0,159,0
天津,2012-04-19,0,0,168,0
天津,2012-04-20,0,0,205,0
天津,2012-04-21,0,0,215,0
天津,2012-04-22,0,0,169,0
天津,2012-04-23,0,0,173,0
天津,2012-04-24,0,0,176,0
天津,2012-04-25,0,0,168,0
天津,2012-04-26,0,0,187,0
天津,2012-04-27,0,0,142,0
天津,2012-04-28,0,0,184,0
天津,2012-04-29,0,0,209,0
天津,2012-04-30,0,0,182,0
天津,2012-05-01,0,0,159,0
天津,2012-05-02,0,0,176,0
天津,2012-05-03,0,0,168,0
天津,2012-05-04,0,0,198,0
天津,2012-05-05,0,0,183,0
天津,2012-05-06,0,0,188,0
天津,2012-05-07,0,0,176,0
天津,2012-05-08,0,0,182,0
天津,2012-05-09,0,0,165,0
天津,2012-05-10,0,0,163,0
天津,2012-05-11,0,0,200,0
天津,2012-05-12,0,0,216,0
天津,2012-05-13,0,0,187,0
天津,2012-05-14,0,0,170,0
天津,2012-05-15,0,0,176,0
天津,2012-05-16,0,0,179,0
天津,2012-05-17,0,0,154,0
天津,2012-05-18,0,0,182,0
天津,2012-05-19,0,0,200,0
天津,2012-05-20,0,0,182,0
天津,2012-05-21,0,0,193,0
天津,2012-05-22,0,0,182,0
天津,2012-05-23,0,0,186,0
天津,2012-05-24,0,0,197,0
天津,2012-05-25,0,0,186,0
天津,2012-05-26,0,0,198,0
天津,2012-05-27,0,0,195,0
天津,2012-05-28,0,0,168,0
天津,2012-05-29,0,0,184,0
天津,2012-05-30,0,0,193,0
天津,2012-05-31,0,0,208,0
天津,2012-06-01,0,0,177,0
天津,2012-06-02,0,0,228,0
天津,2012-06-03,0,0,208,0
天津,2012-06-04,0,0,191,0
天津,2012-06-05,0,0,216,0
天津,2012-06-06,0,0,213,0
天津,2012-06-07,0,0,211,0
天津,2012-06-08,0,0,186,0
天津,2012-06-09,0,0,234,0
天津,2012-06-10,0,0,191,0
天津,2012-06-11,0,0,175,0
天津,2012-06-12,0,0,191,0
天津,2012-06-13,0,0,204,0
天津,2012-06-14,0,0,202,0
天津,2012-06-15,0,0,215,0
天津,2012-06-16,0,0,187,0
天津,2012-06-17,0,0,183,0
天津,2012-06-18,0,0,169,0
天津,2012-06-19,0,0,207,0
天津,2012-06-20,0,0,180,0
天津,2012-06-21,0,0,166,0
天津,2012-06-22,0,0,212,0
天津,2012-06-23,0,0,197,0
天津,2012-06-24,0,0,172,0
天津,2012-06-25,0,0,202,0
天津,2012-06-26,0,0,190,0
天津,2012-06-27,0,0,183,0
天津,2012-06-28,0,0,193,0
天津,2012-06-29,0,0,223,0
天津,2012-06-30,0,0,194,0
天津,2012-07-01,0,0,218,0
天津,2012-07-02,0,0,161,0
天津,2012-07-03,0,0,182,0
天津,2012-07-04,0,0,169,0
天津,2012-07-05,0,0,169,0
天津,2012-07-06,0,0,180,0
天津,2012-07-07,0,0,173,0
天津,2012-07-08,0,0,211,0
天津,2012-07-09,0,0,234,0
天津,2012-07-10,0,0,260,0
天津,2012-07-11,0,0,233,0
天津,2012-07-12,0,0,208,0
天津,2012-07-13,0,0,208,0
天津,2012-07-14,0,0,250,0
天津,2012-07-15,0,0,184,0
天津,2012-07-16,0,0,229,0
天津,2012-07-17,0,0,198,0
天津,2012-07-18,0,0,233,0
天津,2012-07-19,0,0,226,0
天津,2012-07-20,0,0,239,0
天津,2012-07-21,0,0,215,0
天津,2012-07-22,0,0,219,0
天津,2012-07-23,0,0,218,0
天津,2012-07-24,0,0,194,0
天津,2012-07-25,0,0,220,0
天津,2012-07-26,0,0,222,0
天津,2012-07-27,0,0,211,0
天津,2012-07-28,0,0,231,0
天津,2012-07-29,0,0,204,0
天津,2012-07-30,0,0,201,0
天津,2012-07-31,0,0,215,0
天津,2012-08-01,0,0,207,0
天津,2012-08-02,0,0,193,0
天津,2012-08-03,0,0,201,0
天津,2012-08-04,0,0,183,0
天津,2012-08-05,0,0,177,0
天津,2012-08-06,0,0,193,0
天津,2012-08-07,0,0,179,0
天津,2012-08-08,0,0,195,0
天津,2012-08-09,0,0,212,0
天津,2012-08-10,0,0,193,0
天津,2012-08-11,0,0,204,0
天津,2012-08-12,0,0,208,0
天津,2012-08-13,0,0,201,0
天津,2012-08-14,0,0,200,0
天津,2012-08-15,0,0,195,0
天津,2012-08-16,0,0,195,0
天津,2012-08-17,0,0,166,0
天津,2012-08-18,0,0,195,0
天津,2012-08-19,0,0,220,0
天津,2012-08-20,0,0,191,0
天津,2012-08-21,0,0,162,0
天津,2012-08-22,0,0,215,0
天津,2012-08-23,0,0,193,0
天津,2012-08-24,0,0,193,0
天津,2012-08-25,0,0,193,0
天津,2012-08-26,0,0,195,0
天津,2012-08-27,0,0,186,0
天津,2012-08-28,0,0,202,0
天津,2012-08-29,0,0,233,0
天津,2012-08-30,0,0,208,0
天津,2012-08-31,0,0,209,0
天津,2012-09-01,0,0,216,0
天津,2012-09-02,0,0,234,0
天津,2012-09-03,0,0,184,0
天津,2012-09-04,0,0,188,0
天津,2012-09-05,0,0,223,0
天津,2012-09-06,0,0,201,0
天津,2012-09-07,0,0,204,0
天津,2012-09-08,0,0,170,0
天津,2012-09-09,0,0,179,0
天津,2012-09-10,0,0,182,0
天津,2012-09-11,0,0,211,0
天津,2012-09-12,0,0,177,0
天津,2012-09-13,0,0,180,0
天津,2012-09-14,0,0,187,0
天津,2012-09-15,0,0,253,0
天津,2012-09-16,0,0,188,0
天津,2012-09-17,0,0,170,0
天津,2012-09-18,0,0,173,0
天津,2012-09-19,0,0,186,0
天津,2012-09-20,0,0,176,0
天津,2012-09-21,0,0,220,0
天津,2012-09-22,0,0,208,0
天津,2012-09-23,0,0,183,0
天津,2012-09-24,0,0,158,0
天津,2012-09-25,0,0,151,0
天津,2012-09-26,0,0,180,0
天津,2012-09-27,0,0,139,0
天津,2012-09-28,0,0,162,0
天津,2012-09-29,0,0,158,0
天津,2012-09-30,0,0,170,0
天津,2012-10-01,0,0,173,0
天津,2012-10-02,0,0,175,0
天津,2012-10-03,0,0,209,0
天津,2012-10-04,0,0,180,0
天津,2012-10-05,0,0,186,0
天津,2012-10-06,0,0,194,0
天津,2012-10-07,0,0,170,0
天津,2012-10-08,0,0,151,0
天津,2012-10-09,0,0,191,0
天津,2012-10-10,0,0,208,0
天津,2012-10-11,0,0,209,0
天津,2012-10-12,0,0,187,0
天津,2012-10-13,0,0,215,0
天津,2012-10-14,0,0,193,0
天津,2012-10-15,0,0,168,0
天津,2012-10-16,0,0,211,0
天津,2012-10-17,0,0,190,0
天津,2012-10-18,0,0,177,0
天津,2012-10-19,0,0,168,0
天津,2012-10-20,0,0,209,0
天津,2012-10-21,0,0,213,0
天津,2012-10-22,0,0,166,0
天津,2012-10-23,0,0,193,0
天津,2012-10-24,0,0,182,0
天津,2012-10-25,0,0,202,0
天津,2012-10-26,0,0,195,0
天津,2012-10-27,0,0,226,0
天津,2012-10-28,0,0,195,0
天津,2012-10-29,0,0,193,0
天津,2012-10-30,0,0,183,0
天津,2012-10-31,0,0,194,0
天津,2012-11-01,0,0,202,0
天津,2012-11-02,0,0,204,0
天津,2012-11-03,0,0,226,0
天津,2012-11-04,0,0,233,91
天津,2012-11-05,0,0,202,74
天津,2012-11-06,0,0,166,0
天津,2012-11-07,0,0,169,59
天津,2012-11-08,0,0,205,74
天津,2012-11-09,0,0,208,63
天津,2012-11-10,0,0,285,59
天津,2012-11-11,0,0,209,57
天津,2012-11-12,0,0,166,61
天津,2012-11-13,0,0,195,0
天津,2012-11-14,0,0,166,63
天津,2012-11-15,0,0,205,61
天津,2012-11-16,0,0,204,61
天津,2012-11-17,0,0,233,0
天津,2012-11-18,0,0,205,57
天津,2012-11-19,0,0,187,0
天津,2012-11-20,0,0,170,59
天津,2012-11-21,0,0,176,57
天津,2012-11-22,0,0,169,57
天津,2012-11-23,0,0,179,0
天津,2012-11-24,0,0,219,0
天津,2012-11-25,0,0,194,59
天津,2012-11-26,0,0,197,63
天津,2012-11-27,0,0,201,64
天津,2012-11-28,0,0,222,0
天津,2012-11-29,0,0,239,59
天津,2012-11-30,0,0,233,57
天津,2012-12-01,0,0,251,59
天津,2012-12-02,0,0,184,61
天津,2012-12-03,0,0,197,59
天津,2012-12-04,0,0,228,57
天津,2012-12-05,0,0,193,57
天津,2012-12-06,0,0,197,89
天津,2012-12-07,0,0,205,76
天津,2012-12-08,0,0,216,70
天津,2012-12-09,0,0,242,63
天津,2012-12-10,0,0,170,61
天津,2012-12-11,0,0,172,61
天津,2012-12-12,0,0,188,57
天津,2012-12-13,0,0,250,0
天津,2012-12-14,0,0,237,64
天津,2012-12-15,0,0,226,61
天津,2012-12-16,0,0,237,57
天津,2012-12-17,0,0,219,0
天津,2012-12-18,0,0,179,59
天津,2012-12-19,0,0,222,63
天津,2012-12-20,0,0,245,57
天津,2012-12-21,0,0,285,61
天津,2012-12-22,0,0,273,59
天津,2012-12-23,0,0,233,57
天津,2012-12-24,0,0,228,0
天津,2012-12-25,0,0,256,63
天津,2012-12-26,0,0,231,0
天津,2012-12-27,0,0,222,59
天津,2012-12-28,0,0,284,59
天津,2012-12-29,0,0,281,0
天津,2012-12-30,0,0,323,0
天津,2012-12-31,0,0,366,61
天津,2013-01-01,0,0,284,0
天津,2013-01-02,0,0,301,0
天津,2013-01-03,0,0,254,57
天津,2013-01-04,0,0,260,57
天津,2013-01-05,0,0,290,59
天津,2013-01-06,0,0,279,57
天津,2013-01-07,0,0,243,57
天津,2013-01-08,0,0,282,0
天津,2013-01-09,0,0,229,59
天津,2013-01-10,0,0,284,0
天津,2013-01-11,0,0,250,57
天津,2013-01-12,0,0,247,59
天津,2013-01-13,0,0,254,57
天津,2013-01-14,0,0,250,0
天津,2013-01-15,0,0,240,0
天津,2013-01-16,0,0,226,0
天津,2013-01-17,0,0,291,57
天津,2013-01-18,0,0,270,61
天津,2013-01-19,0,0,284,66
天津,2013-01-20,0,0,256,57
天津,2013-01-21,0,0,223,61
天津,2013-01-22,0,0,279,61
天津,2013-01-23,0,0,231,72
天津,2013-01-24,0,0,251,0
天津,2013-01-25,0,0,250,57
天津,2013-01-26,0,0,248,59
天津,2013-01-27,0,0,287,57
天津,2013-01-28,0,0,285,59
天津,2013-01-29,0,0,291,0
天津,2013-01-30,0,0,257,61
天津,2013-01-31,0,0,274,59
天津,2013-02-01,0,0,251,59
天津,2013-02-02,0,0,219,0
天津,2013-02-03,0,0,222,61
天津,2013-02-04,0,0,234,0
天津,2013-02-05,0,0,273,0
天津,2013-02-06,0,0,242,0
天津,2013-02-07,0,0,197,0
天津,2013-02-08,0,0,211,0
天津,2013-02-09,0,0,177,0
天津,2013-02-10,0,0,205,0
天津,2013-02-11,0,0,213,57
天津,2013-02-12,0,0,236,0
天津,2013-02-13,0,0,218,57
天津,2013-02-14,0,0,228,0
天津,2013-02-15,0,0,243,0
天津,2013-02-16,0,0,248,64
天津,2013-02-17,0,0,285,59
天津,2013-02-18,0,0,234,61
天津,2013-02-19,0,0,251,57
天津,2013-02-20,0,0,233,61
天津,2013-02-21,0,0,282,0
天津,2013-02-22,0,0,310,57
天津,2013-02-23,0,0,274,57
天津,2013-02-24,0,0,231,64
天津,2013-02-25,0,0,265,57
天津,2013-02-26,0,0,236,57
天津,2013-02-27,0,0,233,61
天津,2013-02-28,0,0,259,59
天津,2013-03-01,0,0,279,57
天津,2013-03-02,0,0,298,72
天津,2013-03-03,0,0,264,68
天津,2013-03-04,0,0,260,64
天津,2013-03-05,0,0,250,0
天津,2013-03-06,0,0,247,57
天津,2013-03-07,0,0,236,61
天津,2013-03-08,0,0,295,57
天津,2013-03-09,0,0,343,57
天津,2013-03-10,0,0,299,57
天津,2013-03-11,0,0,268,0
天津,2013-03-12,0,0,257,59
天津,2013-03-13,0,0,215,61
天津,2013-03-14,0,0,256,59
天津,2013-03-15,0,0,312,57
天津,2013-03-16,0,0,330,0
天津,2013-03-17,0,0,329,61
天津,2013-03-18,0,0,257,57
天津,2013-03-19,0,0,279,57
天津,2013-03-20,0,0,287,57
天津,2013-03-21,0,0,253,57
天津,2013-03-22,0,0,330,57
天津,2013-03-23,0,0,324,57
天津,2013-03-24,0,0,242,59
天津,2013-03-25,0,0,257,0
天津,2013-03-26,0,0,270,64
天津,2013-03-27,0,0,268,61
天津,2013-03-28,0,0,271,0
天津,2013-03-29,0,0,305,220
天津,2013-03-30,0,0,312,223
天津,2013-03-31,0,0,274,172
天津,2013-04-01,0,0,279,116
天津,2013-04-02,0,0,267,74
天津,2013-04-03,0,0,369,106
天津,2013-04-04,0,0,347,63
天津,2013-04-05,0,0,338,70
天津,2013-04-06,0,0,296,66
天津,2013-04-07,0,0,268,63
天津,2013-04-08,0,0,254,59
天津,2013-04-09,0,0,231,61
天津,2013-04-10,0,0,239,68
天津,2013-04-11,0,0,254,57
天津,2013-04-12,0,0,253,57
天津,2013-04-13,0,0,301,59
天津,2013-04-14,0,0,242,76
天津,2013-04-15,0,0,264,57
天津,2013-04-16,0,0,243,0
天津,2013-04-17,0,0,248,57
天津,2013-04-18,0,0,284,70
天津,2013-04-19,0,0,273,64
天津,2013-04-20,0,0,310,61
天津,2013-04-21,0,0,205,61
天津,2013-04-22,0,0,219,74
天津,2013-04-23,0,0,264,63
天津,2013-04-24,0,0,242,66
天津,2013-04-25,0,0,267,0
天津,2013-04-26,0,0,242,63
天津,2013-04-27,0,0,305,59
天津,2013-04-28,0,0,335,59
天津,2013-04-29,0,0,330,59
天津,2013-04-30,0,0,279,0
天津,2013-05-01,0,0,239,61
天津,2013-05-02,0,0,254,66
天津,2013-05-03,0,0,270,59
天津,2013-05-04,0,0,315,61
天津,2013-05-05,0,0,307,64
天津,2013-05-06,0,0,247,61
天津,2013-05-07,0,0,257,59
天津,2013-05-08,0,0,226,66
天津,2013-05-09,0,0,253,57
天津,2013-05-10,0,0,248,61
天津,2013-05-11,0,0,226,74
天津,2013-05-12,0,0,212,64
天津,2013-05-13,0,0,220,70
天津,2013-05-14,0,0,229,57
天津,2013-05-15,0,0,223,59
天津,2013-05-16,0,0,256,70
天津,2013-05-17,0,0,313,66
天津,2013-05-18,0,0,299,64
天津,2013-05-19,0,0,264,63
天津,2013-05-20,0,0,220,63
天津,2013-05-21,0,0,215,59
天津,2013-05-22,0,0,251,63
天津,2013-05-23,0,0,237,61
天津,2013-05-24,0,0,278,57
天津,2013-05-25,0,0,338,57
天津,2013-05-26,0,0,309,57
天津,2013-05-27,0,0,225,57
天津,2013-05-28,0,0,271,59
天津,2013-05-29,0,0,260,64
天津,2013-05-30,0,0,254,63
天津,2013-05-31,0,0,257,59
天津,2013-06-01,0,0,260,0
天津,2013-06-02,0,0,324,59
天津,2013-06-03,0,0,267,61
天津,2013-06-04,0,0,247,63
天津,2013-06-05,0,0,344,61
天津,2013-06-06,0,0,282,0
天津,2013-06-07,0,0,313,61
天津,2013-06-08,0,0,326,0
天津,2013-06-09,0,0,312,57
天津,2013-06-10,0,0,310,57
天津,2013-06-11,0,0,245,57
天津,2013-06-12,0,0,285,57
天津,2013-06-13,0,0,276,63
天津,2013-06-14,0,0,298,59
天津,2013-06-15,0,0,323,59
天津,2013-06-16,0,0,305,61
天津,2013-06-17,0,0,318,0
天津,2013-06-18,0,0,281,57
天津,2013-06-19,0,0,268,61
天津,2013-06-20,0,0,271,83
天津,2013-06-21,0,0,347,66
天津,2013-06-22,0,0,309,64
天津,2013-06-23,0,0,296,66
天津,2013-06-24,0,0,259,59
天津,2013-06-25,0,0,301,66
天津,2013-06-26,0,0,276,87
天津,2013-06-27,0,0,248,140
天津,2013-06-28,0,0,268,89
天津,2013-06-29,0,0,307,59
天津,2013-06-30,0,0,268,61
天津,2013-07-01,0,0,361,123
天津,2013-07-02,0,0,349,131
天津,2013-07-03,0,61,359,118
天津,2013-07-04,0,0,359,120
天津,2013-07-05,0,57,317,59
天津,2013-07-06,0,57,298,63
天津,2013-07-07,0,0,313,59
天津,2013-07-08,0,0,377,125
天津,2013-07-09,0,0,384,59
天津,2013-07-10,0,0,383,68
天津,2013-07-11,0,0,426,120
天津,2013-07-12,0,0,402,127
天津,2013-07-13,0,58,407,120
天津,2013-07-14,0,57,340,57
天津,2013-07-15,0,57,369,68
天津,2013-07-16,0,0,411,66
天津,2013-07-17,0,0,376,68
天津,2013-07-18,0,0,366,114
天津,2013-07-19,0,0,391,114
天津,2013-07-20,0,0,371,61
天津,2013-07-21,0,57,408,116
天津,2013-07-22,0,60,387,123
天津,2013-07-23,0,0,409,64
天津,2013-07-24,0,57,359,61
天津,2013-07-25,0,0,426,61
天津,2013-07-26,0,0,438,61
天津,2013-07-27,0,0,395,117
天津,2013-07-28,0,0,370,57
天津,2013-07-29,0,0,407,61
天津,2013-07-30,0,57,423,121
天津,2013-07-31,0,0,367,57
天津,2013-08-01,0,0,389,63
天津,2013-08-02,0,0,347,61
天津,2013-08-03,0,0,518,57
天津,2013-08-04,0,57,382,114
天津,2013-08-05,0,0,327,57
天津,2013-08-06,0,0,355,117
天津,2013-08-07,0,0,416,57
天津,2013-08-08,0,0,373,66
天津,2013-08-09,0,57,378,114
天津,2013-08-10,0,0,343,59
天津,2013-08-11,0,0,365,61
天津,2013-08-12,0,0,366,120
天津,2013-08-13,0,0,345,63
天津,2013-08-14,0,0,382,118
天津,2013-08-15,0,0,364,59
天津,2013-08-16,0,0,367,59
天津,2013-08-17,0,57,329,117
天津,2013-08-18,0,65,325,57
天津,2013-08-19,0,0,362,114
天津,2013-08-20,0,0,367,63
天津,2013-08-21,0,0,364,59
天津,2013-08-22,0,0,323,115
天津,2013-08-23,0,0,335,70
天津,2013-08-24,0,57,311,61
天津,2013-08-25,0,0,345,0
天津,2013-08-26,0,57,373,61
天津,2013-08-27,0,0,385,57
天津,2013-08-28,0,0,421,64
天津,2013-08-29,0,57,369,120
天津,2013-08-30,0,61,338,70
天津,2013-08-31,0,57,343,127
天津,2013-09-01,0,0,314,119
天津,2013-09-02,58,61,305,57
天津,2013-09-03,0,0,372,61
天津,2013-09-04,0,0,308,127
天津,2013-09-05,0,0,327,59
天津,2013-09-06,0,0,341,123
天津,2013-09-07,0,0,330,121
天津,2013-09-08,0,0,327,118
天津,2013-09-09,0,0,296,70
天津,2013-09-10,0,116,328,66
天津,2013-09-11,0,59,294,61
天津,2013-09-12,0,116,341,68
天津,2013-09-13,0,57,351,66
天津,2013-09-14,0,116,338,59
天津,2013-09-15,0,114,344,120
天津,2013-09-16,0,59,332,116
天津,2013-09-17,0,61,284,61
天津,2013-09-18,0,57,343,64
天津,2013-09-19,0,118,306,61
天津,2013-09-20,0,120,375,116
天津,2013-09-21,0,59,321,118
天津,2013-09-22,0,0,320,116
天津,2013-09-23,0,0,318,133
天津,2013-09-24,0,63,336,61
天津,2013-09-25,0,64,347,118
天津,2013-09-26,0,122,387,124
天津,2013-09-27,0,114,348,114
天津,2013-09-28,0,63,352,116
天津,2013-09-29,0,59,365,57
天津,2013-09-30,0,116,431,61
天津,2013-10-01,0,57,425,114
天津,2013-10-02,0,57,372,118
天津,2013-10-03,0,0,354,121
天津,2013-10-04,0,0,374,63
天津,2013-10-05,0,0,351,114
天津,2013-10-06,0,57,309,63
天津,2013-10-07,0,57,307,64
天津,2013-10-08,0,59,365,131
天津,2013-10-09,0,123,353,135
天津,2013-10-10,0,124,302,64
天津,2013-10-11,0,57,406,63
天津,2013-10-12,0,59,405,121
天津,2013-10-13,0,57,376,121
天津,2013-10-14,0,0,332,124
天津,2013-10-15,0,57,340,58
天津,2013-10-16,0,57,341,118
天津,2013-10-17,0,0,371,127
天津,2013-10-18,0,63,386,121
天津,2013-10-19,0,57,399,123
天津,2013-10-20,0,61,358,0
天津,2013-10-21,0,0,341,124
天津,2013-10-22,0,116,337,129
天津,2013-10-23,0,59,363,121
天津,2013-10-24,0,116,327,122
天津,2013-10-25,0,61,363,118
天津,2013-10-26,0,61,362,123
天津,2013-10-27,0,118,348,123
天津,2013-10-28,0,57,333,118
天津,2013-10-29,0,61,334,125
天津,2013-10-30,0,116,308,118
天津,2013-10-31,0,61,323,134
天津,2013-11-01,0,126,303,133
天津,2013-11-02,0,121,325,120
天津,2013-11-03,0,126,316,116
天津,2013-11-04,0,63,320,64
天津,2013-11-05,0,123,341,143
天津,2013-11-06,0,119,333,119
天津,2013-11-07,0,57,339,122
天津,2013-11-08,0,63,328,128
天津,2013-11-09,0,64,350,57
天津,2013-11-10,0,61,310,63
天津,2013-11-11,0,63,311,117
天津,2013-11-12,0,61,333,125
天津,2013-11-13,0,116,341,116
天津,2013-11-14,0,59,316,123
天津,2013-11-15,0,78,368,118
天津,2013-11-16,0,57,358,121
天津,2013-11-17,0,120,346,141
天津,2013-11-18,0,64,345,145
天津,2013-11-19,0,127,404,145
天津,2013-11-20,0,122,417,129
天津,2013-11-21,0,61,471,127
天津,2013-11-22,0,126,399,63
天津,2013-11-23,0,61,359,123
天津,2013-11-24,0,59,344,128
天津,2013-11-25,0,64,344,117
天津,2013-11-26,0,130,411,137
天津,2013-11-27,0,59,430,132
天津,2013-11-28,0,61,432,122
天津,2013-11-29,0,63,361,64
天津,2013-11-30,0,123,413,61
天津,2013-12-01,0,117,366,126
天津,2013-12-02,0,127,363,127
天津,2013-12-03,0,117,320,116
天津,2013-12-04,0,59,352,122
天津,2013-12-05,0,123,422,132
天津,2013-12-06,0,120,388,126
天津,2013-12-07,0,57,404,126
天津,2013-12-08,0,120,382,117
天津,2013-12-09,0,119,396,114
天津,2013-12-10,0,118,418,61
天津,2013-12-11,0,119,408,123
天津,2013-12-12,0,121,377,70
天津,2013-12-13,0,127,364,129
天津,2013-12-14,0,124,323,114
天津,2013-12-15,0,74,391,139
天津,2013-12-16,0,124,361,59
天津,2013-12-17,0,127,361,136
天津,2013-12-18,0,125,375,68
天津,2013-12-19,0,129,373,119
天津,2013-12-20,0,117,350,122
天津,2013-12-21,0,116,349,64
天津,2013-12-22,0,61,325,127
天津,2013-12-23,0,121,338,123
天津,2013-12-24,0,59,308,66
天津,2013-12-25,0,59,393,59
天津,2013-12-26,0,169,314,141
天津,2013-12-27,0,122,338,121
天津,2013-12-28,0,141,323,137
天津,2013-12-29,0,129,427,143
天津,2013-12-30,0,120,427,124
天津,2013-12-31,0,123,388,66
天津,2014-01-01,0,63,390,119
天津,2014-01-02,0,125,436,133
天津,2014-01-03,0,61,418,120
天津,2014-01-04,0,123,428,125
天津,2014-01-05,61,57,391,133
天津,2014-01-06,0,125,391,132
天津,2014-01-07,0,120,401,120
天津,2014-01-08,0,127,408,129
天津,2014-01-09,0,124,385,126
天津,2014-01-10,0,126,414,124
天津,2014-01-11,0,127,444,137
天津,2014-01-12,0,124,479,127
天津,2014-01-13,0,142,395,122
天津,2014-01-14,0,121,467,126
天津,2014-01-15,0,130,457,122
天津,2014-01-16,0,124,485,144
天津,2014-01-17,0,119,420,118
天津,2014-01-18,0,121,456,126
天津,2014-01-19,0,124,428,128
天津,2014-01-20,0,132,451,131
天津,2014-01-21,0,123,439,135
天津,2014-01-22,0,126,434,137
天津,2014-01-23,0,132,427,131
天津,2014-01-24,0,115,375,120
天津,2014-01-25,0,118,423,135
天津,2014-01-26,0,127,450,142
天津,2014-01-27,0,124,407,130
天津,2014-01-28,0,121,419,136
天津,2014-01-29,0,119,369,130
天津,2014-01-30,0,116,314,119
天津,2014-01-31,0,57,373,122
天津,2014-02-01,0,59,394,134
天津,2014-02-02,0,115,411,137
天津,2014-02-03,0,115,406,127
天津,2014-02-04,0,124,420,158
天津,2014-02-05,0,121,429,135
天津,2014-02-06,0,120,488,157
天津,2014-02-07,0,140,483,147
天津,2014-02-08,0,122,464,137
天津,2014-02-09,0,129,479,148
天津,2014-02-10,0,133,484,136
天津,2014-02-11,0,120,472,153
天津,2014-02-12,0,129,510,134
天津,2014-02-13,0,139,471,146
天津,2014-02-14,0,131,436,141
天津,2014-02-15,0,130,436,134
天津,2014-02-16,0,142,460,145
天津,2014-02-17,0,148,519,155
天津,2014-02-18,0,137,503,153
天津,2014-02-19,0,135,632,156
天津,2014-02-20,0,144,441,134
天津,2014-02-21,0,147,454,136
天津,2014-02-22,0,149,495,132
天津,2014-02-23,0,153,518,139
天津,2014-02-24,0,141,521,144
天津,2014-02-25,0,145,492,147
天津,2014-02-26,57,136,475,133
天津,2014-02-27,0,141,481,146
天津,2014-02-28,0,127,555,149
天津,2014-03-01,0,128,531,155
天津,2014-03-02,0,128,523,130
天津,2014-03-03,0,145,479,151
天津,2014-03-04,0,151,505,148
天津,2014-03-05,0,141,544,148
天津,2014-03-06,0,158,536,133
天津,2014-03-07,0,142,516,135
天津,2014-03-08,0,131,570,142
天津,2014-03-09,0,139,530,135
天津,2014-03-10,0,139,575,145
天津,2014-03-11,0,140,507,135
天津,2014-03-12,0,148,583,136
天津,2014-03-13,0,133,555,150
天津,2014-03-14,0,147,526,149
天津,2014-03-15,0,144,620,135
天津,2014-03-16,0,142,609,142
天津,2014-03-17,0,169,501,129
天津,2014-03-18,0,169,492,134
天津,2014-03-19,57,161,569,145
天津,2014-03-20,0,146,534,149
天津,2014-03-21,0,156,597,135
天津,2014-03-22,0,136,582,143
天津,2014-03-23,0,161,543,154
天津,2014-03-24,0,156,562,137
天津,2014-03-25,0,148,553,157
天津,2014-03-26,0,195,803,144
天津,2014-03-27,0,233,573,147
天津,2014-03-28,0,193,544,147
天津,2014-03-29,0,162,535,139
天津,2014-03-30,0,167,513,138
天津,2014-03-31,0,202,533,133
天津,2014-04-01,0,175,490,142
天津,2014-04-02,0,160,521,132
天津,2014-04-03,0,180,531,133
天津,2014-04-04,0,169,541,142
天津,2014-04-05,0,157,558,127
天津,2014-04-06,0,140,520,141
天津,2014-04-07,57,157,467,159
天津,2014-04-08,0,159,555,142
天津,2014-04-09,0,146,679,153
天津,2014-04-10,0,146,625,140
天津,2014-04-11,0,159,554,133
天津,2014-04-12,0,139,594,150
天津,2014-04-13,0,152,536,153
天津,2014-04-14,0,161,535,144
天津,2014-04-15,0,174,582,163
天津,2014-04-16,0,178,573,145
天津,2014-04-17,0,182,661,164
天津,2014-04-18,0,158,824,139
天津,2014-04-19,0,153,750,135
天津,2014-04-20,0,156,696,154
天津,2014-04-21,0,166,703,149
天津,2014-04-22,0,179,750,144
天津,2014-04-23,0,151,775,141
天津,2014-04-24,0,189,703,148
天津,2014-04-25,0,227,773,134
天津,2014-04-26,0,154,864,144
天津,2014-04-27,0,163,826,136
天津,2014-04-28,0,177,727,139
天津,2014-04-29,0,163,831,157
天津,2014-04-30,0,169,799,128
天津,2014-05-01,0,141,827,156
天津,2014-05-02,0,143,769,140
天津,2014-05-03,0,164,700,145
天津,2014-05-04,0,182,666,152
天津,2014-05-05,0,201,731,171
天津,2014-05-06,0,181,739,178
天津,2014-05-07,0,207,759,156
天津,2014-05-08,0,194,758,153
天津,2014-05-09,0,155,750,157
天津,2014-05-10,0,156,814,148
天津,2014-05-11,0,171,775,159
天津,2014-05-12,0,176,646,140
天津,2014-05-13,0,159,684,140
天津,2014-05-14,0,174,679,156
天津,2014-05-15,0,205,936,148
天津,2014-05-16,0,176,829,161
天津,2014-05-17,0,159,746,135
天津,2014-05-18,0,154,759,145
天津,2014-05-19,0,160,698,140
天津,2014-05-20,0,168,683,137
天津,2014-05-21,0,183,724,131
天津,2014-05-22,0,171,720,137
天津,2014-05-23,0,185,689,143
天津,2014-05-24,57,158,794,142
天津,2014-05-25,0,184,710,153
天津,2014-05-26,0,194,710,143
天津,2014-05-27,0,196,773,139
天津,2014-05-28,0,152,625,131
天津,2014-05-29,0,166,781,137
天津,2014-05-30,0,155,681,128
天津,2014-05-31,0,131,460,126
天津,2014-06-01,0,146,526,79
天津,2014-06-02,0,161,648,135
天津,2014-06-03,0,198,757,139
天津,2014-06-04,0,187,719,153
天津,2014-06-05,0,188,737,134
天津,2014-06-06,0,186,714,156
天津,2014-06-07,0,180,759,147
天津,2014-06-08,0,193,774,152
天津,2014-06-09,0,181,731,143
天津,2014-06-10,0,146,663,137
天津,2014-06-11,0,208,719,134
天津,2014-06-12,0,171,777,146
天津,2014-06-13,0,137,609,129
天津,2014-06-14,0,144,676,133
天津,2014-06-15,0,138,606,131
天津,2014-06-16,0,191,596,132
天津,2014-06-17,0,185,809,153
天津,2014-06-18,0,176,805,147
天津,2014-06-19,0,158,828,140
天津,2014-06-20,0,180,791,135
天津,2014-06-21,0,156,807,145
天津,2014-06-22,0,171,826,125
天津,2014-06-23,0,180,787,145
天津,2014-06-24,0,191,783,133
天津,2014-06-25,0,148,775,126
天津,2014-06-26,0,187,627,142
天津,2014-06-27,0,154,764,133
天津,2014-06-28,0,153,796,129
天津,2014-06-29,0,159,832,142
天津,2014-06-30,0,171,780,138
天津,2014-07-01,0,180,880,134
天津,2014-07-02,0,208,575,142
天津,2014-07-03,0,162,519,122
天津,2014-07-04,0,168,569,72
天津,2014-07-05,0,167,491,118
天津,2014-07-06,0,159,547,120
天津,2014-07-07,0,155,550,120
天津,2014-07-08,0,154,516,121
天津,2014-07-09,0,182,572,123
天津,2014-07-10,0,167,666,126
天津,2014-07-11,0,179,556,120
天津,2014-07-12,0,153,568,129
天津,2014-07-13,0,149,507,116
天津,2014-07-14,0,199,572,61
天津,2014-07-15,0,196,601,72
天津,2014-07-16,0,203,671,123
天津,2014-07-17,0,185,637,121
天津,2014-07-18,0,190,494,121
天津,2014-07-19,0,151,459,57
天津,2014-07-20,0,144,538,72
天津,2014-07-21,0,184,553,123
天津,2014-07-22,63,187,597,133
天津,2014-07-23,0,186,542,121
天津,2014-07-24,0,189,553,126
天津,2014-07-25,0,184,487,59
天津,2014-07-26,0,158,642,131
天津,2014-07-27,0,160,471,66
天津,2014-07-28,0,193,512,124
天津,2014-07-29,0,191,515,141
天津,2014-07-30,0,176,534,72
天津,2014-07-31,0,180,561,140
天津,2014-08-01,0,185,662,134
天津,2014-08-02,0,159,628,140
天津,2014-08-03,0,193,740,134
天津,2014-08-04,0,187,703,148
天津,2014-08-05,0,233,695,130
天津,2014-08-06,0,223,744,130
天津,2014-08-07,0,214,707,138
天津,2014-08-08,0,193,747,141
天津,2014-08-09,0,180,679,134
天津,2014-08-10,0,220,679,143
天津,2014-08-11,0,194,696,163
天津,2014-08-12,57,206,734,152
天津,2014-08-13,0,182,737,137
天津,2014-08-14,0,222,992,138
天津,2014-08-15,0,210,1029,140
天津,2014-08-16,0,166,936,140
天津,2014-08-17,0,202,1082,154
天津,2014-08-18,57,218,1094,156
天津,2014-08-19,0,202,1052,168
天津,2014-08-20,0,183,1087,170
天津,2014-08-21,0,217,1164,149
天津,2014-08-22,0,207,1205,137
天津,2014-08-23,57,196,1173,144
天津,2014-08-24,0,177,1201,185
天津,2014-08-25,0,214,1194,167
天津,2014-08-26,0,197,1097,150
天津,2014-08-27,57,208,1250,147
天津,2014-08-28,0,203,1113,154
天津,2014-08-29,0,187,1044,151
天津,2014-08-30,0,160,663,123
天津,2014-08-31,0,177,590,122
天津,2014-09-01,0,193,713,120
天津,2014-09-02,0,174,1019,135
天津,2014-09-03,0,206,1086,133
天津,2014-09-04,0,182,1045,143
天津,2014-09-05,0,178,1147,153
天津,2014-09-06,0,173,1105,149
天津,2014-09-07,0,170,1092,138
天津,2014-09-08,0,162,917,139
天津,2014-09-09,0,163,912,124
天津,2014-09-10,0,209,923,155
天津,2014-09-11,0,192,846,140
天津,2014-09-12,0,176,807,143
天津,2014-09-13,0,320,971,138
天津,2014-09-14,0,303,1042,136
天津,2014-09-15,57,240,567,132
天津,2014-09-16,0,207,599,156
天津,2014-09-17,57,215,536,132
天津,2014-09-18,0,182,548,61
天津,2014-09-19,0,180,524,131
天津,2014-09-20,0,169,513,127
天津,2014-09-21,0,173,513,141
天津,2014-09-22,0,219,533,122
天津,2014-09-23,0,174,547,114
天津,2014-09-24,0,206,632,116
天津,2014-09-25,0,197,551,118
天津,2014-09-26,0,168,600,142
天津,2014-09-27,0,161,477,125
天津,2014-09-28,0,189,673,122
天津,2014-09-29,0,167,576,131
天津,2014-09-30,0,174,585,116
天津,2014-10-01,0,145,519,116
天津,2014-10-02,0,151,498,118
天津,2014-10-03,0,147,478,125
天津,2014-10-04,0,160,522,117
天津,2014-10-05,0,149,434,116
天津,2014-10-06,57,148,514,116
天津,2014-10-07,0,146,489,122
天津,2014-10-08,0,176,513,138
天津,2014-10-09,0,193,559,145
天津,2014-10-10,0,159,541,123
天津,2014-10-11,0,166,600,129
天津,2014-10-12,0,164,560,130
天津,2014-10-13,57,192,605,126
天津,2014-10-14,0,207,586,119
天津,2014-10-15,0,177,698,57
天津,2014-10-16,0,170,656,132
天津,2014-10-17,0,201,564,140
天津,2014-10-18,0,159,553,126
天津,2014-10-19,57,165,582,128
天津,2014-10-20,0,196,590,124
天津,2014-10-21,0,200,688,60
天津,2014-10-22,57,200,695,129
天津,2014-10-23,0,201,686,129
天津,2014-10-24,0,178,604,61
天津,2014-10-25,0,183,624,60
天津,2014-10-26,0,171,559,57
天津,2014-10-27,0,186,602,125
天津,2014-10-28,0,189,646,120
天津,2014-10-29,0,222,939,159
天津,2014-10-30,57,209,676,134
天津,2014-10-31,0,174,691,120
天津,2014-11-01,57,151,628,118
天津,2014-11-02,0,148,550,127
天津,2014-11-03,0,186,612,139
天津,2014-11-04,57,195,625,128
天津,2014-11-05,0,206,636,123
天津,2014-11-06,59,187,645,61
天津,2014-11-07,0,190,750,120
天津,2014-11-08,0,151,558,153
天津,2014-11-09,0,148,556,119
天津,2014-11-10,0,214,668,121
天津,2014-11-11,0,222,554,117
天津,2014-11-12,0,238,699,128
天津,2014-11-13,0,214,592,125
天津,2014-11-14,0,231,565,126
天津,2014-11-15,61,205,468,114
天津,2014-11-16,59,208,516,139
天津,2014-11-17,59,241,617,124
天津,2014-11-18,59,257,693,116
天津,2014-11-19,114,268,706,134
天津,2014-11-20,0,223,646,118
天津,2014-11-21,57,203,658,120
天津,2014-11-22,0,210,600,57
天津,2014-11-23,59,215,576,57
天津,2014-11-24,57,270,614,155
天津,2014-11-25,59,225,597,124
天津,2014-11-26,57,305,667,121
天津,2014-11-27,0,225,706,127
天津,2014-11-28,57,246,664,132
天津,2014-11-29,57,224,646,128
天津,2014-11-30,0,220,593,128
天津,2014-12-01,57,266,676,118
天津,2014-12-02,57,286,686,130
天津,2014-12-03,0,272,600,116
天津,2014-12-04,0,248,636,114
天津,2014-12-05,0,232,662,122
天津,2014-12-06,0,226,538,121
天津,2014-12-07,0,268,555,117
天津,2014-12-08,0,259,623,127
天津,2014-12-09,125,292,708,121
天津,2014-12-10,63,259,692,129
天津,2014-12-11,121,240,664,132
天津,2014-12-12,68,198,614,0
天津,2014-12-13,57,218,596,126
天津,2014-12-14,0,267,574,127
天津,2014-12-15,116,230,607,138
天津,2014-12-16,114,231,563,125
天津,2014-12-17,0,219,639,129
天津,2014-12-18,0,294,623,114
天津,2014-12-19,61,266,588,140
天津,2014-12-20,0,230,585,60
天津,2014-12-21,0,208,534,127
天津,2014-12-22,0,240,525,118
天津,2014-12-23,114,224,549,155
天津,2014-12-24,0,198,564,124
天津,2014-12-25,114,190,558,141
天津,2014-12-26,0,238,526,120
天津,2014-12-27,0,223,513,118
天津,2014-12-28,0,255,472,61
天津,2014-12-29,0,207,562,130
天津,2014-12-30,57,260,555,131
天津,2014-12-31,0,209,552,120
天津,2015-01-01,0,178,509,122
天津,2015-01-02,0,202,532,129
天津,2015-01-03,0,222,515,122
天津,2015-01-04,0,256,647,117
天津,2015-01-05,0,324,629,150
天津,2015-01-06,0,257,555,153
天津,2015-01-07,0,248,558,132
天津,2015-01-08,57,190,551,125
天津,2015-01-09,0,228,543,118
天津,2015-01-10,57,214,457,60
天津,2015-01-11,0,254,476,57
天津,2015-01-12,0,279,619,127
天津,2015-01-13,0,234,574,114
天津,2015-01-14,57,222,611,129
天津,2015-01-15,0,230,549,131
天津,2015-01-16,0,244,597,125
天津,2015-01-17,0,220,512,116
天津,2015-01-18,57,227,519,124
天津,2015-01-19,0,211,796,127
天津,2015-01-20,0,212,613,126
天津,2015-01-21,0,203,633,136
天津,2015-01-22,0,214,622,134
天津,2015-01-23,0,208,679,125
天津,2015-01-24,0,203,507,131
天津,2015-01-25,0,209,577,116
天津,2015-01-26,0,215,528,118
天津,2015-01-27,0,219,501,118
天津,2015-01-28,65,189,518,146
天津,2015-01-29,57,202,609,124
天津,2015-01-30,0,211,486,120
天津,2015-01-31,0,191,425,123
天津,2015-02-01,57,204,455,117
天津,2015-02-02,57,199,471,127
天津,2015-02-03,57,205,493,126
天津,2015-02-04,57,183,532,135
天津,2015-02-05,116,177,554,127
天津,2015-02-06,57,220,533,74
天津,2015-02-07,0,195,484,66
天津,2015-02-08,59,204,488,118
天津,2015-02-09,0,191,500,128
天津,2015-02-10,0,196,583,124
天津,2015-02-11,127,174,487,134
天津,2015-02-12,123,171,406,120
天津,2015-02-13,57,158,429,129
天津,2015-02-14,57,142,348,116
天津,2015-02-15,0,199,429,124
天津,2015-02-16,57,174,430,122
天津,2015-02-17,0,149,355,61
天津,2015-02-18,0,131,296,65
天津,2015-02-19,57,142,354,70
天津,2015-02-20,0,150,383,117
天津,2015-02-21,59,138,352,57
天津,2015-02-22,0,178,378,114
天津,2015-02-23,57,147,376,60
天津,2015-02-24,0,174,400,118
天津,2015-02-25,59,230,547,126
天津,2015-02-26,59,224,589,124
天津,2015-02-27,59,184,630,139
天津,2015-02-28,0,205,611,138
天津,2015-03-01,57,208,618,126
天津,2015-03-02,0,229,646,132
天津,2015-03-03,57,223,614,131
天津,2015-03-04,0,257,653,132
天津,2015-03-05,0,251,575,118
天津,2015-03-06,0,210,571,123
天津,2015-03-07,57,217,521,66
天津,2015-03-08,0,223,513,116
天津,2015-03-09,0,217,559,135
天津,2015-03-10,57,238,626,114
天津,2015-03-11,73,265,639,132
天津,2015-03-12,64,288,696,136
天津,2015-03-13,117,258,687,131
天津,2015-03-14,57,248,602,127
天津,2015-03-15,0,197,708,118
天津,2015-03-16,57,282,777,131
天津,2015-03-17,0,259,777,123
天津,2015-03-18,123,258,702,133
天津,2015-03-19,121,253,662,136
天津,2015-03-20,59,253,553,133
天津,2015-03-21,0,255,590,125
天津,2015-03-22,0,206,538,116
天津,2015-03-23,124,255,599,133
天津,2015-03-24,59,245,632,120
天津,2015-03-25,0,223,555,125
天津,2015-03-26,57,226,549,140
天津,2015-03-27,57,227,569,133
天津,2015-03-28,61,209,451,116
天津,2015-03-29,0,189,453,132
天津,2015-03-30,57,244,520,123
天津,2015-03-31,0,272,608,123
天津,2015-04-01,0,306,532,139
天津,2015-04-02,57,253,601,66
天津,2015-04-03,114,238,563,0
天津,2015-04-04,0,218,488,123
天津,2015-04-05,0,183,507,59
天津,2015-04-06,0,253,517,124
天津,2015-04-07,57,300,562,123
天津,2015-04-08,59,243,523,127
天津,2015-04-09,0,267,539,127
天津,2015-04-10,0,236,639,147
天津,2015-04-11,0,210,534,122
天津,2015-04-12,0,241,475,129
天津,2015-04-13,116,262,520,123
天津,2015-04-14,59,336,571,128
天津,2015-04-15,0,240,604,116
天津,2015-04-16,0,270,539,129
天津,2015-04-17,0,287,520,121
天津,2015-04-18,0,249,505,141
天津,2015-04-19,0,251,487,125
天津,2015-04-20,0,236,508,129
天津,2015-04-21,0,284,508,147
天津,2015-04-22,64,248,521,131
天津,2015-04-23,0,249,544,136
天津,2015-04-24,59,229,499,130
天津,2015-04-25,0,213,461,78
天津,2015-04-26,0,215,446,127
天津,2015-04-27,0,267,490,134
天津,2015-04-28,57,240,503,144
天津,2015-04-29,141,242,487,130
天津,2015-04-30,118,211,495,128
天津,2015-05-01,60,169,417,129
天津,2015-05-02,57,181,415,131
天津,2015-05-03,0,207,368,79
天津,2015-05-04,0,234,520,118
天津,2015-05-05,59,306,468,123
天津,2015-05-06,59,316,538,123
天津,2015-05-07,0,268,502,120
天津,2015-05-08,0,282,527,132
天津,2015-05-09,57,225,447,137
天津,2015-05-10,0,218,449,131
天津,2015-05-11,57,216,540,135
天津,2015-05-12,0,225,556,120
天津,2015-05-13,0,233,567,129
天津,2015-05-14,0,269,608,130
天津,2015-05-15,57,329,516,146
天津,2015-05-16,0,244,509,129
天津,2015-05-17,0,319,536,130
天津,2015-05-18,57,277,558,129
天津,2015-05-19,57,275,607,142
天津,2015-05-20,0,296,561,129
天津,2015-05-21,61,239,533,123
天津,2015-05-22,57,212,548,118
天津,2015-05-23,57,246,491,66
天津,2015-05-24,0,215,482,128
天津,2015-05-25,59,251,516,123
天津,2015-05-26,57,267,493,129
天津,2015-05-27,59,293,542,127
天津,2015-05-28,57,258,498,128
天津,2015-05-29,0,230,514,124
天津,2015-05-30,57,268,462,125
天津,2015-05-31,0,268,488,117
天津,2015-06-01,0,279,460,131
天津,2015-06-02,57,296,480,134
天津,2015-06-03,0,288,525,124
天津,2015-06-04,0,294,499,120
天津,2015-06-05,61,253,474,129
天津,2015-06-06,0,229,417,122
天津,2015-06-07,61,253,422,70
天津,2015-06-08,57,261,480,130
天津,2015-06-09,0,298,475,121
天津,2015-06-10,57,297,580,129
天津,2015-06-11,57,342,510,124
天津,2015-06-12,0,241,497,127
天津,2015-06-13,0,245,418,130
天津,2015-06-14,0,227,432,122
天津,2015-06-15,0,271,592,123
天津,2015-06-16,0,396,612,126
天津,2015-06-17,0,414,484,123
天津,2015-06-18,0,313,506,123
天津,2015-06-19,118,260,542,129
天津,2015-06-20,57,245,488,61
天津,2015-06-21,57,250,488,144
天津,2015-06-22,57,266,442,120
天津,2015-06-23,0,322,474,118
天津,2015-06-24,0,308,502,127
天津,2015-06-25,57,308,515,136
天津,2015-06-26,0,265,506,127
天津,2015-06-27,0,240,456,120
天津,2015-06-28,60,242,420,139
天津,2015-06-29,59,290,569,65
天津,2015-06-30,138,336,602,129
天津,2015-07-01,120,341,627,134
天津,2015-07-02,57,321,560,122
天津,2015-07-03,0,281,536,120
天津,2015-07-04,0,281,510,130
天津,2015-07-05,0,218,479,132
天津,2015-07-06,57,295,543,121
天津,2015-07-07,57,323,559,122
天津,2015-07-08,0,329,600,130
天津,2015-07-09,0,277,665,142
天津,2015-07-10,57,299,572,138
天津,2015-07-11,0,239,500,116
天津,2015-07-12,0,273,510,127
天津,2015-07-13,59,294,550,139
天津,2015-07-14,116,319,627,126
天津,2015-07-15,120,309,720,129
天津,2015-07-16,121,288,704,138
天津,2015-07-17,0,289,577,118
天津,2015-07-18,114,267,538,140
天津,2015-07-19,59,283,545,128
天津,2015-07-20,124,329,674,131
天津,2015-07-21,128,305,632,135
天津,2015-07-22,57,320,660,130
天津,2015-07-23,0,344,635,135
天津,2015-07-24,0,329,569,133
天津,2015-07-25,57,295,448,127
天津,2015-07-26,133,292,461,123
天津,2015-07-27,121,365,551,127
天津,2015-07-28,119,289,507,121
天津,2015-07-29,57,306,580,138
天津,2015-07-30,63,290,569,149
天津,2015-07-31,61,316,572,129
天津,2015-08-01,0,260,486,127
天津,2015-08-02,0,260,444,129
天津,2015-08-03,59,328,617,139
天津,2015-08-04,0,321,521,129
天津,2015-08-05,0,334,602,147
天津,2015-08-06,114,338,709,125
天津,2015-08-07,0,305,663,127
天津,2015-08-08,57,262,492,136
天津,2015-08-09,57,237,482,137
天津,2015-08-10,0,344,605,127
天津,2015-08-11,0,363,525,138
天津,2015-08-12,57,343,527,138
天津,2015-08-13,0,242,454,132
天津,2015-08-14,63,237,478,131
天津,2015-08-15,0,220,405,136
天津,2015-08-16,0,247,432,125
天津,2015-08-17,57,306,554,122
天津,2015-08-18,57,277,563,127
天津,2015-08-19,61,290,497,129
天津,2015-08-20,59,249,449,120
天津,2015-08-21,57,250,467,136
天津,2015-08-22,0,286,424,141
天津,2015-08-23,0,236,422,143
天津,2015-08-24,57,266,503,144
天津,2015-08-25,57,259,457,143
天津,2015-08-26,59,257,493,138
天津,2015-08-27,59,285,528,144
天津,2015-08-28,57,245,471,149
天津,2015-08-29,0,238,451,149
天津,2015-08-30,0,238,457,143
天津,2015-08-31,0,295,480,148
天津,2015-09-01,57,309,493,133
天津,2015-09-02,59,263,444,133
天津,2015-09-03,60,201,399,70
天津,2015-09-04,57,220,421,135
天津,2015-09-05,57,230,415,133
天津,2015-09-06,59,299,468,136
天津,2015-09-07,0,311,526,148
天津,2015-09-08,59,327,541,133
天津,2015-09-09,61,309,628,143
天津,2015-09-10,0,282,523,147
天津,2015-09-11,57,237,483,120
天津,2015-09-12,0,208,372,127
天津,2015-09-13,57,235,426,114
天津,2015-09-14,59,242,422,129
天津,2015-09-15,59,239,496,129
天津,2015-09-16,0,242,551,126
天津,2015-09-17,0,266,510,129
天津,2015-09-18,57,226,473,140
天津,2015-09-19,0,211,407,119
天津,2015-09-20,0,246,453,134
天津,2015-09-21,0,284,456,142
天津,2015-09-22,57,278,504,137
天津,2015-09-23,0,241,479,133
天津,2015-09-24,57,244,475,135
天津,2015-09-25,59,232,439,125
天津,2015-09-26,57,227,402,60
天津,2015-09-27,0,200,382,73
天津,2015-09-28,123,252,467,117
天津,2015-09-29,59,255,421,124
天津,2015-09-30,57,257,439,142
天津,2015-10-01,0,205,456,131
天津,2015-10-02,0,174,426,126
天津,2015-10-03,57,207,401,131
天津,2015-10-04,0,211,385,139
天津,2015-10-05,57,211,441,135
天津,2015-10-06,57,219,428,127
天津,2015-10-07,63,245,403,135
天津,2015-10-08,61,266,516,66
天津,2015-10-09,59,255,503,131
天津,2015-10-10,0,258,509,140
天津,2015-10-11,0,223,499,92
天津,2015-10-12,57,269,531,125
天津,2015-10-13,0,272,632,135
天津,2015-10-14,0,304,633,132
天津,2015-10-15,0,291,586,65
天津,2015-10-16,63,325,532,140
天津,2015-10-17,0,262,442,125
天津,2015-10-18,0,275,426,119
天津,2015-10-19,59,342,540,143
天津,2015-10-20,61,427,485,141
天津,2015-10-21,0,366,543,127
天津,2015-10-22,61,347,442,135
天津,2015-10-23,57,316,489,141
天津,2015-10-24,0,261,430,138
天津,2015-10-25,114,263,444,61
天津,2015-10-26,0,337,455,139
天津,2015-10-27,0,351,539,144
天津,2015-10-28,116,263,495,135
天津,2015-10-29,116,304,470,149
天津,2015-10-30,59,391,485,143
天津,2015-10-31,0,274,437,128
天津,2015-11-01,57,365,433,136
天津,2015-11-02,114,289,562,129
天津,2015-11-03,57,300,581,131
天津,2015-11-04,0,370,545,137
天津,2015-11-05,57,307,558,131
天津,2015-11-06,0,312,585,127
天津,2015-11-07,57,274,509,152
天津,2015-11-08,0,331,467,127
天津,2015-11-09,114,333,591,137
天津,2015-11-10,57,297,489,142
天津,2015-11-11,114,352,492,139
天津,2015-11-12,57,335,544,138
天津,2015-11-13,118,359,578,148
天津,2015-11-14,57,303,513,82
天津,2015-11-15,0,292,443,125
天津,2015-11-16,59,350,571,145
天津,2015-11-17,61,327,529,143
天津,2015-11-18,57,356,560,127
天津,2015-11-19,57,331,553,138
天津,2015-11-20,57,381,569,136
天津,2015-11-21,57,340,541,131
天津,2015-11-22,59,328,513,78
天津,2015-11-23,57,450,539,79
天津,2015-11-24,59,342,541,138
天津,2015-11-25,114,352,522,146
天津,2015-11-26,57,336,481,140
天津,2015-11-27,59,368,507,70
天津,2015-11-28,114,248,486,139
天津,2015-11-29,0,318,479,136
天津,2015-11-30,0,294,586,127
天津,2015-12-01,0,345,596,131
天津,2015-12-02,59,408,604,125
天津,2015-12-03,116,303,643,125
天津,2015-12-04,0,294,543,135
天津,2015-12-05,0,360,487,131
天津,2015-12-06,57,272,458,144
天津,2015-12-07,114,285,535,132
天津,2015-12-08,57,356,575,148
天津,2015-12-09,57,329,801,152
天津,2015-12-10,0,348,736,150
天津,2015-12-11,0,386,653,137
天津,2015-12-12,0,317,523,157
天津,2015-12-13,0,290,584,136
天津,2015-12-14,114,282,669,146
天津,2015-12-15,57,331,745,144
天津,2015-12-16,116,294,679,161
天津,2015-12-17,116,303,645,144
天津,2015-12-18,0,326,654,140
天津,2015-12-19,57,310,577,146
天津,2015-12-20,57,329,630,125
天津,2015-12-21,0,341,567,137
天津,2015-12-22,0,305,647,144
天津,2015-12-23,0,368,663,146
天津,2015-12-24,57,299,496,133
天津,2015-12-25,114,284,526,126
天津,2015-12-26,0,259,521,134
天津,2015-12-27,57,285,501,139
天津,2015-12-28,121,324,643,140
天津,2015-12-29,0,317,811,151
天津,2015-12-30,0,289,689,135
天津,2015-12-31,57,295,490,65
天津,2016-01-01,0,251,443,118
天津,2016-01-02,0,237,453,70
天津,2016-01-03,114,270,471,130
天津,2016-01-04,61,295,553,130
天津,2016-01-05,57,270,540,131
天津,2016-01-06,57,301,544,135
天津,2016-01-07,0,296,526,114
天津,2016-01-08,0,279,547,131
天津,2016-01-09,0,222,524,123
天津,2016-01-10,0,258,488,129
天津,2016-01-11,124,291,537,134
天津,2016-01-12,61,290,549,134
天津,2016-01-13,59,273,532,137
天津,2016-01-14,59,263,539,130
天津,2016-01-15,61,283,470,143
天津,2016-01-16,0,227,405,144
天津,2016-01-17,0,211,414,122
天津,2016-01-18,59,275,441,129
天津,2016-01-19,0,253,471,134
天津,2016-01-20,0,272,432,131
天津,2016-01-21,64,243,443,125
天津,2016-01-22,57,226,407,70
天津,2016-01-23,0,204,344,136
天津,2016-01-24,57,190,380,129
天津,2016-01-25,0,185,386,134
天津,2016-01-26,0,238,377,134
天津,2016-01-27,57,264,349,74
天津,2016-01-28,0,243,556,127
天津,2016-01-29,59,244,461,136
天津,2016-01-30,0,208,346,126
天津,2016-01-31,57,318,359,127
天津,2016-02-01,57,297,558,143
天津,2016-02-02,57,286,422,141
天津,2016-02-03,0,226,395,124
天津,2016-02-04,0,180,552,122
天津,2016-02-05,0,216,569,127
天津,2016-02-06,0,152,350,125
天津,2016-02-07,57,219,241,114
天津,2016-02-08,0,188,263,63
天津,2016-02-09,0,200,267,70
天津,2016-02-10,0,227,306,60
天津,2016-02-11,0,254,334,73
天津,2016-02-12,57,210,303,57
天津,2016-02-13,0,216,293,118
天津,2016-02-14,0,196,331,127
天津,2016-02-15,0,252,356,66
天津,2016-02-16,61,289,461,132
天津,2016-02-17,57,286,440,116
天津,2016-02-18,0,283,560,127
天津,2016-02-19,57,233,522,120
天津,2016-02-20,0,248,347,127
天津,2016-02-21,0,202,421,66
天津,2016-02-22,0,208,499,123
天津,2016-02-23,0,244,503,60
天津,2016-02-24,0,239,439,125
天津,2016-02-25,57,253,487,137
天津,2016-02-26,59,223,447,135
天津,2016-02-27,0,192,430,135
天津,2016-02-28,0,269,392,120
天津,2016-02-29,57,237,518,146
天津,2016-03-01,0,245,556,127
天津,2016-03-02,0,255,480,150
天津,2016-03-03,57,271,472,61
天津,2016-03-04,63,274,456,125
天津,2016-03-05,57,226,475,70
天津,2016-03-06,0,259,526,127
天津,2016-03-07,116,271,481,130
天津,2016-03-08,57,236,433,138
天津,2016-03-09,0,278,506,129
天津,2016-03-10,57,243,453,130
天津,2016-03-11,114,283,439,133
天津,2016-03-12,59,236,631,132
天津,2016-03-13,59,242,543,124
天津,2016-03-14,59,262,485,146
天津,2016-03-15,57,234,502,117
天津,2016-03-16,0,247,494,155
天津,2016-03-17,59,245,493,65
天津,2016-03-18,114,245,473,125
天津,2016-03-19,57,226,501,73
天津,2016-03-20,0,228,387,78
天津,2016-03-21,57,274,415,147
天津,2016-03-22,0,266,524,148
天津,2016-03-23,59,305,460,127
天津,2016-03-24,57,308,386,120
天津,2016-03-25,60,244,378,122
天津,2016-03-26,60,220,570,118
天津,2016-03-27,60,203,391,127
天津,2016-03-28,114,242,460,158
天津,2016-03-29,61,249,365,139
天津,2016-03-30,61,238,389,121
天津,2016-03-31,0,256,422,127
天津,2016-04-01,57,217,346,125
天津,2016-04-02,0,191,321,123
天津,2016-04-03,116,200,348,65
天津,2016-04-04,57,246,341,130
天津,2016-04-05,57,243,387,131
天津,2016-04-06,57,230,399,132
天津,2016-04-07,118,241,496,121
天津,2016-04-08,57,237,546,137
天津,2016-04-09,57,197,485,66
天津,2016-04-10,0,213,452,65
天津,2016-04-11,0,227,483,135
天津,2016-04-12,57,253,456,142
天津,2016-04-13,61,247,503,146
天津,2016-04-14,0,223,397,138
天津,2016-04-15,63,230,384,125
天津,2016-04-16,57,186,327,123
天津,2016-04-17,57,176,274,61
天津,2016-04-18,0,231,395,133
天津,2016-04-19,117,223,378,127
天津,2016-04-20,57,213,423,118
天津,2016-04-21,57,197,402,118
天津,2016-04-22,59,234,438,129
天津,2016-04-23,57,255,481,70
天津,2016-04-24,0,271,428,124
天津,2016-04-25,57,284,523,122
天津,2016-04-26,0,275,522,128
天津,2016-04-27,59,261,490,127
天津,2016-04-28,61,244,500,126
天津,2016-04-29,57,216,376,137
天津,2016-04-30,0,196,356,61
天津,2016-05-01,0,210,305,59
天津,2016-05-02,61,186,354,122
天津,2016-05-03,57,212,347,143
天津,2016-05-04,57,223,405,73
天津,2016-05-05,0,206,450,128
天津,2016-05-06,0,241,424,130
天津,2016-05-07,0,177,372,137
天津,2016-05-08,0,206,386,69
天津,2016-05-09,59,228,408,151
天津,2016-05-10,57,241,435,132
天津,2016-05-11,57,258,431,122
天津,2016-05-12,59,238,456,70
天津,2016-05-13,63,192,433,129
天津,2016-05-14,0,188,397,125
天津,2016-05-15,0,231,395,126
天津,2016-05-16,57,240,390,122
天津,2016-05-17,57,251,476,124
天津,2016-05-18,120,217,404,130
天津,2016-05-19,118,242,435,123
天津,2016-05-20,118,217,380,118
天津,2016-05-21,0,191,362,125
天津,2016-05-22,57,203,386,66
天津,2016-05-23,118,220,422,70
天津,2016-05-24,61,194,402,118
天津,2016-05-25,61,224,433,74
天津,2016-05-26,118,222,398,125
天津,2016-05-27,120,239,403,148
天津,2016-05-28,57,200,335,133
天津,2016-05-29,59,208,314,133
天津,2016-05-30,59,223,400,140
天津,2016-05-31,59,246,370,137
天津,2016-06-01,57,211,316,66
天津,2016-06-02,0,221,366,138
天津,2016-06-03,59,233,383,131
天津,2016-06-04,0,182,331,127
天津,2016-06-05,0,200,303,118
天津,2016-06-06,59,241,367,122
天津,2016-06-07,57,215,362,125
天津,2016-06-08,61,194,373,122
天津,2016-06-09,0,156,307,127
天津,2016-06-10,57,183,300,69
天津,2016-06-11,0,177,332,126
天津,2016-06-12,57,269,318,142
天津,2016-06-13,57,203,389,139
天津,2016-06-14,120,261,387,127
天津,2016-06-15,0,223,354,129
天津,2016-06-16,63,198,335,131
天津,2016-06-17,57,227,341,70
天津,2016-06-18,0,184,303,125
天津,2016-06-19,57,165,316,74
天津,2016-06-20,61,181,360,130
天津,2016-06-21,57,193,391,135
天津,2016-06-22,0,219,381,124
天津,2016-06-23,0,240,440,74
天津,2016-06-24,0,204,454,140
天津,2016-06-25,0,204,326,120
天津,2016-06-26,0,181,331,127
天津,2016-06-27,57,199,389,145
天津,2016-06-28,59,211,404,123
天津,2016-06-29,0,211,359,120
天津,2016-06-30,59,223,344,130
天津,2016-07-01,57,193,303,128
天津,2016-07-02,0,201,316,142
天津,2016-07-03,0,194,330,131
天津,2016-07-04,0,213,360,151
天津,2016-07-05,57,185,393,133
天津,2016-07-06,118,182,417,127
天津,2016-07-07,57,211,364,137
天津,2016-07-08,57,208,322,137
天津,2016-07-09,0,219,313,130
天津,2016-07-10,57,179,287,66
天津,2016-07-11,61,201,367,130
天津,2016-07-12,59,229,358,127
天津,2016-07-13,57,190,341,142
天津,2016-07-14,57,195,346,130
天津,2016-07-15,0,185,352,126
天津,2016-07-16,57,166,295,127
天津,2016-07-17,0,196,279,66
天津,2016-07-18,57,212,339,122
天津,2016-07-19,57,183,353,65
天津,2016-07-20,57,169,300,123
天津,2016-07-21,0,194,334,65
天津,2016-07-22,0,202,322,127
天津,2016-07-23,0,160,317,131
天津,2016-07-24,0,192,304,132
天津,2016-07-25,0,183,336,118
天津,2016-07-26,0,183,362,141
天津,2016-07-27,57,202,331,149
天津,2016-07-28,57,194,335,137
天津,2016-07-29,0,178,307,129
天津,2016-07-30,57,173,307,131
天津,2016-07-31,57,184,309,128
天津,2016-08-01,57,190,331,131
天津,2016-08-02,0,196,372,130
天津,2016-08-03,57,192,406,126
天津,2016-08-04,0,189,481,144
天津,2016-08-05,57,211,386,136
天津,2016-08-06,59,167,334,118
天津,2016-08-07,57,179,329,74
天津,2016-08-08,57,175,342,133
天津,2016-08-09,119,150,298,69
天津,2016-08-10,0,193,356,137
天津,2016-08-11,0,178,348,134
天津,2016-08-12,57,155,322,145
天津,2016-08-13,57,178,315,130
天津,2016-08-14,0,145,299,74
天津,2016-08-15,0,195,332,138
天津,2016-08-16,57,181,327,137
天津,2016-08-17,0,184,298,135
天津,2016-08-18,118,177,351,130
天津,2016-08-19,0,157,318,73
天津,2016-08-20,0,170,280,127
天津,2016-08-21,57,161,309,70
天津,2016-08-22,114,209,353,79
天津,2016-08-23,57,191,323,60
天津,2016-08-24,57,186,506,161
天津,2016-08-25,63,190,534,160
天津,2016-08-26,59,176,396,158
天津,2016-08-27,57,176,335,133
天津,2016-08-28,0,156,274,138
天津,2016-08-29,0,198,321,142
天津,2016-08-30,0,192,314,129
天津,2016-08-31,59,181,337,143
天津,2016-09-01,0,177,356,82
天津,2016-09-02,57,203,288,140
天津,2016-09-03,0,180,332,78
天津,2016-09-04,0,166,309,139
天津,2016-09-05,0,203,336,132
天津,2016-09-06,68,207,365,142
天津,2016-09-07,120,160,322,154
天津,2016-09-08,57,185,296,149
天津,2016-09-09,0,177,286,158
天津,2016-09-10,0,149,237,129
天津,2016-09-11,0,174,308,129
天津,2016-09-12,57,183,257,133
天津,2016-09-13,0,178,290,137
天津,2016-09-14,57,176,281,139
天津,2016-09-15,59,137,243,69
天津,2016-09-16,57,170,263,129
天津,2016-09-17,114,170,245,144
天津,2016-09-18,61,183,274,137
天津,2016-09-19,57,208,323,130
天津,2016-09-20,57,170,293,135
天津,2016-09-21,57,176,319,142
天津,2016-09-22,57,177,297,143
天津,2016-09-23,0,196,299,153
天津,2016-09-24,0,180,278,147
天津,2016-09-25,57,173,256,155
天津,2016-09-26,57,187,301,125
天津,2016-09-27,57,190,275,138
天津,2016-09-28,61,176,278,134
天津,2016-09-29,0,177,272,150
天津,2016-09-30,0,168,288,144
天津,2016-10-01,0,143,240,130
天津,2016-10-02,57,138,233,136
天津,2016-10-03,0,144,217,123
天津,2016-10-04,0,146,261,137
天津,2016-10-05,0,165,228,129
天津,2016-10-06,0,160,239,74
天津,2016-10-07,0,172,262,79
天津,2016-10-08,59,152,279,150
天津,2016-10-09,0,161,265,137
天津,2016-10-10,0,193,320,126
天津,2016-10-11,114,154,285,144
天津,2016-10-12,59,196,271,147
天津,2016-10-13,0,168,278,146
天津,2016-10-14,0,175,309,148
天津,2016-10-15,0,154,259,151
天津,2016-10-16,0,169,263,141
天津,2016-10-17,114,166,276,148
天津,2016-10-18,61,181,282,149
天津,2016-10-19,59,193,291,164
天津,2016-10-20,59,168,268,144
天津,2016-10-21,57,168,255,134
天津,2016-10-22,120,138,259,146
天津,2016-10-23,60,154,243,132
天津,2016-10-24,119,162,275,150
天津,2016-10-25,59,167,264,140
天津,2016-10-26,0,183,269,147
天津,2016-10-27,0,195,291,140
天津,2016-10-28,57,172,225,139
天津,2016-10-29,0,190,242,142
天津,2016-10-30,0,152,269,129
天津,2016-10-31,0,173,260,133
天津,2016-11-01,57,169,259,140
天津,2016-11-02,0,190,283,99
天津,2016-11-03,59,176,256,137
天津,2016-11-04,59,167,257,134
天津,2016-11-05,0,149,237,131
天津,2016-11-06,0,154,236,140
天津,2016-11-07,114,164,277,137
天津,2016-11-08,0,87,255,79
天津,2016-11-09,0,87,293,83
天津,2016-11-10,59,163,263,137
天津,2016-11-11,0,166,238,140
天津,2016-11-12,0,147,244,122
天津,2016-11-13,0,149,256,128
天津,2016-11-14,114,177,264,120
天津,2016-11-15,114,158,287,133
天津,2016-11-16,0,179,303,146
天津,2016-11-17,57,157,263,142
天津,2016-11-18,59,148,268,79
天津,2016-11-19,57,156,256,123
天津,2016-11-20,61,150,237,70
天津,2016-11-21,114,155,252,78
天津,2016-11-22,0,171,278,74
天津,2016-11-23,63,165,300,171
天津,2016-11-24,57,186,291,141
天津,2016-11-25,0,165,303,137
天津,2016-11-26,57,152,239,138
天津,2016-11-27,0,164,237,145
天津,2016-11-28,61,193,254,139
天津,2016-11-29,59,169,279,151
天津,2016-11-30,114,190,356,142
天津,2016-12-01,59,165,295,145
天津,2016-12-02,0,161,308,138
天津,2016-12-03,0,155,271,145
天津,2016-12-04,59,170,284,155
天津,2016-12-05,57,173,293,166
天津,2016-12-06,59,187,300,136
天津,2016-12-07,61,187,299,148
天津,2016-12-08,0,172,284,143
天津,2016-12-09,57,183,279,151
天津,2016-12-10,57,172,234,78
天津,2016-12-11,118,155,240,133
天津,2016-12-12,66,164,294,140
天津,2016-12-13,114,157,263,146
天津,2016-12-14,57,149,270,140
天津,2016-12-15,57,149,249,129
天津,2016-12-16,0,163,241,140
天津,2016-12-17,0,165,259,136
天津,2016-12-18,0,161,249,133
天津,2016-12-19,59,181,280,157
天津,2016-12-20,59,165,289,143
天津,2016-12-21,59,179,301,154
天津,2016-12-22,0,177,284,158
天津,2016-12-23,0,168,272,148
天津,2016-12-24,0,146,246,136
天津,2016-12-25,0,181,246,140
天津,2016-12-26,57,181,300,113
天津,2016-12-27,0,178,272,150
天津,2016-12-28,59,170,292,143
天津,2016-12-29,57,174,322,105
天津,2016-12-30,0,147,272,159
天津,2016-12-31,57,155,213,166
天津,2017-01-01,0,145,247,130
天津,2017-01-02,57,142,244,135
天津,2017-01-03,57,165,284,140
天津,2017-01-04,0,161,271,143
天津,2017-01-05,57,142,322,180
天津,2017-01-06,57,186,261,150
天津,2017-01-07,114,149,267,145
天津,2017-01-08,0,149,221,138
天津,2017-01-09,0,165,264,147
天津,2017-01-10,59,181,262,150
天津,2017-01-11,0,159,255,146
天津,2017-01-12,0,154,265,153
天津,2017-01-13,57,157,258,144
天津,2017-01-14,0,147,210,140
天津,2017-01-15,0,136,208,134
天津,2017-01-16,0,162,254,156
天津,2017-01-17,0,152,210,151
天津,2017-01-18,57,150,217,140
天津,2017-01-19,0,157,239,156
天津,2017-01-20,0,147,228,135
天津,2017-01-21,0,143,205,144
天津,2017-01-22,0,152,226,132
天津,2017-01-23,57,142,210,149
天津,2017-01-24,59,147,228,151
天津,2017-01-25,0,148,193,147
天津,2017-01-26,57,137,193,66
天津,2017-01-27,0,124,148,73
天津,2017-01-28,0,128,182,117
天津,2017-01-29,0,154,160,127
天津,2017-01-30,0,133,177,61
天津,2017-01-31,0,142,210,131
天津,2017-02-01,0,144,207,142
天津,2017-02-02,0,149,199,127
天津,2017-02-03,0,199,247,139
天津,2017-02-04,57,169,290,74
天津,2017-02-05,0,159,246,140
天津,2017-02-06,0,199,290,140
天津,2017-02-07,0,200,263,79
天津,2017-02-08,0,197,317,142
天津,2017-02-09,0,200,259,150
天津,2017-02-10,0,176,244,144
天津,2017-02-11,0,145,243,141
天津,2017-02-12,0,155,232,124
天津,2017-02-13,0,177,322,129
天津,2017-02-14,0,164,243,151
天津,2017-02-15,57,186,278,144
天津,2017-02-16,57,176,261,155
天津,2017-02-17,0,167,247,150
天津,2017-02-18,0,167,253,145
天津,2017-02-19,0,191,266,136
天津,2017-02-20,0,211,275,147
天津,2017-02-21,63,197,274,147
天津,2017-02-22,59,176,268,148
天津,2017-02-23,57,201,260,131
天津,2017-02-24,0,179,285,137
天津,2017-02-25,0,157,235,92
天津,2017-02-26,0,151,259,150
天津,2017-02-27,59,197,286,133
天津,2017-02-28,57,162,275,138
天津,2017-03-01,59,176,328,82
天津,2017-03-02,57,181,311,140
天津,2017-03-03,0,172,313,146
天津,2017-03-04,0,177,254,133
天津,2017-03-05,57,179,244,132
天津,2017-03-06,59,200,288,151
天津,2017-03-07,0,173,310,144
天津,2017-03-08,0,177,260,155
天津,2017-03-09,0,202,284,152
天津,2017-03-10,57,175,283,157
天津,2017-03-11,0,170,259,133
天津,2017-03-12,57,167,261,87
天津,2017-03-13,0,191,293,168
天津,2017-03-14,57,183,276,151
天津,2017-03-15,57,189,314,149
天津,2017-03-16,57,206,316,174
天津,2017-03-17,63,194,329,160
天津,2017-03-18,0,172,271,92
天津,2017-03-19,0,174,288,154
天津,2017-03-20,57,199,331,150
天津,2017-03-21,114,204,311,160
天津,2017-03-22,114,197,325,156
天津,2017-03-23,118,198,336,144
天津,2017-03-24,57,168,314,162
天津,2017-03-25,0,151,271,166
天津,2017-03-26,60,160,248,157
天津,2017-03-27,116,183,299,105
天津,2017-03-28,59,197,277,160
天津,2017-03-29,60,169,284,170
天津,2017-03-30,57,170,284,140
天津,2017-03-31,63,155,263,154
天津,2017-04-01,57,163,261,158
天津,2017-04-02,0,167,213,83
天津,2017-04-03,0,168,201,96
天津,2017-04-04,0,151,228,146
天津,2017-04-05,57,170,271,169
天津,2017-04-06,0,166,256,105
天津,2017-04-07,0,163,268,95
天津,2017-04-08,57,148,264,87
天津,2017-04-09,57,169,230,166
天津,2017-04-10,57,172,259,159
天津,2017-04-11,0,190,297,159
天津,2017-04-12,57,170,294,172
天津,2017-04-13,59,161,262,162
天津,2017-04-14,0,179,285,163
天津,2017-04-15,0,166,231,140
天津,2017-04-16,0,177,227,174
天津,2017-04-17,116,183,286,149
天津,2017-04-18,114,168,262,154
天津,2017-04-19,57,179,318,148
天津,2017-04-20,114,178,269,150
天津,2017-04-21,0,154,263,156
天津,2017-04-22,0,141,238,162
天津,2017-04-23,0,147,230,159
天津,2017-04-24,0,181,285,190
天津,2017-04-25,57,161,249,198
天津,2017-04-26,61,172,257,189
天津,2017-04-27,0,162,304,151
天津,2017-04-28,114,157,262,170
天津,2017-04-29,61,153,238,149
天津,2017-04-30,0,149,195,151
天津,2017-05-01,0,161,249,154
天津,2017-05-02,61,193,272,165
天津,2017-05-03,59,175,309,167
天津,2017-05-04,114,253,286,159
天津,2017-05-05,0,231,273,168
天津,2017-05-06,57,143,230,173
天津,2017-05-07,0,191,248,139
天津,2017-05-08,57,175,291,109
天津,2017-05-09,57,181,274,168
天津,2017-05-10,57,172,257,166
天津,2017-05-11,61,189,258,185
天津,2017-05-12,0,165,277,161
天津,2017-05-13,116,151,259,144
天津,2017-05-14,57,164,236,109
天津,2017-05-15,0,188,290,160
天津,2017-05-16,114,167,272,172
天津,2017-05-17,0,160,271,91
天津,2017-05-18,0,185,268,193
天津,2017-05-19,57,161,267,200
天津,2017-05-20,57,153,274,175
天津,2017-05-21,118,157,236,157
天津,2017-05-22,116,161,300,159
天津,2017-05-23,61,194,300,179
天津,2017-05-24,57,179,278,158
天津,2017-05-25,57,159,284,169
天津,2017-05-26,118,170,272,159
天津,2017-05-27,57,167,259,143
天津,2017-05-28,0,158,251,105
天津,2017-05-29,0,160,238,152
天津,2017-05-30,0,151,230,151
天津,2017-05-31,59,167,254,150
天津,2017-06-01,66,160,229,157
天津,2017-06-02,57,155,247,183
天津,2017-06-03,0,162,193,166
天津,2017-06-04,0,164,247,83
天津,2017-06-05,57,157,287,168
天津,2017-06-06,0,191,282,172
天津,2017-06-07,0,176,314,155
天津,2017-06-08,61,157,301,165
天津,2017-06-09,0,157,271,153
天津,2017-06-10,60,167,260,148
天津,2017-06-11,57,175,252,163
天津,2017-06-12,65,156,275,113
天津,2017-06-13,0,164,259,121
天津,2017-06-14,57,175,306,172
天津,2017-06-15,0,172,257,153
天津,2017-06-16,57,175,226,167
天津,2017-06-17,57,153,267,172
天津,2017-06-18,60,143,229,149
天津,2017-06-19,59,169,312,180
天津,2017-06-20,57,141,313,168
天津,2017-06-21,129,174,249,175
天津,2017-06-22,0,208,334,170
天津,2017-06-23,0,174,308,161
天津,2017-06-24,0,155,287,199
天津,2017-06-25,0,172,252,171
天津,2017-06-26,57,191,264,160
天津,2017-06-27,57,187,295,176
天津,2017-06-28,116,174,305,172
天津,2017-06-29,0,180,297,191
天津,2017-06-30,114,165,283,174
天津,2017-07-01,0,166,280,181
天津,2017-07-02,59,176,280,189
天津,2017-07-03,118,184,300,187
天津,2017-07-04,57,178,307,179
天津,2017-07-05,57,165,273,182
天津,2017-07-06,57,168,296,187
天津,2017-07-07,57,166,292,174
天津,2017-07-08,0,166,251,163
天津,2017-07-09,0,146,252,168
天津,2017-07-10,0,178,297,172
天津,2017-07-11,57,168,328,208
天津,2017-07-12,0,142,249,185
天津,2017-07-13,57,189,278,167
天津,2017-07-14,57,172,268,166
天津,2017-07-15,0,150,256,149
天津,2017-07-16,0,148,255,148
天津,2017-07-17,0,180,267,174
天津,2017-07-18,63,171,283,197
天津,2017-07-19,0,178,319,169
天津,2017-07-20,0,167,320,186
天津,2017-07-21,0,177,298,159
天津,2017-07-22,0,139,231,175
天津,2017-07-23,0,161,223,155
天津,2017-07-24,0,179,298,174
天津,2017-07-25,114,173,278,178
天津,2017-07-26,0,181,318,181
天津,2017-07-27,57,166,313,164
天津,2017-07-28,57,169,302,170
天津,2017-07-29,0,153,237,183
天津,2017-07-30,0,164,236,165
天津,2017-07-31,0,169,284,181
天津,2017-08-01,0,156,316,168
天津,2017-08-02,57,176,329,146
天津,2017-08-03,114,181,322,172
天津,2017-08-04,57,156,293,189
天津,2017-08-05,57,155,249,163
天津,2017-08-06,0,152,229,168
天津,2017-08-07,60,152,336,174
天津,2017-08-08,0,163,325,189
天津,2017-08-09,0,155,316,156
天津,2017-08-10,0,193,343,184
天津,2017-08-11,59,160,273,180
天津,2017-08-12,57,151,281,164
天津,2017-08-13,57,160,281,176
天津,2017-08-14,57,172,300,176
天津,2017-08-15,0,178,284,187
天津,2017-08-16,0,164,322,169
天津,2017-08-17,0,175,293,173
天津,2017-08-18,57,171,300,161
天津,2017-08-19,0,146,292,174
天津,2017-08-20,0,148,274,157
天津,2017-08-21,61,152,279,177
天津,2017-08-22,57,159,299,178
天津,2017-08-23,57,176,288,186
天津,2017-08-24,59,182,300,191
天津,2017-08-25,57,170,297,183
天津,2017-08-26,0,147,246,169
天津,2017-08-27,57,125,237,179
天津,2017-08-28,61,152,260,160
天津,2017-08-29,0,174,254,189
天津,2017-08-30,57,189,264,169
天津,2017-08-31,57,168,291,181
天津,2017-09-01,57,174,267,168
天津,2017-09-02,57,174,272,170
天津,2017-09-03,0,163,227,166
天津,2017-09-04,57,185,304,180
天津,2017-09-05,0,146,292,210
天津,2017-09-06,0,175,304,189
天津,2017-09-07,0,189,294,205
天津,2017-09-08,0,171,257,210
天津,2017-09-09,0,148,303,99
天津,2017-09-10,57,159,262,161
天津,2017-09-11,59,157,303,183
天津,2017-09-12,0,154,334,177
天津,2017-09-13,114,147,318,173
天津,2017-09-14,57,171,272,192
天津,2017-09-15,63,146,311,186
天津,2017-09-16,0,149,264,157
天津,2017-09-17,60,143,256,173
天津,2017-09-18,59,178,270,203
天津,2017-09-19,66,178,297,158
天津,2017-09-20,0,169,281,210
天津,2017-09-21,57,152,263,224
天津,2017-09-22,0,144,278,182
天津,2017-09-23,0,163,213,169
天津,2017-09-24,57,138,244,179
天津,2017-09-25,57,159,289,193
天津,2017-09-26,57,176,285,122
天津,2017-09-27,0,172,273,169
天津,2017-09-28,0,189,261,181
天津,2017-09-29,0,167,269,179
天津,2017-09-30,0,149,259,166
天津,2017-10-01,0,137,189,162
天津,2017-10-02,0,139,206,92
天津,2017-10-03,0,120,200,176
天津,2017-10-04,0,129,202,187
天津,2017-10-05,0,135,197,174
天津,2017-10-06,0,134,227,161
天津,2017-10-07,59,138,232,167
天津,2017-10-08,57,152,231,165
天津,2017-10-09,57,165,248,200
天津,2017-10-10,57,187,328,200
天津,2017-10-11,61,186,290,189
天津,2017-10-12,114,207,251,173
天津,2017-10-13,120,173,279,173
天津,2017-10-14,57,153,255,158
天津,2017-10-15,57,142,250,179
天津,2017-10-16,124,191,315,175
天津,2017-10-17,128,180,305,184
天津,2017-10-18,119,185,318,199
天津,2017-10-19,57,183,290,191
天津,2017-10-20,114,185,276,164
天津,2017-10-21,65,187,229,174
天津,2017-10-22,0,188,226,179
天津,2017-10-23,0,181,260,183
天津,2017-10-24,0,178,291,190
天津,2017-10-25,61,188,299,173
天津,2017-10-26,120,175,285,192
天津,2017-10-27,114,193,279,176
天津,2017-10-28,0,162,265,179
天津,2017-10-29,118,162,232,172
天津,2017-10-30,0,205,304,222
天津,2017-10-31,0,169,287,202
天津,2017-11-01,0,168,281,203
天津,2017-11-02,66,178,267,183
天津,2017-11-03,59,170,257,179
天津,2017-11-04,57,180,251,189
天津,2017-11-05,116,165,243,170
天津,2017-11-06,60,176,290,221
天津,2017-11-07,114,162,300,196
天津,2017-11-08,57,169,264,200
天津,2017-11-09,57,172,263,205
天津,2017-11-10,0,171,248,183
天津,2017-11-11,0,150,242,194
天津,2017-11-12,0,158,245,165
天津,2017-11-13,57,180,291,183
天津,2017-11-14,129,189,296,181
天津,2017-11-15,60,165,286,184
天津,2017-11-16,0,167,261,189
天津,2017-11-17,118,188,273,181
天津,2017-11-18,57,173,242,176
天津,2017-11-19,59,163,296,173
天津,2017-11-20,65,159,273,205
天津,2017-11-21,60,153,282,121
天津,2017-11-22,57,197,314,201
天津,2017-11-23,0,180,317,200
天津,2017-11-24,123,171,276,217
天津,2017-11-25,114,186,227,196
天津,2017-11-26,0,154,253,189
天津,2017-11-27,0,174,292,229
天津,2017-11-28,118,188,296,263
天津,2017-11-29,134,194,302,282
天津,2017-11-30,59,176,307,267
天津,2017-12-01,0,197,256,290
天津,2017-12-02,61,141,246,281
天津,2017-12-03,59,152,261,255
天津,2017-12-04,0,175,333,267
天津,2017-12-05,0,162,299,292
天津,2017-12-06,58,191,292,289
天津,2017-12-07,0,180,306,326
天津,2017-12-08,0,174,283,237
天津,2017-12-09,114,171,268,241
天津,2017-12-10,61,154,235,258
天津,2017-12-11,57,167,301,256
天津,2017-12-12,57,162,315,261
天津,2017-12-13,57,167,351,251
天津,2017-12-14,61,158,295,253
天津,2017-12-15,59,148,272,250
天津,2017-12-16,0,151,297,224
天津,2017-12-17,118,159,275,247
天津,2017-12-18,0,197,358,238
天津,2017-12-19,63,158,298,244
天津,2017-12-20,0,186,313,250
天津,2017-12-21,0,182,315,243
天津,2017-12-22,57,161,292,246
天津,2017-12-23,61,165,237,222
天津,2017-12-24,70,151,229,221
天津,2017-12-25,61,166,311,253
天津,2017-12-26,57,182,291,244
天津,2017-12-27,91,199,301,233
天津,2017-12-28,57,170,329,207
天津,2017-12-29,59,171,291,243
天津,2017-12-30,0,131,242,208
天津,2017-12-31,0,147,251,211
天津,2018-01-01,57,153,263,208
天津,2018-01-02,59,148,301,224
天津,2018-01-03,63,147,333,228
天津,2018-01-04,0,201,317,220
天津,2018-01-05,0,151,258,210
天津,2018-01-06,57,146,269,220
天津,2018-01-07,0,145,247,193
天津,2018-01-08,0,177,296,219
天津,2018-01-09,59,154,303,231
天津,2018-01-10,59,162,295,227
天津,2018-01-11,0,153,421,221
天津,2018-01-12,0,159,318,212
天津,2018-01-13,0,150,285,228
天津,2018-01-14,0,134,288,208
天津,2018-01-15,61,160,275,222
天津,2018-01-16,0,146,313,233
天津,2018-01-17,57,190,295,225
天津,2018-01-18,59,146,287,208
天津,2018-01-19,57,148,274,209
天津,2018-01-20,0,152,230,178
天津,2018-01-21,57,143,252,196
天津,2018-01-22,59,153,285,204
天津,2018-01-23,114,148,292,207
天津,2018-01-24,0,164,282,136
天津,2018-01-25,0,182,256,205
天津,2018-01-26,0,142,243,185
天津,2018-01-27,57,155,233,189
天津,2018-01-28,0,144,215,198
天津,2018-01-29,0,178,267,219
天津,2018-01-30,0,193,265,195
天津,2018-01-31,57,150,231,189
天津,2018-02-01,0,162,253,190
天津,2018-02-02,0,144,248,197
天津,2018-02-03,0,135,204,203
天津,2018-02-04,0,144,227,169
天津,2018-02-05,118,167,227,206
天津,2018-02-06,57,147,238,196
天津,2018-02-07,0,140,238,220
天津,2018-02-08,57,134,301,199
天津,2018-02-09,57,141,226,172
天津,2018-02-10,0,123,204,193
天津,2018-02-11,0,132,236,186
天津,2018-02-12,0,126,211,172
天津,2018-02-13,59,131,215,128
天津,2018-02-14,0,124,173,140
天津,2018-02-15,0,129,161,82
天津,2018-02-16,0,120,200,84
天津,2018-02-17,0,61,205,142
天津,2018-02-18,0,124,188,148
天津,2018-02-19,0,131,224,92
天津,2018-02-20,0,133,218,167
天津,2018-02-21,57,141,208,169
天津,2018-02-22,0,138,291,165
天津,2018-02-23,0,146,291,190
天津,2018-02-24,0,131,255,170
天津,2018-02-25,0,135,250,163
天津,2018-02-26,0,152,288,207
天津,2018-02-27,59,148,271,185
天津,2018-02-28,63,161,318,175
天津,2018-03-01,63,154,270,213
天津,2018-03-02,0,157,264,211
天津,2018-03-03,57,145,238,187
天津,2018-03-04,0,162,249,183
天津,2018-03-05,0,173,312,194
天津,2018-03-06,0,168,340,191
天津,2018-03-07,59,156,317,191
天津,2018-03-08,116,150,306,218
天津,2018-03-09,57,175,345,179
天津,2018-03-10,57,156,242,194
天津,2018-03-11,59,146,282,185
天津,2018-03-12,57,165,337,232
天津,2018-03-13,57,178,283,209
天津,2018-03-14,0,187,301,198
天津,2018-03-15,57,147,311,173
天津,2018-03-16,57,133,293,188
天津,2018-03-17,58,142,267,182
天津,2018-03-18,116,148,276,225
天津,2018-03-19,57,175,322,182
天津,2018-03-20,57,170,327,194
天津,2018-03-21,59,168,319,189
天津,2018-03-22,0,165,299,185
天津,2018-03-23,57,154,292,213
天津,2018-03-24,116,152,244,196
天津,2018-03-25,0,154,225,173
天津,2018-03-26,59,183,316,182
天津,2018-03-27,59,157,304,211
天津,2018-03-28,57,159,314,195
天津,2018-03-29,59,171,297,200
天津,2018-03-30,57,161,299,211
天津,2018-03-31,0,134,282,208
天津,2018-04-01,114,148,262,189
天津,2018-04-02,0,177,269,201
天津,2018-04-03,59,175,344,189
天津,2018-04-04,0,162,299,201
天津,2018-04-05,0,157,238,209
天津,2018-04-06,59,142,225,204
天津,2018-04-07,0,144,248,185
天津,2018-04-08,0,181,289,217
天津,2018-04-09,0,167,311,215
天津,2018-04-10,59,176,322,229
天津,2018-04-11,0,161,357,197
天津,2018-04-12,0,165,400,217
天津,2018-04-13,0,170,384,220
天津,2018-04-14,57,139,277,215
天津,2018-04-15,0,131,284,184
天津,2018-04-16,114,159,330,223
天津,2018-04-17,59,143,339,196
天津,2018-04-18,57,154,300,215
天津,2018-04-19,59,163,300,230
天津,2018-04-20,57,155,309,218
天津,2018-04-21,0,130,270,189
天津,2018-04-22,0,131,258,208
天津,2018-04-23,57,161,286,212
天津,2018-04-24,59,171,309,200
天津,2018-04-25,0,167,312,212
天津,2018-04-26,61,169,336,212
天津,2018-04-27,61,161,309,207
天津,2018-04-28,0,144,280,208
天津,2018-04-29,0,150,230,189
天津,2018-04-30,0,147,242,212
天津,2018-05-01,59,161,241,194
天津,2018-05-02,61,186,290,217
天津,2018-05-03,0,162,320,220
天津,2018-05-04,0,146,288,197
天津,2018-05-05,57,159,279,205
天津,2018-05-06,0,148,262,189
天津,2018-05-07,57,160,295,207
天津,2018-05-08,0,175,309,207
天津,2018-05-09,0,173,291,242
天津,2018-05-10,59,169,326,209
天津,2018-05-11,57,164,316,215
天津,2018-05-12,0,143,265,221
天津,2018-05-13,0,149,275,193
天津,2018-05-14,0,159,336,215
天津,2018-05-15,0,153,325,219
天津,2018-05-16,57,160,311,197
天津,2018-05-17,0,166,305,186
天津,2018-05-18,59,148,280,193
天津,2018-05-19,57,150,259,139
天津,2018-05-20,0,145,246,212
天津,2018-05-21,59,152,280,217
天津,2018-05-22,0,162,297,204
天津,2018-05-23,118,175,314,204
天津,2018-05-24,57,168,305,218
天津,2018-05-25,61,169,292,198
天津,2018-05-26,57,143,263,184
天津,2018-05-27,61,158,284,183
天津,2018-05-28,59,161,322,193
天津,2018-05-29,116,158,309,224
天津,2018-05-30,121,174,298,221
天津,2018-05-31,121,168,309,195
天津,2018-06-01,61,145,279,200
天津,2018-06-02,0,156,264,206
天津,2018-06-03,57,165,244,197
天津,2018-06-04,57,171,305,206
天津,2018-06-05,114,178,311,192
天津,2018-06-06,57,168,308,223
天津,2018-06-07,0,145,288,193
天津,2018-06-08,0,166,298,209
天津,2018-06-09,57,137,245,202
天津,2018-06-10,0,155,259,136
天津,2018-06-11,0,182,249,193
天津,2018-06-12,118,170,311,200
天津,2018-06-13,61,162,290,199
天津,2018-06-14,0,144,276,208
天津,2018-06-15,0,153,265,184
天津,2018-06-16,59,144,228,126
天津,2018-06-17,0,129,193,125
天津,2018-06-18,57,152,228,120
天津,2018-06-19,57,163,307,154
天津,2018-06-20,0,145,288,156
天津,2018-06-21,0,148,307,171
天津,2018-06-22,57,135,278,186
天津,2018-06-23,0,130,242,167
天津,2018-06-24,0,142,233,117
天津,2018-06-25,0,158,258,178
天津,2018-06-26,57,137,277,174
天津,2018-06-27,114,156,284,173
天津,2018-06-28,0,133,280,155
天津,2018-06-29,57,163,305,199
天津,2018-06-30,0,159,233,219
天津,2018-07-01,0,144,234,210
天津,2018-07-02,0,145,259,206
天津,2018-07-03,0,141,304,193
天津,2018-07-04,0,147,254,225
天津,2018-07-05,0,152,278,219
天津,2018-07-06,0,133,322,215
天津,2018-07-07,0,136,284,205
天津,2018-07-08,57,122,305,195
天津,2018-07-09,0,154,385,207
天津,2018-07-10,59,147,468,243
天津,2018-07-11,0,139,480,218
天津,2018-07-12,57,171,448,215
天津,2018-07-13,57,143,499,210
天津,2018-07-14,0,164,419,235
天津,2018-07-15,0,149,416,218
天津,2018-07-16,114,143,646,228
天津,2018-07-17,59,167,819,245
天津,2018-07-18,0,153,812,250
天津,2018-07-19,0,141,753,250
天津,2018-07-20,57,137,902,219
天津,2018-07-21,57,135,740,195
天津,2018-07-22,57,134,967,229
天津,2018-07-23,61,148,1266,236
天津,2018-07-24,0,151,990,190
天津,2018-07-25,57,145,943,223
天津,2018-07-26,117,160,691,222
天津,2018-07-27,57,160,621,211
天津,2018-07-28,57,135,514,212
天津,2018-07-29,57,127,525,194
天津,2018-07-30,0,171,576,225
天津,2018-07-31,0,164,559,227
天津,2018-08-01,57,148,678,217
天津,2018-08-02,59,143,671,219
天津,2018-08-03,0,152,721,219
天津,2018-08-04,57,146,674,220
天津,2018-08-05,0,127,589,211
天津,2018-08-06,57,146,1215,211
天津,2018-08-07,57,157,1165,232
天津,2018-08-08,114,162,1034,219
天津,2018-08-09,59,151,1159,207
天津,2018-08-10,57,145,868,195
天津,2018-08-11,0,131,622,199
天津,2018-08-12,0,153,607,194
天津,2018-08-13,58,150,639,214
天津,2018-08-14,0,151,571,195
天津,2018-08-15,0,161,541,169
天津,2018-08-16,0,156,478,203
天津,2018-08-17,0,130,461,196
天津,2018-08-18,57,130,318,151
天津,2018-08-19,0,148,332,165
天津,2018-08-20,114,146,463,189
天津,2018-08-21,0,151,461,185
天津,2018-08-22,57,149,457,205
天津,2018-08-23,63,169,650,183
天津,2018-08-24,0,146,539,205
天津,2018-08-25,57,74,332,178
天津,2018-08-26,59,133,417,182
天津,2018-08-27,57,145,439,202
天津,2018-08-28,59,144,438,202
天津,2018-08-29,57,134,399,179
天津,2018-08-30,0,147,325,194
天津,2018-08-31,57,135,308,184
天津,2018-09-01,0,137,234,139
天津,2018-09-02,0,129,285,209
天津,2018-09-03,0,148,358,221
天津,2018-09-04,0,135,314,199
天津,2018-09-05,0,134,356,235
天津,2018-09-06,0,136,316,206
天津,2018-09-07,61,125,352,184
天津,2018-09-08,0,137,328,187
天津,2018-09-09,0,126,302,201
天津,2018-09-10,57,152,370,205
天津,2018-09-11,59,131,386,214
天津,2018-09-12,59,142,343,229
天津,2018-09-13,59,141,340,176
天津,2018-09-14,57,136,345,211
天津,2018-09-15,0,124,273,132
天津,2018-09-16,0,142,260,130
天津,2018-09-17,59,138,307,198
天津,2018-09-18,59,144,325,198
天津,2018-09-19,57,141,307,185
天津,2018-09-20,0,139,336,184
天津,2018-09-21,0,129,294,197
天津,2018-09-22,0,135,261,115
天津,2018-09-23,0,124,234,178
天津,2018-09-24,0,143,250,176
天津,2018-09-25,57,144,282,189
天津,2018-09-26,57,139,295,194
天津,2018-09-27,0,137,265,172
天津,2018-09-28,59,130,297,173
天津,2018-09-29,0,143,283,197
天津,2018-09-30,57,124,297,170
天津,2018-10-01,0,133,260,193
天津,2018-10-02,0,130,257,176
天津,2018-10-03,0,128,279,132
天津,2018-10-04,57,129,246,202
天津,2018-10-05,0,122,270,205
天津,2018-10-06,61,120,274,139
天津,2018-10-07,59,137,324,187
天津,2018-10-08,114,142,419,245
天津,2018-10-09,63,145,370,236
天津,2018-10-10,117,146,361,227
天津,2018-10-11,0,153,368,223
天津,2018-10-12,0,152,316,208
天津,2018-10-13,0,73,234,178
天津,2018-10-14,0,134,267,182
天津,2018-10-15,116,140,320,211
天津,2018-10-16,57,136,364,193
天津,2018-10-17,61,150,348,188
天津,2018-10-18,114,147,326,189
天津,2018-10-19,57,165,333,206
天津,2018-10-20,59,146,295,138
天津,2018-10-21,57,137,280,123
天津,2018-10-22,0,156,322,209
天津,2018-10-23,58,137,358,187
天津,2018-10-24,57,173,348,167
天津,2018-10-25,118,162,302,205
天津,2018-10-26,0,166,270,172
天津,2018-10-27,0,135,238,151
天津,2018-10-28,57,133,221,150
天津,2018-10-29,0,140,290,193
天津,2018-10-30,57,140,292,207
天津,2018-10-31,57,156,281,171
天津,2018-11-01,0,146,262,192
天津,2018-11-02,57,152,284,199
天津,2018-11-03,0,137,226,179
天津,2018-11-04,59,76,219,175
天津,2018-11-05,118,141,284,163
天津,2018-11-06,115,141,265,214
天津,2018-11-07,57,145,276,174
天津,2018-11-08,57,137,256,200
天津,2018-11-09,57,144,226,182
天津,2018-11-10,0,147,191,171
天津,2018-11-11,0,139,187,195
天津,2018-11-12,61,156,248,210
天津,2018-11-13,58,138,237,165
天津,2018-11-14,0,144,223,191
天津,2018-11-15,57,139,233,211
天津,2018-11-16,114,139,221,204
天津,2018-11-17,57,133,209,187
天津,2018-11-18,0,139,225,198
天津,2018-11-19,0,162,205,186
天津,2018-11-20,57,140,244,214
天津,2018-11-21,65,139,265,174
天津,2018-11-22,57,146,260,184
天津,2018-11-23,57,141,247,176
天津,2018-11-24,0,73,229,180
天津,2018-11-25,0,133,232,174
天津,2018-11-26,0,144,252,186
天津,2018-11-27,0,171,218,172
天津,2018-11-28,0,156,223,178
天津,2018-11-29,0,150,230,182
天津,2018-11-30,0,139,254,180
天津,2018-12-01,0,148,241,175
天津,2018-12-02,0,150,197,192
天津,2018-12-03,61,152,208,197
天津,2018-12-04,0,146,255,206
天津,2018-12-05,58,159,213,198
天津,2018-12-06,0,151,223,178
天津,2018-12-07,0,142,202,128
天津,2018-12-08,57,137,205,174
天津,2018-12-09,0,142,212,209
天津,2018-12-10,0,134,240,198
天津,2018-12-11,61,140,226,172
天津,2018-12-12,0,145,217,174
天津,2018-12-13,0,159,219,191
天津,2018-12-14,116,150,226,180
天津,2018-12-15,57,132,210,109
天津,2018-12-16,58,131,234,184
天津,2018-12-17,114,150,215,177
天津,2018-12-18,59,136,215,208
天津,2018-12-19,0,135,216,194
天津,2018-12-20,0,130,230,193
天津,2018-12-21,57,152,230,165
天津,2018-12-22,0,143,221,126
天津,2018-12-23,0,149,255,180
天津,2018-12-24,57,143,245,192
天津,2018-12-25,57,146,240,212
天津,2018-12-26,57,158,229,197
天津,2018-12-27,57,152,254,202
天津,2018-12-28,0,142,257,195
天津,2018-12-29,0,143,206,194
天津,2018-12-30,0,132,220,170
天津,2018-12-31,0,131,216,113
天津,2019-01-01,58,129,214,97
天津,2019-01-02,57,148,276,198
天津,2019-01-03,57,138,254,185
天津,2019-01-04,57,131,265,193
天津,2019-01-05,57,139,212,205
天津,2019-01-06,60,150,215,203
天津,2019-01-07,0,127,225,214
天津,2019-01-08,60,136,234,231
天津,2019-01-09,0,133,227,202
天津,2019-01-10,0,135,254,193
天津,2019-01-11,57,124,255,191
天津,2019-01-12,0,127,200,157
天津,2019-01-13,57,125,203,189
天津,2019-01-14,57,61,288,206
天津,2019-01-15,0,129,244,204
天津,2019-01-16,0,121,214,177
天津,2019-01-17,57,126,189,195
天津,2019-01-18,57,133,265,180
天津,2019-01-19,0,118,198,106
天津,2019-01-20,0,67,196,182
天津,2019-01-21,0,136,204,190
天津,2019-01-22,0,133,179,221
天津,2019-01-23,0,135,256,224
天津,2019-01-24,57,139,238,180
天津,2019-01-25,0,122,229,158
天津,2019-01-26,0,124,186,176
天津,2019-01-27,0,70,212,159
天津,2019-01-28,0,137,230,191
天津,2019-01-29,0,117,236,180
天津,2019-01-30,0,129,245,171
天津,2019-01-31,57,128,225,180
天津,2019-02-01,0,137,246,184
天津,2019-02-02,114,128,222,92
天津,2019-02-03,0,118,181,109
天津,2019-02-04,0,60,166,78
天津,2019-02-05,0,66,166,83
天津,2019-02-06,0,69,194,92
天津,2019-02-07,57,126,182,156
天津,2019-02-08,0,124,180,93
天津,2019-02-09,0,67,176,82
天津,2019-02-10,0,125,175,91
天津,2019-02-11,0,130,200,99
天津,2019-02-12,58,146,212,166
天津,2019-02-13,57,143,224,169
天津,2019-02-14,0,135,226,172
天津,2019-02-15,57,134,239,174
天津,2019-02-16,0,134,217,102
天津,2019-02-17,0,153,206,170
天津,2019-02-18,57,142,263,184
天津,2019-02-19,57,153,279,194
天津,2019-02-20,57,144,250,184
天津,2019-02-21,57,145,236,202
天津,2019-02-22,57,137,236,170
天津,2019-02-23,0,132,196,93
天津,2019-02-24,0,123,219,171
天津,2019-02-25,116,156,261,123
天津,2019-02-26,59,152,261,130
天津,2019-02-27,114,144,259,183
天津,2019-02-28,58,152,248,192
天津,2019-03-01,0,137,249,123
天津,2019-03-02,57,126,205,187
天津,2019-03-03,57,120,239,176
天津,2019-03-04,63,132,247,128
天津,2019-03-05,59,139,264,193
天津,2019-03-06,57,129,260,183
天津,2019-03-07,114,140,268,128
天津,2019-03-08,58,133,227,132
天津,2019-03-09,0,145,221,115
天津,2019-03-10,57,67,198,191
天津,2019-03-11,0,146,233,119
天津,2019-03-12,58,139,259,115
天津,2019-03-13,59,138,239,118
天津,2019-03-14,0,146,247,125
天津,2019-03-15,114,135,260,158
天津,2019-03-16,0,124,227,187
天津,2019-03-17,0,135,200,167
天津,2019-03-18,0,128,184,198
天津,2019-03-19,57,140,233,193
天津,2019-03-20,57,136,224,157
天津,2019-03-21,63,140,207,193
天津,2019-03-22,0,138,227,135
天津,2019-03-23,58,126,200,178
天津,2019-03-24,0,122,197,143
天津,2019-03-25,0,129,209,198
天津,2019-03-26,61,69,228,131
天津,2019-03-27,122,146,226,200
天津,2019-03-28,0,134,374,193
天津,2019-03-29,0,120,373,194
天津,2019-03-30,57,124,264,205
天津,2019-03-31,57,134,247,159
天津,2019-04-01,0,127,271,188
天津,2019-04-02,116,138,254,183
天津,2019-04-03,114,134,219,183
天津,2019-04-04,0,132,237,106
天津,2019-04-05,0,120,206,182
天津,2019-04-06,0,133,218,104
天津,2019-04-07,116,125,219,166
天津,2019-04-08,0,133,240,187
天津,2019-04-09,0,144,236,182
天津,2019-04-10,57,141,204,185
天津,2019-04-11,0,142,197,250
天津,2019-04-12,57,125,223,216
天津,2019-04-13,61,136,204,208
天津,2019-04-14,57,149,215,193
天津,2019-04-15,58,134,234,197
天津,2019-04-16,57,137,231,130
天津,2019-04-17,63,149,193,128
天津,2019-04-18,0,151,227,158
天津,2019-04-19,0,142,185,198
天津,2019-04-20,0,129,189,123
天津,2019-04-21,0,118,209,143
天津,2019-04-22,57,71,244,181
天津,2019-04-23,57,128,225,183
天津,2019-04-24,0,148,225,193
天津,2019-04-25,0,143,238,175
天津,2019-04-26,57,132,254,184
天津,2019-04-27,115,76,226,122
天津,2019-04-28,57,126,224,113
天津,2019-04-29,0,144,220,115
天津,2019-04-30,57,73,216,104
天津,2019-05-01,0,124,189,93
天津,2019-05-02,0,131,102,112
天津,2019-05-03,0,149,174,113
天津,2019-05-04,0,180,218,163
天津,2019-05-05,0,167,230,109
天津,2019-05-06,0,155,227,188
天津,2019-05-07,57,162,222,164
天津,2019-05-08,57,147,236,113
天津,2019-05-09,0,140,227,157
天津,2019-05-10,0,150,253,130
天津,2019-05-11,0,133,228,165
天津,2019-05-12,0,126,207,97
天津,2019-05-13,0,149,241,125
天津,2019-05-14,57,135,239,123
天津,2019-05-15,60,136,270,134
天津,2019-05-16,0,154,257,189
天津,2019-05-17,58,142,223,163
天津,2019-05-18,57,131,194,109
天津,2019-05-19,57,74,215,183
天津,2019-05-20,0,127,220,97
天津,2019-05-21,57,135,250,125
天津,2019-05-22,57,74,263,183
天津,2019-05-23,0,132,250,122
天津,2019-05-24,0,132,238,123
天津,2019-05-25,0,128,195,170
天津,2019-05-26,57,122,198,110
天津,2019-05-27,0,161,215,193
天津,2019-05-28,0,141,208,112
天津,2019-05-29,57,135,237,113
天津,2019-05-30,0,128,236,109
天津,2019-05-31,57,129,221,110
天津,2019-06-01,0,124,187,99
天津,2019-06-02,0,128,203,179
天津,2019-06-03,57,130,188,112
天津,2019-06-04,115,130,231,166
天津,2019-06-05,57,128,219,163
天津,2019-06-06,0,127,194,119
天津,2019-06-07,0,123,194,156
天津,2019-06-08,0,123,189,91
天津,2019-06-09,57,57,202,109
天津,2019-06-10,59,130,201,202
天津,2019-06-11,59,141,228,178
天津,2019-06-12,63,65,262,117
天津,2019-06-13,0,132,227,128
天津,2019-06-14,0,122,219,102
天津,2019-06-15,57,124,202,121
天津,2019-06-16,57,131,193,108
天津,2019-06-17,57,124,271,166
天津,2019-06-18,58,140,234,105
天津,2019-06-19,58,136,223,119
天津,2019-06-20,0,73,252,170
天津,2019-06-21,0,122,242,109
天津,2019-06-22,0,126,219,118
天津,2019-06-23,0,122,227,172
天津,2019-06-24,0,130,228,187
天津,2019-06-25,60,139,257,184
天津,2019-06-26,57,137,243,192
天津,2019-06-27,0,133,257,178
天津,2019-06-28,0,126,247,182
天津,2019-06-29,0,124,246,146
天津,2019-06-30,0,126,229,159
天津,2019-07-01,57,123,227,169
天津,2019-07-02,0,70,231,126
天津,2019-07-03,0,124,236,164
天津,2019-07-04,0,126,250,104
天津,2019-07-05,0,128,246,167
天津,2019-07-06,0,131,202,163
天津,2019-07-07,0,63,200,152
天津,2019-07-08,0,120,210,165
天津,2019-07-09,0,130,206,128
天津,2019-07-10,0,137,211,178
天津,2019-07-11,0,125,216,115
天津,2019-07-12,57,66,187,164
天津,2019-07-13,0,67,186,100
天津,2019-07-14,57,127,200,174
天津,2019-07-15,0,131,204,115
天津,2019-07-16,0,127,212,109
天津,2019-07-17,114,126,244,110
天津,2019-07-18,57,140,304,159
天津,2019-07-19,61,141,300,128
天津,2019-07-20,0,132,191,100
天津,2019-07-21,0,123,210,108
天津,2019-07-22,0,127,212,180
天津,2019-07-23,57,133,217,176
天津,2019-07-24,114,128,211,157
天津,2019-07-25,0,135,219,109
天津,2019-07-26,57,136,231,132
天津,2019-07-27,57,137,174,144
天津,2019-07-28,57,61,207,108
天津,2019-07-29,0,139,204,168
天津,2019-07-30,0,124,227,105
天津,2019-07-31,0,130,235,119
天津,2019-08-01,0,67,202,128
天津,2019-08-02,57,133,190,153
天津,2019-08-03,0,122,201,109
天津,2019-08-04,57,137,196,96
天津,2019-08-05,0,133,208,106
天津,2019-08-06,0,130,187,169
天津,2019-08-07,0,127,187,118
天津,2019-08-08,118,143,194,177
天津,2019-08-09,0,136,183,161
天津,2019-08-10,0,66,176,189
天津,2019-08-11,0,126,232,106
天津,2019-08-12,57,127,200,169
天津,2019-08-13,57,140,206,106
天津,2019-08-14,57,129,248,105
天津,2019-08-15,57,126,237,167
天津,2019-08-16,0,137,208,154
天津,2019-08-17,57,123,191,159
天津,2019-08-18,0,133,176,110
天津,2019-08-19,119,128,196,104
天津,2019-08-20,0,137,189,175
天津,2019-08-21,57,146,189,100
天津,2019-08-22,0,134,193,104
天津,2019-08-23,0,57,156,180
天津,2019-08-24,0,65,128,84
天津,2019-08-25,0,61,182,154
天津,2019-08-26,0,135,325,169
天津,2019-08-27,0,125,263,144
天津,2019-08-28,0,133,231,168
天津,2019-08-29,57,124,215,97
天津,2019-08-30,57,78,199,171
天津,2019-08-31,0,130,176,86
天津,2019-09-01,0,130,178,153
天津,2019-09-02,114,124,272,162
天津,2019-09-03,118,125,274,104
天津,2019-09-04,0,129,257,112
天津,2019-09-05,58,131,248,176
天津,2019-09-06,120,122,222,123
天津,2019-09-07,0,125,198,104
天津,2019-09-08,0,122,193,99
天津,2019-09-09,0,125,215,118
天津,2019-09-10,119,126,224,169
天津,2019-09-11,57,122,193,164
天津,2019-09-12,115,139,193,86
天津,2019-09-13,57,70,179,102
天津,2019-09-14,0,125,190,153
天津,2019-09-15,57,142,184,99
天津,2019-09-16,57,132,210,100
天津,2019-09-17,0,131,196,96
天津,2019-09-18,0,134,195,163
天津,2019-09-19,57,142,179,102
天津,2019-09-20,57,135,189,172
天津,2019-09-21,0,122,176,161
天津,2019-09-22,0,128,180,167
天津,2019-09-23,0,130,187,154
天津,2019-09-24,58,73,200,109
天津,2019-09-25,0,137,180,154
天津,2019-09-26,0,133,221,152
天津,2019-09-27,57,145,195,156
天津,2019-09-28,0,135,189,179
天津,2019-09-29,0,126,199,104
天津,2019-09-30,0,130,202,150
天津,2019-10-01,0,60,156,100
天津,2019-10-02,0,66,160,159
天津,2019-10-03,57,71,156,104
天津,2019-10-04,0,126,163,161
天津,2019-10-05,0,117,170,176
天津,2019-10-06,0,71,194,99
天津,2019-10-07,0,126,198,112
天津,2019-10-08,0,124,227,113
天津,2019-10-09,59,132,211,171
天津,2019-10-10,0,148,213,93
天津,2019-10-11,0,124,198,97
天津,2019-10-12,0,127,179,86
天津,2019-10-13,0,133,171,109
天津,2019-10-14,57,153,181,97
天津,2019-10-15,57,127,231,169
天津,2019-10-16,58,128,184,158
天津,2019-10-17,57,134,237,178
天津,2019-10-18,0,129,194,104
天津,2019-10-19,0,128,231,91
天津,2019-10-20,0,135,229,96
天津,2019-10-21,115,127,275,105
天津,2019-10-22,117,130,278,110
天津,2019-10-23,57,133,200,176
天津,2019-10-24,57,126,224,93
天津,2019-10-25,0,130,210,158
天津,2019-10-26,58,66,183,141
天津,2019-10-27,0,134,208,163
天津,2019-10-28,0,126,216,172
天津,2019-10-29,57,128,237,149
天津,2019-10-30,0,137,343,125
天津,2019-10-31,0,119,238,108
天津,2019-11-01,0,122,200,163
天津,2019-11-02,0,130,225,125
天津,2019-11-03,0,115,223,154
天津,2019-11-04,122,132,224,117
天津,2019-11-05,116,128,259,150
天津,2019-11-06,0,127,215,185
天津,2019-11-07,58,146,218,154
天津,2019-11-08,57,67,222,156
天津,2019-11-09,0,67,281,157
天津,2019-11-10,57,126,287,106
天津,2019-11-11,114,133,299,151
天津,2019-11-12,0,144,244,89
天津,2019-11-13,57,139,223,174
天津,2019-11-14,59,139,244,100
天津,2019-11-15,57,134,236,161
天津,2019-11-16,0,118,222,108
天津,2019-11-17,0,124,226,106
天津,2019-11-18,0,131,271,149
天津,2019-11-19,57,137,269,154
天津,2019-11-20,0,133,267,86
天津,2019-11-21,0,122,250,152
天津,2019-11-22,0,134,260,150
天津,2019-11-23,0,124,229,99
天津,2019-11-24,57,128,238,150
天津,2019-11-25,57,129,227,106
天津,2019-11-26,63,129,249,93
天津,2019-11-27,0,120,252,181
天津,2019-11-28,58,132,255,180
天津,2019-11-29,114,134,216,149
天津,2019-11-30,0,124,201,99
天津,2019-12-01,58,133,226,165
天津,2019-12-02,60,133,264,169
天津,2019-12-03,59,131,269,156
天津,2019-12-04,59,129,304,161
天津,2019-12-05,57,139,308,180
天津,2019-12-06,57,128,256,159
天津,2019-12-07,0,125,187,152
天津,2019-12-08,0,137,212,170
天津,2019-12-09,0,148,271,175
天津,2019-12-10,57,130,254,169
天津,2019-12-11,0,141,234,143
天津,2019-12-12,0,130,210,99
天津,2019-12-13,59,136,286,118
天津,2019-12-14,57,128,310,110
天津,2019-12-15,57,120,277,161
天津,2019-12-16,57,139,243,112
天津,2019-12-17,0,128,248,183
天津,2019-12-18,0,130,267,117
天津,2019-12-19,0,131,214,169
天津,2019-12-20,59,121,259,110
天津,2019-12-21,0,139,202,141
天津,2019-12-22,57,119,229,150
天津,2019-12-23,0,126,227,156
天津,2019-12-24,114,124,214,159
天津,2019-12-25,0,133,222,162
天津,2019-12-26,57,127,232,165
天津,2019-12-27,0,118,217,150
天津,2019-12-28,0,124,200,86
天津,2019-12-29,0,126,216,153
天津,2019-12-30,0,59,205,149
天津,2019-12-31,57,127,187,109
天津,2020-01-01,0,124,189,92
天津,2020-01-02,0,129,259,100
天津,2020-01-03,0,129,250,105
天津,2020-01-04,0,133,225,96
天津,2020-01-05,0,130,193,89
天津,2020-01-06,58,130,214,93
天津,2020-01-07,116,131,211,89
天津,2020-01-08,114,123,211,155
天津,2020-01-09,0,129,204,146
天津,2020-01-10,0,122,191,146
天津,2020-01-11,0,141,184,78
天津,2020-01-12,0,60,188,89
天津,2020-01-13,57,119,180,146
天津,2020-01-14,59,119,177,86
天津,2020-01-15,57,124,203,92
天津,2020-01-16,0,57,176,99
天津,2020-01-17,0,115,187,87
天津,2020-01-18,0,118,173,91
天津,2020-01-19,0,126,206,89
天津,2020-01-20,114,120,181,99
天津,2020-01-21,0,60,162,97
天津,2020-01-22,0,115,143,83
天津,2020-01-23,0,61,154,83
天津,2020-01-24,0,67,133,70
天津,2020-01-25,0,58,155,78
天津,2020-01-26,0,60,150,61
天津,2020-01-27,0,125,150,71
天津,2020-01-28,0,0,135,122
天津,2020-01-29,0,119,157,140
天津,2020-01-30,0,57,158,84
天津,2020-01-31,0,115,157,78
天津,2020-02-01,59,126,145,76
天津,2020-02-02,0,123,154,82
天津,2020-02-03,59,128,161,84
天津,2020-02-04,0,119,162,80
天津,2020-02-05,0,125,155,65
天津,2020-02-06,0,119,163,133
天津,2020-02-07,0,130,152,78
天津,2020-02-08,0,126,161,74
天津,2020-02-09,0,124,168,83
天津,2020-02-10,0,60,171,89
天津,2020-02-11,0,118,195,86
天津,2020-02-12,117,117,185,73
天津,2020-02-13,57,126,189,83
天津,2020-02-14,0,126,184,83
天津,2020-02-15,0,58,183,86
天津,2020-02-16,0,117,182,82
天津,2020-02-17,0,59,180,128
天津,2020-02-18,57,67,187,76
天津,2020-02-19,57,135,180,135
天津,2020-02-20,114,118,201,92
天津,2020-02-21,0,124,190,86
天津,2020-02-22,0,118,180,76
天津,2020-02-23,0,117,176,79
天津,2020-02-24,57,124,203,86
天津,2020-02-25,116,119,193,87
天津,2020-02-26,0,116,210,83
天津,2020-02-27,57,138,169,79
天津,2020-02-28,0,124,196,143
天津,2020-02-29,0,125,233,80
天津,2020-03-01,0,122,183,133
天津,2020-03-02,57,140,203,100
天津,2020-03-03,0,118,200,104
天津,2020-03-04,57,136,248,82
天津,2020-03-05,57,125,220,82
天津,2020-03-06,0,129,200,79
天津,2020-03-07,57,126,194,91
天津,2020-03-08,0,128,159,144
天津,2020-03-09,0,131,236,86
天津,2020-03-10,57,120,199,135
天津,2020-03-11,0,126,203,154
天津,2020-03-12,0,128,202,83
天津,2020-03-13,0,124,185,87
天津,2020-03-14,0,122,163,92
天津,2020-03-15,0,133,190,140
天津,2020-03-16,114,130,178,78
天津,2020-03-17,0,129,203,95
天津,2020-03-18,0,141,201,84
天津,2020-03-19,59,160,205,91
天津,2020-03-20,0,138,194,82
天津,2020-03-21,0,129,170,155
天津,2020-03-22,117,132,188,118
天津,2020-03-23,0,126,232,92
天津,2020-03-24,114,126,222,91
天津,2020-03-25,57,122,210,87
天津,2020-03-26,0,124,182,79
天津,2020-03-27,57,132,225,79
天津,2020-03-28,59,129,173,87
天津,2020-03-29,59,123,182,92
天津,2020-03-30,118,130,231,78
天津,2020-03-31,57,128,190,146
天津,2020-04-01,57,125,186,86
天津,2020-04-02,114,128,205,146
天津,2020-04-03,0,134,210,83
天津,2020-04-04,0,69,193,139
天津,2020-04-05,0,65,159,141
天津,2020-04-06,0,123,167,69
天津,2020-04-07,0,126,180,93
天津,2020-04-08,59,126,195,154
天津,2020-04-09,57,130,228,151
天津,2020-04-10,57,123,200,131
天津,2020-04-11,0,115,186,146
天津,2020-04-12,0,126,178,87
天津,2020-04-13,57,121,201,91
天津,2020-04-14,57,143,185,83
天津,2020-04-15,57,128,185,137
天津,2020-04-16,0,134,207,83
天津,2020-04-17,116,125,201,86
天津,2020-04-18,0,132,180,96
天津,2020-04-19,0,120,188,150
天津,2020-04-20,0,132,214,151
天津,2020-04-21,0,126,212,84
天津,2020-04-22,57,120,242,87
天津,2020-04-23,61,61,219,70
天津,2020-04-24,57,126,219,83
天津,2020-04-25,0,122,217,92
天津,2020-04-26,0,128,204,133
天津,2020-04-27,57,67,217,93
天津,2020-04-28,0,128,210,83
天津,2020-04-29,57,127,192,73
天津,2020-04-30,59,124,181,128
天津,2020-05-01,0,119,200,71
天津,2020-05-02,57,117,171,71
天津,2020-05-03,0,58,171,78
天津,2020-05-04,0,120,201,87
天津,2020-05-05,59,118,251,84
天津,2020-05-06,57,130,257,146
天津,2020-05-07,0,131,250,89
天津,2020-05-08,0,124,234,89
天津,2020-05-09,0,71,206,96
天津,2020-05-10,59,61,187,93
天津,2020-05-11,0,126,257,76
天津,2020-05-12,57,126,248,99
天津,2020-05-13,57,63,210,100
天津,2020-05-14,57,124,215,84
天津,2020-05-15,59,127,211,150
天津,2020-05-16,0,132,189,93
天津,2020-05-17,0,120,191,139
天津,2020-05-18,57,124,206,95
天津,2020-05-19,57,115,294,130
天津,2020-05-20,59,124,221,74
天津,2020-05-21,0,134,214,86
天津,2020-05-22,0,124,205,83
天津,2020-05-23,0,58,218,78
天津,2020-05-24,0,122,198,149
天津,2020-05-25,57,116,195,91
天津,2020-05-26,59,129,186,80
天津,2020-05-27,59,133,200,156
天津,2020-05-28,59,122,249,82
天津,2020-05-29,0,124,208,143
天津,2020-05-30,57,131,171,74
天津,2020-05-31,0,129,183,93
天津,2020-06-01,57,138,199,86
天津,2020-06-02,59,117,218,80
天津,2020-06-03,120,129,242,78
天津,2020-06-04,0,129,234,84
天津,2020-06-05,0,132,200,144
天津,2020-06-06,59,124,186,78
天津,2020-06-07,0,126,191,86
天津,2020-06-08,0,126,187,84
天津,2020-06-09,0,138,194,87
天津,2020-06-10,0,130,210,143
天津,2020-06-11,57,128,184,133
天津,2020-06-12,57,130,187,83
天津,2020-06-13,0,124,170,91
天津,2020-06-14,117,117,171,76
天津,2020-06-15,0,136,201,137
天津,2020-06-16,121,125,252,141
天津,2020-06-17,57,126,204,80
天津,2020-06-18,0,125,199,80
天津,2020-06-19,57,121,202,140
天津,2020-06-20,63,124,188,93
天津,2020-06-21,0,63,191,79
天津,2020-06-22,58,122,214,89
天津,2020-06-23,0,119,167,141
天津,2020-06-24,0,120,197,144
天津,2020-06-25,0,63,171,149
天津,2020-06-26,0,124,162,84
天津,2020-06-27,57,117,199,145
天津,2020-06-28,0,122,197,87
天津,2020-06-29,0,131,195,150
天津,2020-06-30,57,129,214,84
天津,2020-07-01,0,127,312,152
天津,2020-07-02,59,126,307,80
天津,2020-07-03,119,127,238,84
天津,2020-07-04,0,123,201,96
天津,2020-07-05,0,115,276,99
天津,2020-07-06,114,70,272,99
天津,2020-07-07,0,122,229,146
天津,2020-07-08,114,122,220,155
天津,2020-07-09,0,126,213,133
天津,2020-07-10,0,118,205,87
天津,2020-07-11,0,127,191,79
天津,2020-07-12,0,118,196,79
天津,2020-07-13,0,123,177,80
天津,2020-07-14,0,65,220,136
天津,2020-07-15,0,120,196,91
天津,2020-07-16,0,130,206,82
天津,2020-07-17,0,141,195,99
天津,2020-07-18,57,127,178,83
天津,2020-07-19,0,60,168,79
天津,2020-07-20,57,126,207,151
天津,2020-07-21,59,124,198,104
天津,2020-07-22,0,127,201,149
天津,2020-07-23,61,129,201,142
天津,2020-07-24,0,133,183,141
天津,2020-07-25,0,120,169,83
天津,2020-07-26,0,118,152,129
天津,2020-07-27,0,117,178,133
天津,2020-07-28,0,122,202,152
天津,2020-07-29,57,115,181,137
天津,2020-07-30,59,61,191,142
天津,2020-07-31,57,119,165,133
天津,2020-08-01,0,57,160,79
天津,2020-08-02,0,65,158,73
天津,2020-08-03,59,129,193,78
天津,2020-08-04,59,133,184,136
天津,2020-08-05,58,131,196,159
天津,2020-08-06,57,126,192,144
天津,2020-08-07,57,119,176,143
天津,2020-08-08,57,126,163,140
天津,2020-08-09,0,126,167,83
天津,2020-08-10,57,130,180,83
天津,2020-08-11,57,120,168,149
天津,2020-08-12,57,122,200,140
天津,2020-08-13,0,122,190,128
天津,2020-08-14,57,127,201,146
天津,2020-08-15,0,127,186,132
天津,2020-08-16,0,123,182,146
天津,2020-08-17,61,124,206,140
天津,2020-08-18,59,127,216,133
天津,2020-08-19,57,119,204,172
天津,2020-08-20,57,127,191,148
天津,2020-08-21,57,129,213,148
天津,2020-08-22,0,124,181,137
天津,2020-08-23,63,120,174,139
天津,2020-08-24,57,127,169,152
天津,2020-08-25,0,129,175,143
天津,2020-08-26,57,122,194,133
天津,2020-08-27,57,121,179,137
天津,2020-08-28,0,128,213,76
天津,2020-08-29,57,61,176,148
天津,2020-08-30,57,117,179,137
天津,2020-08-31,57,122,193,151
天津,2020-09-01,57,129,201,151
天津,2020-09-02,0,120,188,80
天津,2020-09-03,118,119,184,79
天津,2020-09-04,63,129,193,136
天津,2020-09-05,57,115,173,154
天津,2020-09-06,0,118,172,79
天津,2020-09-07,57,124,207,142
天津,2020-09-08,0,126,191,140
天津,2020-09-09,0,124,206,145
天津,2020-09-10,0,128,178,136
天津,2020-09-11,57,120,193,128
天津,2020-09-12,0,131,184,126
天津,2020-09-13,0,122,165,134
天津,2020-09-14,118,126,215,131
天津,2020-09-15,0,119,208,91
天津,2020-09-16,0,131,208,154
天津,2020-09-17,59,127,211,153
天津,2020-09-18,59,128,174,137
天津,2020-09-19,0,115,167,145
天津,2020-09-20,0,123,171,140
天津,2020-09-21,57,124,205,137
天津,2020-09-22,0,124,202,144
天津,2020-09-23,57,125,217,82
天津,2020-09-24,0,131,212,155
天津,2020-09-25,0,69,197,148
天津,2020-09-26,57,114,250,78
天津,2020-09-27,57,120,188,150
天津,2020-09-28,57,70,198,169
天津,2020-09-29,61,124,187,143
天津,2020-09-30,70,126,193,69
天津,2020-10-01,0,60,150,74
天津,2020-10-02,57,117,154,76
天津,2020-10-03,61,60,146,79
天津,2020-10-04,57,123,159,79
天津,2020-10-05,59,65,199,137
天津,2020-10-06,57,117,179,84
天津,2020-10-07,120,138,200,149
天津,2020-10-08,59,128,215,137
天津,2020-10-09,0,122,204,82
天津,2020-10-10,57,141,183,89
天津,2020-10-11,57,120,180,83
天津,2020-10-12,65,132,216,150
天津,2020-10-13,57,126,208,86
天津,2020-10-14,57,134,184,102
天津,2020-10-15,0,127,184,141
天津,2020-10-16,0,136,201,142
天津,2020-10-17,0,122,179,71
天津,2020-10-18,57,59,178,133
天津,2020-10-19,57,133,189,76
天津,2020-10-20,0,124,240,144
天津,2020-10-21,0,129,193,150
天津,2020-10-22,0,127,244,135
天津,2020-10-23,58,118,216,155
天津,2020-10-24,0,120,217,154
天津,2020-10-25,0,61,250,146
天津,2020-10-26,57,133,262,145
天津,2020-10-27,0,124,234,146
天津,2020-10-28,57,133,239,133
天津,2020-10-29,0,126,226,149
天津,2020-10-30,59,117,212,70
天津,2020-10-31,58,117,187,130
天津,2020-11-01,0,60,171,141
天津,2020-11-02,114,124,225,147
天津,2020-11-03,0,129,436,164
天津,2020-11-04,116,137,405,148
天津,2020-11-05,57,124,305,84
天津,2020-11-06,114,131,312,157
天津,2020-11-07,0,121,267,149
天津,2020-11-08,0,118,251,135
天津,2020-11-09,57,124,227,154
天津,2020-11-10,59,122,216,110
天津,2020-11-11,63,128,242,149
天津,2020-11-12,57,134,225,148
天津,2020-11-13,0,126,244,152
天津,2020-11-14,57,122,201,150
天津,2020-11-15,57,129,195,146
天津,2020-11-16,0,120,260,82
天津,2020-11-17,59,67,221,153
天津,2020-11-18,57,130,233,153
天津,2020-11-19,57,122,258,164
天津,2020-11-20,0,124,221,156
天津,2020-11-21,0,122,185,82
天津,2020-11-22,0,120,213,78
天津,2020-11-23,0,117,255,104
天津,2020-11-24,57,133,262,150
天津,2020-11-25,0,128,232,153
天津,2020-11-26,57,122,226,95
天津,2020-11-27,0,138,372,152
天津,2020-11-28,57,120,340,161
天津,2020-11-29,0,134,255,146
天津,2020-11-30,0,126,1089,154
天津,2020-12-01,57,124,470,169
天津,2020-12-02,57,142,334,156
天津,2020-12-03,0,121,267,160
天津,2020-12-04,0,131,273,152
天津,2020-12-05,0,65,246,152
天津,2020-12-06,57,124,252,93
天津,2020-12-07,0,118,258,93
天津,2020-12-08,0,122,256,161
天津,2020-12-09,0,122,235,159
天津,2020-12-10,0,129,245,133
天津,2020-12-11,57,118,223,137
天津,2020-12-12,57,67,221,136
天津,2020-12-13,0,127,209,136
天津,2020-12-14,57,131,223,91
天津,2020-12-15,58,139,250,137
天津,2020-12-16,123,123,249,89
天津,2020-12-17,57,128,229,87
天津,2020-12-18,57,118,219,144
天津,2020-12-19,57,122,229,150
天津,2020-12-20,0,119,210,76
天津,2020-12-21,59,122,225,82
天津,2020-12-22,58,127,213,143
天津,2020-12-23,0,132,201,126
天津,2020-12-24,57,132,195,154
天津,2020-12-25,0,124,179,161
天津,2020-12-26,57,69,170,95
天津,2020-12-27,0,118,203,135
天津,2020-12-28,59,133,203,73
天津,2020-12-29,0,122,193,73
天津,2020-12-30,57,133,182,82
天津,2020-12-31,0,63,167,133
